f0,f1,f2,f3,f4,f5,f6,f7,f8,target
0.6200931975868672,1.046830931068694,-0.06485458726293292,-1.4517257755761699,1.2929753134416282,1.4530947777065282,1.6770835293390558,1.292885367660991,2.193144027594181,1
-1.8259010941126057,1.6193661661017624,-0.5633650484202921,1.7604162458930834,-3.36025273735917,-2.3664847820212707,1.6555465737661628,-0.19490790474026043,1.1921141097859018,0
-1.4047652216670008,2.3901287575565844,1.3135022022436558,-3.2080194261973114,3.030799754752281,-0.11752605956070106,1.018725401292619,2.1810148181332236,3.2372828486216467,1
-1.409679294659649,-2.0262458515751884,0.8448848258372579,-0.7033563093957247,2.2293670039777735,-0.8416987856496561,0.21959471130147556,-0.9936792434495775,-0.3666528589409811,0
2.9971982917191387,3.7895268779573774,-1.7296058828103504,-0.14037838796423907,-1.5939639217672161,0.048213941016089334,1.4888985795362353,3.2282765779123244,2.8236412703279146,0
0.1705660267701262,1.4578255730499097,1.5466705393957896,0.008043470470814107,-0.014080688478859724,-0.9161632449912215,3.62153090416627,0.7390033158529312,2.9223867499084175,1
1.9279491802420827,-0.19946708403533964,1.1711019605659025,-2.319196685865987,3.7053228401728298,1.9009627400781235,1.7772125199930668,1.203772371718893,1.9635540123953257,1
0.7031563164196175,-0.9390667172310998,-2.8653543968147304,2.327939542256638,-4.376586584499121,-0.8733904151323073,-0.7852561891596022,-2.4620343557564697,-1.6080309774464088,0
0.02197329596321629,0.5665965318729597,1.0809016292873321,-0.2908339038160904,1.3514935756509148,-0.6258577221405064,0.2169203462049889,1.4031344492043116,0.3810385235346692,1
-0.002685725863242228,0.3166690014179502,-0.6227577058978673,0.00946051565236039,-2.385758467848552,-0.2854362025694135,0.8412162585261266,-2.3211283223831733,0.978911129166933,0
-1.998605566555507,0.7987878087793028,0.7239112304524062,0.9269014796564683,-2.3808836613660924,-1.7168401507678492,2.211665743440089,-1.5407217918778904,1.5103033562138743,0
1.1508346496843629,1.1648754099961192,0.2535929405979296,1.7191291858823394,-2.836685798943026,-1.694193363404206,2.1211762612881255,-0.5001702349047037,1.1686824585244373,0
-0.15818937982219936,0.18590934315105223,1.1014782376464431,-1.7627747867608523,2.122521006676408,-0.05671959672886606,2.030512550468125,0.17497357285022908,2.265309206112202,1
0.21960168181354867,-2.3089024743975353,1.0352614183516686,-0.4855579502392129,3.837737296820023,-1.9082174757605674,0.06901028843803625,0.7273436241784834,-0.7687703822716245,1
-1.181190940595717,0.7306874401433476,-0.8239908468623891,1.3626111008893265,-1.8312489433360115,-0.8126260649308931,1.4945599954807378,0.4736780914837393,0.7385446852971305,0
-0.857134710434541,-0.4735431359200496,-1.2602924104885975,-0.16273656127663982,1.5250708720462247,-1.3921106667520367,2.092101733643612,1.5759017502481476,1.4563102487248145,1
-0.01602499041361854,3.7606185533507106,0.11442899067479573,-2.535205641352656,0.691808023274411,-3.732343054005036,4.7492585019609574,1.8206887006528731,6.51538429462054,1
-0.4307304649660178,-2.5402005300769703,-1.002486720030788,-0.3549183940834646,3.565212235024917,-2.3494154656347517,0.538012119317114,1.2414714107839824,-0.3581749083733753,1
-0.02576935587725707,0.24686626225249086,-0.36582685590950714,-1.5885123732958637,-2.0446743168160464,-0.11161658701175381,0.5236014147702288,-3.9481736550191204,1.6802731987112383,0
-0.019476465301345502,-0.5109143020521305,-1.8872047907142413,3.3618396056286146,-2.8260986636948235,-0.23146039983519406,2.983077628290606,0.6297820005206352,0.13804156168471715,1
-0.6594268872163145,-1.7915701343961605,-2.120877887292102,-2.0344810839240557,1.2414324747131402,0.3791476602754762,-4.12848494490744,-1.7195495352979981,-2.104184379139393,0
-0.5328515408601846,-1.2612099096625249,-2.087480231156966,2.3905090311265296,-2.8024220921557284,-2.68131125791257,0.24465700348889152,-1.4247640751029211,-1.1134801991068288,0
-1.3313494413752138,-1.4787199047120128,-2.244652791273791,2.2853479696840964,-0.4788910337396947,-0.740886535081965,0.02319136988744186,1.3676256040593056,-1.6585911365945498,1
-0.6432484312125671,1.9772574589303433,-1.4135092530666542,0.33031108033390244,-4.298699869943443,0.2083015957624199,0.36553520219283686,-1.871716408854906,1.2789165596407601,0
-0.6773622287217693,-1.1329177934210626,1.4143100052071542,0.04240665162372448,1.3027040587825578,-1.3786773987533214,0.17210110359389774,-0.5489872497508586,-0.4553658123418858,1
-2.2366451532207154,-0.7149234868636962,-0.760266862300403,-0.004246970841097486,1.85131723972098,-1.9014795157613595,1.2229826821218965,1.6015735244855311,0.6526234563163731,1
1.8458013203719315,-0.413644938420648,1.9476885077239057,-4.806885203523287,6.68987744512175,0.3976638582093319,0.47441182964003226,1.259480189860452,2.3922489248828707,1
-1.0937684002255086,0.7381209678034024,1.9044249723780649,0.5491414511181483,-0.7708263190595906,-3.5709173906895875,0.14427468047029213,-0.7657107101000731,0.2610157199612373,1
-0.9117978816606773,-0.02286743025151361,-1.9829303676123908,1.7556694495744782,-0.26322304680199765,-0.8280710886135413,0.27200197705257145,2.612574012693403,-0.6422491186236544,1
0.774914554913987,5.020549056097922,-0.7205934582439006,1.196092416862724,-3.6866174891842496,-0.6769991510193138,2.2198095457778373,3.0458912469857005,3.0903178942413314,0
-0.17732278789003864,-0.6088185965263477,-0.026451805152227337,0.2047546255932553,-0.08393383985313502,-0.4570700962722669,-1.1205354885941734,-0.5899556489499541,-1.0584964786707411,0
-1.4375457814444081,0.2564546750467256,1.9660511305836308,-0.3857423591140716,1.848508066024451,-0.10022241058807979,0.6315536078866572,1.1275421789218225,0.42185624341149935,1
1.4050555856028935,-0.03307360120560343,1.2520082250351563,-1.0643754095525921,2.179358865332266,-0.11164005177167291,-0.3804820932794397,0.7969054498382317,0.10330880164519045,1
0.24126737526553343,-0.5131789398318618,-1.509547066458341,1.0145567571995424,0.1254843356421242,-0.6333234608010301,1.2728219135538863,1.3889517343356603,0.21692766489582427,1
-0.7120406554180231,-1.500432950850648,-1.230574266748055,0.5695109046566207,0.5064105110514319,-1.3493625206308435,0.18578603537391558,-0.016475760649876103,-0.5948953541859503,0
1.3173839179398212,3.547307748697248,2.59622223834245,-0.11026573434472242,-1.3666368492892753,-2.8821743830593514,4.224036023110351,0.6692538549727427,4.401423476384079,0
0.2964675660492255,-3.2069181953464505,-2.407471095823028,-0.19942446904092992,3.602468009062075,-3.6473204311118725,-0.8042464806733185,1.3013798456040646,-1.350903260581093,1
-0.031403016924503806,-0.48680135222436216,-1.1452144454080273,-0.059588997115924025,1.458448418597736,-2.5408727191107108,2.085364847400245,1.4244587413298972,1.4888430737605012,1
-1.5477064012411874,0.28118750589382924,2.6376922026256966,0.4555512563388271,0.9001483855460484,-0.4500639313998337,-0.6648803938077279,0.623951522312334,-0.9216333410973777,1
0.7466848560946794,-0.9219538253616915,-0.04215452206937975,-2.245476871895031,2.13226080767647,-1.9848481205070057,2.0763967168548865,-1.3154313669906634,2.4839949595925144,0
-0.8003406320359496,2.1615798866557574,2.8011118022121986,-2.33116030474741,2.471901799571417,-1.0982193869798649,1.1472856176606325,1.3744823720101615,2.682850252612953,1
1.2913307290649598,-0.4330613211502967,-0.5830163699688748,2.0950532482727486,-2.2124899994241747,-3.2191828109472334,1.5504124323246726,-0.9056967301456328,0.1193722449583963,0
1.873576393897136,-0.8354210940208805,-2.72348070784299,-0.5367387924949438,0.19736122424438893,-0.6175447797223417,-1.4557724069825277,-0.0076092913031270415,-0.646689000539188,0
0.4234583318303899,1.8077804558123016,1.5821531077101785,-2.8328741972081506,3.0587409658565683,0.5337877172895824,-0.9102776244070221,1.9482627044042435,1.3894005019917417,1
0.5408282103844916,-2.569450159271688,-0.7255114988080473,-0.9426038410049248,0.9856090554102062,-3.8662752747941336,-0.8584526401603709,-2.9392961043559076,-0.5858004330672996,0
0.12991890441127968,-2.1003786023203133,3.182252672622582,0.7358390463320055,1.7787248309434147,0.3245213457833669,-0.9366562282176996,-0.9997108401325647,-2.3867606261368755,1
0.6025353655868659,-1.0985925105134695,0.8676147211973022,1.5084314440255495,-1.0905534320199473,-2.645715218882154,0.8329393250273311,-1.6481557512901532,-0.5384927396513779,0
0.6429931547333338,3.6185738997187356,-0.7530793521584993,-1.0858663246701172,-0.4129868419944406,-0.9349903484047205,3.1999622012822186,2.7384487942318945,4.407450830233321,1
-1.5730085426495004,3.0469477946482875,-0.16840335210618707,-0.9598604031155624,-1.9956971916483395,-0.1992833782563922,1.7392265077600886,0.05281693255884279,3.1402688737552293,0
-1.20430893253951,1.1388393554171674,0.6574368988090467,1.1628215613359292,-3.459385894967094,-1.4866317193386598,1.9542616687966277,-2.1360493303823214,1.3949540724229332,0
1.3867806572852113,-0.4273974921024799,-2.840254731424695,2.457104698331783,-4.242098262354619,-2.271157473837202,-0.44648360074103377,-1.6939267822055797,-1.146242435384815,0
1.5692411812847087,-0.22225248756749671,-0.7321668880091574,1.4930193545585215,-3.5915572848595425,-0.9494033599639594,0.791309316656236,-2.7463282623586824,-0.01636025724433885,0
1.0008030433825523,0.3899165403333682,-1.0794840315581866,1.9424695127315548,-2.2027582577402214,-0.8321030039920341,1.1691802368867017,0.4183526346665898,0.0829165924778131,1
0.15839195575246848,-0.7826997367779783,-0.669650970682099,-1.9207135410778162,2.061652036549053,-0.8591401106740899,0.8676029097113505,-0.3851412857848915,1.473803524396806,0
-0.23861702851060518,0.7616778418442012,-0.38045865187611116,1.3451061535506972,-2.14570537724825,-1.6368233859807158,1.7566552516905585,-0.21826924260950187,1.0033761021601462,0
1.3986246105594142,-0.6150736950163869,-1.3669389191017944,-0.16009347603640378,-0.6224829132898131,-0.2113998048582585,-2.1454498336899004,-0.9527854496149748,-1.3654773640632538,0
0.6951645831510663,-0.7927137880684656,-0.7096982948401729,1.2264044976087969,0.03597630473953508,-0.9653675933397687,1.8696052165440025,0.7292296882636506,0.3416308763451699,1
-0.7651346671096204,0.17221864810449494,0.595699231030928,-1.8419776676869541,2.236743968764218,-2.9920286293408527,0.47478583509404526,0.22525241752327163,1.5906950065787138,1
-0.24718536535441432,0.6566706536494336,-0.45921530156214485,-1.1314005169200296,0.12921564248446454,0.41667449813848934,-0.3021718663928129,-0.08714655503937363,0.7540935614320956,0
-0.08185774635966271,0.654544796501658,-3.4707838697419664,3.3135332843298926,-3.9812589756155297,0.5805682207255594,3.4658790416625145,1.4025699228135584,1.1090511671473977,1
0.2862782230818843,-1.6517556820301182,-3.6563059991582176,4.304619156242272,-4.872685386304473,-2.6147593238184097,-0.8270348668607479,-1.3961812014532722,-2.867044176332119,0
0.7254915722630145,-0.8120352202588059,2.5559191779938573,-1.082820834145688,3.584133521367817,-2.225659189819547,-1.172697448877614,0.7433654362331685,-0.7549908782109792,1
1.5640140182118132,-3.106897296323219,-0.875848464413102,0.42237420340626874,2.4479946224100355,-1.8355461317104715,-1.2611618074965056,0.12447814130319912,-2.2392847562871516,1
1.0468009034913464,1.1360931769601441,0.34909184943995764,-2.388250257948605,2.7018831683544926,-0.4766933060067007,2.3831443065481066,1.6350941188948274,3.3204837127381777,1
-1.1436713015390583,-1.2034811509319097,1.0088555349267798,1.196447051819237,-0.36420469468385686,-2.545895157460732,2.1144297074724996,-1.3378664983695692,0.3943242880570207,1
0.09336519293159469,-1.6596455513274655,1.635326252957928,1.354255159064333,0.6560016826860253,-2.0624137646488574,2.0706606330583375,-0.6987557103025415,-0.1056945605373324,0
1.1259303306340565,0.6533149404021468,1.295822377341067,-0.5878584405557921,0.8739528382286199,0.4209870593176024,0.05444031255547821,0.5657105349150975,0.4114526707460673,1
-1.5301309287433318,0.9455887966226822,-1.487504712229758,-0.6590446151115648,-4.0715817428360745,-0.8221487261261566,-0.25257960410721614,-4.024605476642284,1.189809374293939,0
1.4533971058146764,-0.08133164586653963,-0.8017265154776857,0.5425118548974512,-4.3017592267252756,-0.29299339804647595,0.17782374912257437,-4.450474239821663,0.23202302107504338,0
-0.34322606870467587,-2.183377531415702,-1.8297846133829179,-1.5743813999328924,1.9861176552831443,-2.50864710134179,0.29685301733876823,-1.3081956616927266,0.6231586725242035,0
0.08303819981330346,-1.3142745835282024,-0.45459691142392544,2.557242223315738,-1.736584040741816,1.4837642871919137,3.2887852144768956,-0.4838188012300615,0.1474572671158558,1
-0.5891435454843897,0.12511005197314273,-0.18288972330130238,1.6954465829847871,-2.327756582772753,-3.0027860955889856,1.7491302648700362,-1.035676593966375,0.6671214800867524,0
-1.498281809324653,-2.436180272912556,0.2669283673807785,0.10178701933004097,1.101224132029362,-2.06638129340208,0.2515468190419843,-1.7794511720775592,-0.7342970096978586,0
-0.879870404710092,2.490431543732642,2.052241002356456,-1.6490829644401104,1.7546958448124903,-1.2773277091672448,-0.47000926701587575,2.088865590758492,1.4397064633660208,1
1.1104972790915768,0.36258438369225243,-1.243829504063368,0.9154285078726281,-2.380635963837235,-0.44144476829470436,3.448135553356696,-0.988313039749418,2.250752497732721,1
-0.321169399043682,-1.9888219203515143,-2.6714311922440843,1.6019961354446126,1.1363819040010792,-2.265763409674485,-0.6491147593649229,2.058770698260221,-1.8216759117015553,1
-0.9959971069613903,1.709231853515118,-0.5973789303142178,-1.6776170258259269,1.8184179987933469,0.27483725116113833,1.3638968439187615,2.6419653658791713,2.496253522337092,1
-1.6965825400425936,-1.6630587153896514,-1.7057931678893197,-1.737247397738567,2.371797954041551,-0.6201059808355042,-0.6834361845929987,-0.23629225198176063,0.031526341684513084,0
1.0742732974201217,-0.7787676250412062,-2.617676265761688,-1.6668295548566092,0.24044157530794716,1.059235633010271,-4.45288534384496,-0.9919069767609483,-2.1037963037860377,0
0.48266502604130657,2.107784226194764,-1.8931878673279698,0.7350472744926466,-2.1926003534581766,-1.2501210093870387,0.980298549045454,1.4595647517480161,1.4883981177729433,0
0.14116624938799208,-2.5236826568236985,-0.18769922743968726,0.4501181510848301,2.728231779095989,-0.24182659434274478,0.45652848811570856,0.9560828779147117,-1.1292420263913618,1
-0.021418294952336624,-0.12346366420699773,0.6140972944966852,-2.628401511690815,3.3036821218681642,-2.0573811073154333,-0.2534492865798226,0.3902682948665247,1.3001095932020865,1
-0.6217656875888323,1.3652361809532665,-1.926196154725213,-0.9095357754680835,0.44902080279540485,-2.1742504909750484,0.7831191346782871,1.8722134692078742,1.9790711485325538,1
0.27046350873055675,0.784113815162554,2.349852518412438,-1.859970471910138,2.02755767532534,-2.531733712034172,0.12428458281444776,-0.1589675160541799,1.4001325719524538,1
-1.1973976863003002,-0.8136459548605229,-1.85815686715309,-0.5148057945267368,2.7189536117048836,-1.972681274588799,2.30189153238419,2.4843973199727545,1.701900415299801,1
-0.4326944606082731,0.5322731066106008,-0.4543973749899628,2.4107855433415826,-3.205232345900258,-0.631411649109236,1.6213493406270336,-0.42681361447812294,0.15214671568647362,1
-0.7316332651872413,0.2768434345775441,-0.46930046462154784,-0.4960828803704991,-1.8090664890189643,-0.2949632009282195,0.906818317184198,-2.321818742634953,1.2637123699914392,0
0.153427380385389,2.1060639762905513,1.6810878372004834,-0.593601245902037,-0.30330787258199665,-2.5421458813308826,3.0950259145012726,0.24020769811801046,3.3662837230970095,1
-0.46052342116131384,2.0666777919192656,-0.1557334205506189,-0.8257348397221871,-0.08323526550313946,-1.4742801608684895,2.1225917796284923,1.2708329794022977,2.8982709453471793,1
0.047514634761288484,1.862623201646472,2.50054844898714,-5.110404734403444,5.616138936648005,0.7278996247658869,0.3866911415151765,2.0498165153524894,3.392892391432044,1
1.2124909440819793,0.8822961155837181,-1.2805678104366822,-1.6364236013000892,0.39098619704344956,-1.5389388204505512,1.1310201351077787,0.09541980647751824,2.3722655017438155,0
-0.23781388214842067,2.2466552387575485,-0.8733875736935458,2.040455503233323,-3.7332828403171874,-2.1022268109377134,1.5943256682131488,0.6053881490831812,1.2469420811555938,0
-1.0260618308923926,-0.08445547291318745,-0.7519091676609585,0.5484011765224761,0.551143759352805,-1.7232670219212158,1.0373686664780966,1.4021721570255372,0.5116360450643155,1
0.11804946668977437,4.038862842409621,-0.19870642466630062,0.8058663742114482,-3.483511579950968,-0.21631190151046498,2.154631311789948,1.449093767964698,2.8100416106582577,0
1.4204009231298556,-2.101611753816539,1.5474813958855345,0.9829278903977512,0.627330427222151,-2.776584376215891,1.1346149413294495,-1.6928929001126047,-0.5854576155622884,0
0.01877772338794696,-1.382761671030425,-2.0453069261100714,2.9933949018439057,-4.394660861072664,-0.548030554131438,-0.13046015603576233,-2.6466554188023546,-1.8667030788955368,0
-0.9901750385704507,-3.05122871945761,-0.6141619133463444,-0.08340119254632339,3.0300909034138663,-1.2086237271635922,0.5978465789254713,0.19319330185023698,-0.7850975907638119,1
2.847009588957641,2.9439878885115123,0.6619987278281034,-1.2326751470630755,-1.029801032204137,-0.15722817961589286,2.4257554945565545,0.3726276996876645,3.566274063219659,0
-0.7376262652708545,0.007982593383317083,-0.9724381903678443,1.400761472482056,-3.2068729206622204,-1.2118692769891228,0.7662804219879027,-2.0017491535550107,0.1271535664002227,0
-0.3522173188974568,1.9632365062429011,-1.5843893948630199,2.2169461801384065,-4.211451900520617,-0.7645807446249107,0.9300650794967577,0.39372893077800697,0.5611835883693839,0
-0.30837846923364687,0.41461927210399785,-1.1192112313576166,3.8948542978796405,-3.6149519037231364,1.0867663738632576,0.3800162087637261,1.2055610923150593,-1.7366421238478078,1
-1.2663586548464094,1.2174383143968952,-2.8257381939652477,1.3286797604633915,-2.66622383752858,-0.5275234573751232,4.08695953242672,0.9387777922769547,2.9279388686337997,1
-2.5258316858046084,2.0688224013460528,-1.4541554374069432,0.7471647821007268,-2.79097864969928,0.9487617466263079,0.9773503865015104,0.6772357863642815,1.2585612138553675,0
0.34087079134628084,-0.3364880260117682,-1.5320965449620934,2.168948703250976,-3.0873043733380676,-1.8576549797826019,0.6692223709826017,-1.1449677464551133,-0.4481633088385779,0
2.0305457232242023,1.4517356489098394,0.9960476786589669,2.733104483355548,-3.2738947733038977,-0.029471709182907202,0.22018531324120183,0.33383373509207437,-0.8421136962392047,1
-1.292966012403528,1.979111695148061,-0.9581185121552104,0.963335613184954,-3.0782994456135078,0.2272982756656583,1.2800490609193746,0.12935777532100445,1.3394139088968393,0
-0.11621726325138722,2.8063113949819476,0.16947053861429384,-2.6219761808579554,2.3691326124934053,-0.4784850594184413,1.5386635068831016,3.0689959744397464,3.577270810035096,1
-0.6840434450400951,-1.548744208308924,-0.012091062388436602,-0.7244961420358311,3.659114025497069,-2.180346605009822,-0.6756201317616959,1.6681821513525654,-0.6875289515498213,1
0.33262078478103885,2.391430979989492,2.4127113350061764,-0.41149183217113217,-0.25419475752118764,-3.0728070764780964,1.4628618474498136,0.48486105166080096,2.236941945229789,1
-0.8313214091256161,0.4033070852102121,-0.6928852277444808,0.8041373723735361,-2.6974156999672236,-0.9644889818671838,1.0407195833629255,-1.7165704118307565,0.7427992819545723,0
-0.9416177655837017,0.07832190303582065,-2.8671729689763463,3.212822572214334,-3.4672965093507293,1.0184410082181623,2.769879194272238,0.9941398404514341,0.34037425396795684,1
0.6690447424705321,1.7644146764727322,-1.2032115915899766,-1.4664248845473964,1.0413560318252633,-0.03826387675935239,3.7844495359343844,2.183111910373838,4.170015725008499,1
1.259045004063905,-1.548650739026293,-0.010634681900763332,2.3322132402527593,-1.9430023645207521,-3.4764453886174906,1.7326471415293525,-1.9534749672246545,-0.3831517845820372,0
0.0612527103403872,-1.1529901515283856,-0.7279555810910309,-0.12674972764469006,0.37047424241963667,0.14138149855218174,-1.7119316543388203,-0.6262359692193328,-1.4822081129699096,0
1.7135297293402796,-0.6519937131478262,0.5529839175342,-0.5087003171394917,0.27597331967776617,-2.634325205835135,0.631718926888692,-1.5969149638798443,0.6823995133998075,0
-0.27424350847644696,-2.913852453335179,-1.3804873747350108,0.4218453856039951,2.8444144114920817,-1.600583437744711,0.697680299653871,1.0642562325588383,-0.8573545816149556,1
0.7911536503642258,0.8318449380513788,-2.6834044319557817,2.6204828728329126,-2.5749265367129577,-2.2604510339075237,0.7256145755997141,1.965212643523786,-0.15024269009690064,0
0.6503111974963428,3.083618749096321,0.11744610416524492,-1.4722446059891787,0.5697911339905556,-0.8673516793472364,3.4328486441756,2.4262145125868013,4.429487596521965,1
1.684446339410836,3.2769944010485923,0.4462378719606357,0.03098954055550429,-1.7477477488526536,-2.890044393019799,2.307012700090722,1.1937375885171013,3.163114161156149,1
1.1891727831050025,-1.8553184876460413,-1.5613612002441495,-0.9575310406610666,1.2354462168920892,-2.185765004082322,-0.06399629150609043,-1.2226783706203348,0.1214829349329081,0
0.8804813009141136,2.510317814346976,0.9453654909597947,-0.15772482909660224,-1.2210351080514978,-1.7139382232975215,1.2996131967757008,0.6074333299887975,2.105473461657978,1
-0.7038332580694631,0.5213209366173539,-1.665943549548273,0.018220614278556813,-3.640160890723929,-0.440810600275389,-0.13927338551253898,-3.0798491865654833,0.6182288282725535,0
-1.1830306653178504,-1.846632047374976,-0.9082750238835335,-0.8888329456648536,0.5445979876335698,-0.8923891227933841,-2.722401489514958,-2.1077840591326895,-1.8366900409888391,0
-0.42842843475557674,1.8126230148428903,3.187563809364183,0.3585995201439445,-0.23814193660199026,-1.8495928205596148,1.327326359730857,0.4419038531976308,1.2424277760531623,1
-0.41800912863341977,0.7560723500946966,0.041704429999295356,-0.8703822166664665,1.0652935132563588,-2.7794826165251454,0.5838941078818225,0.8994674181249501,1.4045026284403084,1
-1.9294822626260821,1.4320006994358088,1.182871844021904,-0.6204850752291341,0.8676638328427067,-1.4343533451608153,0.3698683294106683,1.3150551290552634,1.1315847392994667,1
-0.5144167616565275,0.31362255859407884,-0.5137313101085063,2.8347132676983016,-4.768457546506523,-1.4631555645999883,1.1628648150910512,-2.1790390053196793,-0.2819577233770508,0
0.3259636053279932,-0.37577541013456717,-1.2536100039990519,0.9851904297120281,-0.7406219778555462,-0.1454079259848603,2.338849796666678,0.32298395622452514,1.0085398350439105,1
0.9127268131198087,-2.096455133092376,0.41516701529183275,0.5939347103940475,1.0139307798683235,-2.389336639289416,1.4384459367652465,-1.0538575644738863,-0.0947277672377296,0
0.5995112411642496,-0.37441250322776753,-1.1911951016117455,0.12837827151526304,-0.38120983271784503,-0.493802112859845,-1.48190198595771,-0.16682687093056914,-1.0219246100914188,0
0.6957197008450764,-2.435397693481922,0.47741271328591783,-2.048472361193092,6.165479333160732,-2.608313198632185,-0.9032471060795917,1.898188926385834,-0.5624460280045335,1
0.17492346744196388,0.08610051077387948,-0.629883080517917,2.1758222809671715,-1.5937495580569487,0.4904079532628425,0.6979636871555059,1.0039704696928446,-0.7240011796284157,1
2.0476519038968495,1.6282200135600737,-0.3742707700569544,1.2987107511001863,-2.4523059138111813,-1.6110039994999599,1.8713756154391321,0.37975287842374783,1.4606879396832713,0
-1.1704617092886238,1.800002335385752,0.6182675835990517,-0.6874118283673509,-3.2650119108426576,8.22000255540356e-05,1.5207020560753972,-3.0786371545230407,2.366730380673904,0
-1.2830854363764426,0.2513254139960537,3.0022632954364346,-1.8602761716044203,2.9720829353139533,-1.0056957379598375,-0.3867947561128946,0.21579248493219483,0.558932417116837,1
-0.047597245118507034,0.6690039470816482,2.684217445242334,0.9662382642270415,0.01597523552750482,1.1373383177854266,0.5615402236643785,0.6770026477819704,-0.35623857994103564,1
0.0630776754292401,1.9799304142512968,-0.41085251449949334,0.3397368902487746,-2.9289791675574146,-0.8523115009822801,1.4255776458923322,-0.8028802700113686,1.8728400620549992,0
-1.0644964211729528,0.025769556619553047,0.35444779869435616,-1.158012657652681,0.7457896985377354,-0.49333193216632254,0.1501236536081596,-0.6265069964144474,0.7932731613760117,0
0.7985681267484328,-2.3922597128427854,-1.8992477075411331,1.9242093222830587,1.570691330445286,-0.8123041323443494,-0.6773022463415748,2.245013095835186,-2.4531142791902356,1
-1.256269144910345,-1.460621437084083,-1.55763274414775,1.110319518169943,-0.017256658756219363,-1.8074815054337934,0.22250029749301792,0.12981002385510543,-0.7751756884894319,0
1.0062407473116368,-1.6726705057627669,1.3840349653458488,-0.6351494410441121,1.1240676554311757,-2.31253735706368,0.4370159101111526,-2.2959538928514203,0.05954278807290517,0
0.7775497655241282,0.8053962358047826,-1.0168832294046761,1.2595497581146744,-2.6778811681869694,-1.58147375172154,1.173795113429199,-0.5796149771563817,0.7853409076457349,0
-0.6645854879485937,-1.9999616633467159,-0.5513443303024395,-0.7094474060242011,0.4702097621695497,-2.618550071838646,-1.4749352568057157,-2.5704220817811763,-1.0275386274949851,0
-0.8096444597036451,-0.494557484167367,0.14797440780611248,-2.1772525369390494,3.9590314467833028,0.6183408619304731,-1.0361758914596866,1.8190476941541318,0.07199481087397018,1
-0.3794792560117442,0.5312221883463979,-1.728349083390945,3.7330322902196444,-4.087131657808286,-1.529022719406416,1.0381018689035255,0.5955973213426846,-0.7896315862711286,0
2.513643468208903,-0.69091990084416,-1.6230716660078826,3.5622289015041058,-3.366062324241733,0.6514638565085318,1.1714938313302488,-0.010819979522028511,-1.3403513207890188,1
0.3204616215115825,-0.8854916914728694,-0.6738535865574806,2.816853561537509,-1.2458007433175498,-0.09968652868947947,-0.21121040891791099,1.0151912583707894,-2.0772298075860585,1
-0.11915926995123403,-2.6234668693821934,0.39861421402157915,0.9139715217372839,0.5945248399987264,-1.0829527777896435,-1.3864775722127112,-1.601457314051301,-2.48666022308843,0
-0.4961139797833766,-0.11351314866158124,0.9808001244116313,1.9382473145048356,-1.3328171174205687,-0.19849770815007095,0.1037174441367601,-0.056866848514891766,-1.1601231631780777,1
0.08259051687541312,2.265188671981163,-0.13462682518459546,1.28476470849883,-2.562315276962906,-0.7330090673443217,2.163014610068368,0.9455923142497205,1.8062171198009889,0
0.7946783230451239,1.0704109871024117,-0.22604598422495803,-0.4829119129008055,0.1012264282846176,0.49272882748752433,0.4552918204183505,0.9944063630527304,0.9808114411697179,0
0.2672106551450557,2.711601221610568,-0.0963293867443904,-0.46093715051394146,-3.0052457717959093,0.15739094545959165,1.5565613372688305,-1.0195311123702822,2.6217995190642425,0
-1.0381392850114375,-2.776450683010084,-2.020610176802479,2.4497129241425544,-2.2293338080669147,-2.837729923840954,0.10225552299508645,-2.502621324159145,-1.8599592808524255,0
-1.3067229692119573,0.6302980809949432,-2.3794622185981806,3.2515848234144773,-4.248768326060281,-0.11533596470022367,3.278633479292994,0.3488333306330803,0.9993230617236857,1
-0.2869175759376756,0.14058790645855446,-1.7342034356889653,1.8524011258999922,-1.6728329609532402,-0.9165987984263578,1.3958248177739119,0.9921396859961633,0.22345949126823636,1
-0.03425681910400801,-0.5039135284794216,-1.9380417999475679,1.3586644094922233,-3.9559422188475075,-0.19600995086988626,-0.22711488577099304,-2.97134011026481,-0.647306235426781,0
-0.3254543289050063,1.660211045112232,-0.854112999979086,1.7739887297462027,-1.7808196855656213,-2.317021502612248,1.8513649205787988,1.9842044365280662,1.2142664665426066,1
-0.8302621507200517,3.884336263197498,1.6191964703717872,-4.202878589290132,3.3049651198914587,0.39648586428650234,1.4295684301850802,3.033934666642213,4.603707011988651,1
-0.4781467227062784,-0.7191360756284149,-0.8998379875337458,-1.4832827698950093,0.6876736190326798,-1.6265400977266555,-0.6625862635336719,-1.4183654978270088,0.40995855513066704,0
-0.3278153102393581,-0.9820290729649532,-0.3961278625163466,3.17916378225801,-2.4556530669198375,-2.8834494068802936,1.7917114157313399,-0.6708457175450723,-0.6424316659023879,0
-1.04635003568742,-0.3127855033242891,0.47750761796843144,1.3273806007855335,-0.5714005307149965,-0.29581003381333637,-0.3260795729527528,0.20086582999336167,-1.1459770328443242,0
1.429774859514874,-2.098467919494061,-1.4290902416222377,-1.668418721940781,1.1134067940470762,-1.4553405114080704,-2.209379376188627,-2.4189467579298616,-1.0365311534277928,0
0.5104399780009937,-1.7259003735789178,-0.9056573675867068,-1.0824034870052728,3.7181962646533173,-1.8235488956418353,2.9702699544064375,1.4807607250007973,1.9722408162463738,1
0.05465612091269875,2.767128305057507,-0.5849758229328217,-0.47687369588200235,-2.2844825413220007,0.016487974891053803,1.5140889860326805,0.1626952574268805,2.6217269559382252,0
-1.160373451068,-1.1488530004230428,-0.7880616152834314,-0.477971485897863,1.1664777303756213,-1.44678235365663,3.023029958366389,-0.3253118584767922,2.0193032346532203,1
-0.20794759887404865,-1.4221116454684881,0.3824305910437116,0.48433898091852245,2.16566012680163,-1.4135157430589629,-1.0160300420554083,1.2572627963430263,-1.6169618370204806,1
-1.051163606350194,-1.500628573715478,-2.8609715423369133,2.2562238049190046,-3.0354010661083763,-1.8658046404415116,-0.4606370532299038,-1.659859565266212,-1.5775239048946004,0
-0.6304985142467532,-0.6662720890400253,-0.5104982544405361,1.9503879684735375,-1.0230423467642764,0.5941460915382049,1.3946486403876115,0.47638943627530783,-0.46817112565152613,1
-0.5484036812635643,-0.07704614395626652,-2.3960065086407423,4.58530395234448,-5.4800661543320475,1.482378665129386,2.495957858244228,-0.28221566376953877,-0.6861951454316704,1
0.15068422885191396,-0.9533460199631525,-3.1122189001316727,-2.582098440058725,1.9378130398659095,1.2016020079590084,-3.0944691104280824,0.06595123125509317,-0.7912620008589577,0
-0.45490066810513335,-0.12345898989677917,0.20594587394827446,-0.5142025396932244,0.2333122735367432,-2.3697556970262945,1.0033811559252062,-0.8322594002783683,1.1466991008873064,0
-2.0675233201984087,0.8789138849022657,-0.9102730232119239,-3.117736590136502,0.6453807996699675,-0.1915747176610726,-1.5364458261766178,-1.2861397998926039,1.3250746896866619,0
-1.086109686325625,0.18044326021307389,-1.6520739407106775,1.1367353505626292,-4.552774773241055,-0.840286099338468,-0.13071654801152288,-3.3669158196299995,-0.09536249956190197,0
-0.6463575371493634,-1.7610966510149058,-3.472770333089778,-1.509989495316922,1.2115197938714437,-0.41171601309516037,-3.298655862587443,-0.5259350356762067,-1.655601658484953,0
0.6542973934742754,0.7728028375340266,-1.7889554020631246,-2.154832847271984,0.2746409698409491,0.9743958398299377,-2.02772954043653,-0.17090179210180867,0.3473641695589795,0
0.3316739616352778,0.10163683471466145,3.961837113875129,-0.8952159718251609,2.5217884811317557,-1.4597883346803207,-1.6267142244317534,0.10921231050148827,-0.9525596235118289,1
0.2972870947599731,-1.0722246824221324,-1.3557206287952652,-1.9962588077026613,1.3694273910139394,-1.717054740636366,0.36767603563505014,-1.4021622028856464,1.2881985741049302,0
-0.9833767229486798,-2.1236307407120054,-3.690370137107911,3.6243138601250124,-4.504906607468642,-1.5238025290460224,-1.18151812323479,-2.1597006776653984,-2.988282578079451,0
0.8471112074394023,2.0144936597730716,0.8398802365484228,0.4382941246233585,-2.807900001378621,-1.4220796670295528,2.302846836136241,-1.2187734299968378,2.337507135965667,0
-0.5810673000600238,-0.6648171242839571,-1.2712624604603229,0.0033607608429631064,-1.4516482340345962,-1.4984243034987652,-2.6231228600951972,-2.0157967482701196,-1.6188970799585742,0
0.45740074279174425,0.42639145006049683,-3.758225437204143,-4.471926927376585,1.936644773518665,0.4240647282586554,-2.5070024041408194,-0.2560006845641558,1.4619529807053981,0
0.07811569248346499,3.4982938902374876,0.17545792635271473,-1.4119392010093192,-2.9634615173647525,1.733139187974421,1.5548049558150827,-1.1159939332159785,3.3356792823067387,0
-0.7285288762214843,-1.1523311928192557,-2.9277114686414687,-2.6926799133697523,1.313467242083855,-0.486496982729955,-3.2207477493244574,-1.3376173000976612,-0.67807364895346,0
0.4505983312791324,-0.5555879618535946,-1.2383236149551342,2.1568633589401056,-1.176956078233818,-0.5730674957523543,0.6349470881177692,0.9380226315289957,-0.8697732452349671,1
2.09924951925509,1.822712646863207,1.836870986191895,-1.115099689454504,-2.132996885391537,-0.8537664730495207,2.5201822703241596,-2.8795691348382846,3.184495991978585,0
-1.2998744073684523,-2.254370915765987,-0.7548857591956766,-1.0191761038671272,0.43738381191049597,-2.793176387903662,-1.8835628933610937,-3.177893361376897,-1.162156881315919,0
1.3271912228017868,-1.865174164279639,-2.221275108309129,-0.46526670367829326,0.4426783769716679,-1.7281462799127474,-1.3536496902938346,-1.2227179276181004,-0.9729573364881897,0
1.7649718541264443,-0.5899165143811793,-1.1924885754493684,3.042196805739168,-2.967493434436073,0.08379864856297248,0.24281547035194584,-0.24520722849143572,-1.6186006510069098,1
-0.5184356318775039,0.24767640827257986,-4.3903055979735175,2.546333638875428,-4.443603465200404,0.030387714309649816,-1.2440237009468498,0.014014846342244258,-1.5426552304692671,0
0.04712027181092377,-0.0679872091434559,-1.4267124146996353,-3.048888140573992,1.7174402069114552,-1.2255759864547557,0.2468328555419681,-0.9045392519815041,2.1810137433710315,0
-0.7203688548966539,1.4247795325801493,1.4735202069608149,0.43978804724519693,-0.6151381470865419,-3.0406441305853296,1.5911929057489553,0.3476903051995941,1.538787143545422,1
0.9293115872076053,-3.1219574601201443,0.43492356100931895,-0.5386072104195654,5.3577349650992785,-2.471890955399954,-2.167204600606903,1.90892701620463,-2.567204988528,1
-0.7053283309426673,-1.4992497694040554,-1.9633489498978598,-2.834901796310974,1.59885197970756,-2.171974223913897,-0.5251548724255533,-2.313161666073797,1.1416909081947781,0
-2.44152857091847,-1.2930642025111818,0.5552906828035109,0.5672945115963249,1.6907855970111758,-2.626627551318517,-2.267882011247648,0.7498663607936606,-2.318906794052948,1
1.1021953187712001,-2.588229636886676,1.2455223669821813,0.22958116575231102,1.0310015693001697,-1.7106560312072474,-0.43704417974732457,-2.3400402960737194,-1.4596274775248903,1
2.011721575442747,0.26977848888078104,-2.6434417858340886,-1.440406241523153,0.9996577789559238,0.42341140406164457,-1.5060574244115243,1.326407996322108,0.12840462250015294,0
0.64323541855256,3.5199014249732077,0.630238437038226,-0.46850102829712104,-1.2948757379104363,-2.7448846925136072,3.2612463553595537,1.354923418577006,4.141391770544157,1
-0.44279093792784774,1.1908523741470547,-0.29018300671044417,0.015911180584486373,-0.8408144827052265,-2.9572876898891116,0.5930900559497485,0.23139293512182613,1.230754772366096,1
-0.6153923257548771,1.8018037716537023,-1.7105148983220677,-1.1961626391766793,-3.08352066965305,1.165175674789586,-0.0531611432354131,-2.089252131612605,1.7266223406553225,0
0.017641808735019672,0.5706787351316777,-2.368123029629727,1.8165883940868814,-4.011808133390067,-1.284068981207523,-0.023317460800909906,-1.114675786357064,-0.24202579813651245,0
-1.6056334030627877,2.7478807851719833,-0.6387797098937894,-1.3379583758874305,-1.5696499610853274,1.036802300447755,1.3489093876491016,0.15971852467531944,2.8913155113544144,0
-2.690275631353535,-0.023176150941535245,-3.5950951077259155,3.492991421955369,-4.591035593804611,-0.44958021257878356,3.2232028930149643,0.00876135062370198,0.7435533201772712,1
1.4170770333431444,-0.930409830413607,-0.5273780292627787,-1.247943817168808,1.2532263309361829,-0.9772201869384343,-0.040752971035371344,-0.8379706863348453,0.44952892728510263,0
0.8759738379125791,-0.6186151605087334,1.2937288324446437,-0.7056296860216255,0.9074770027649212,-2.0650870921434072,1.7216485686821872,-1.3569482043297665,1.3696387318751206,0
-0.28576471603635617,0.07907826818717167,-1.5904959645593069,3.4113300630791112,-3.7316251713796,-0.775963682753729,2.786720665339378,0.06759646633284455,0.30175294647572937,1
0.6727269777566897,-5.01621078688411,-2.0011085063649516,1.06555662198608,4.596506324791785,-0.676869026702273,-0.6400547724314394,1.9317744649008217,-3.1438411623890534,1
0.0013533024656418782,-2.356277292424873,-1.021906003977901,0.5052732916953386,2.3282112937573403,-2.2777732280024816,-0.35411887176161105,0.9716873896473158,-1.3303946653796637,1
-0.14277495317069325,0.9406906096775517,0.06893845394832698,-3.087202504777429,3.858338127934374,0.24720379475802035,0.615608195177128,2.2996850372294704,2.35466485528584,1
0.16504063653773915,1.1664098901579023,-1.1949630266483373,-0.8936226435030796,-3.827017899785496,0.6985239322672125,-0.07366858383915975,-3.7324188919084986,1.3429499587776212,0
0.352750225258872,0.8909385668834175,0.23252957215123105,0.35169511370405426,-1.4165761050975187,-1.8751686089503423,1.8544417874668113,-0.653873834682857,1.6474161192966967,1
0.0629450965419935,-0.9776496979163489,1.475242276898472,-0.07804850249575501,0.954727168507672,-1.2708984608331886,-0.09535073829145069,-0.9484149331830274,-0.4860810380949735,1
-0.6196237546892899,-0.4563812437910366,-1.184066920965249,3.766441754324598,-1.9883841520605345,-3.1461651292917567,1.8878434578802175,1.5988573245301905,-0.6911833984729189,0
0.2908711906440859,-0.5250465813634559,2.190250190384492,2.0401373674159617,-1.4937399220274918,-0.8560197959523392,1.5946941540804005,-1.3630782011123017,-0.4152584827446087,1
0.5557313191030023,0.04413914935234642,-0.23598202494806386,-0.8074183516392983,-0.4020206949292934,-1.8553321516028274,-0.21492628052389784,-1.4481551303418165,0.6247231136292718,0
-0.38856924675227067,-1.8538867744989167,-0.8678185228784366,0.6216038653096068,0.058147086883104694,-0.925786685100016,-1.520412122203945,-1.02339005933332,-1.946306502115868,0
0.004001260236595398,-1.4759207930584215,-0.3868022743010098,-2.5346784449830424,1.2184454609759823,-2.2035279706754185,-1.7794270943319608,-3.173068089843573,-4.9342567924097286e-05,0
0.4867105303254986,0.20664588332343858,-1.5200722007170966,-1.7718019969816465,-0.5291357306002965,-0.03565173125893417,-3.2566667057908187,-1.6004373411986317,-0.7917437649369645,0
1.0243462019858247,-1.9528487171540112,-4.421723862497005,-2.7073419298600534,1.0078210641136078,-1.3005005221938104,-4.953770144867265,-1.9572753248202492,-1.8847674469895404,0
1.4159106404926767,1.8850370325336145,2.0694962823460523,1.4841414403552085,-2.551673375719222,-2.7756899379928566,1.619947992482302,-0.5723998369638192,1.1567754705540103,1
-0.516730437521854,2.528601641366868,1.1091154147301103,-0.46881545254361634,-2.2666765473199333,-0.32708400142461713,2.476702588434242,-1.0209547300304913,3.042184151671837,0
-0.003671088480515556,-1.9759983129902212,-1.6954590924154205,-1.4302689639055683,1.8327461982067867,-0.5436416404661344,-1.384812760420632,-0.8988451638125494,-0.7138970494120916,0
0.5746929937075994,0.08302618312838161,1.771264654567012,1.2876395332875932,-0.26183941040893444,0.15154693283098908,1.2481574501251442,0.3475857666476413,-0.10912862074455067,1
1.4094494831021676,-0.9689074069815875,-3.0133356508640152,-1.9076899875865425,1.189255430774346,-2.7316948377520474,0.3520033687235371,-0.6556888681552973,1.5367634809507245,0
-1.0859527335785348,-0.2777256485685118,-1.4483219647171306,-3.5518605326876806,2.198035655128414,-0.8371391625255263,-0.4736401588719541,-1.0705022416622736,1.8576405653744223,0
0.4720966910550961,-3.818193153203083,-0.9382295425140085,-0.7357079789761936,2.965348469795661,-1.2707453217250313,-1.1689678526920122,-1.3503252911726709,-1.8060472181237688,0
0.28332359253566647,0.9931909320242005,-2.3422472054937655,-2.5710833088203864,0.4330367149142858,0.888026313851612,-2.3781330651277264,0.08960343638824719,0.506840018991875,0
-1.0207402102082985,-0.6059436742977979,-1.2488998956488566,1.0044157637091697,-0.6915310668844766,-0.4076075779877507,2.5508435620557917,0.09510261469290782,1.0731425881067709,1
0.21309057486897096,-2.401555577821264,-0.3768552096068747,-0.3001309128423779,0.663959545649452,-1.8053437900387257,-1.568203426268572,-2.337213483915834,-1.6152092527191118,0
-0.8871625883628546,1.8614944039064174,-1.2085786571175696,1.0169119033299145,-2.976309346237825,0.14465005702127165,1.1163837066602824,0.302805113720205,1.1743517952495413,0
-2.079697035146007,-2.217863783796858,-0.8836432356219918,0.22283597431471613,1.293268026735659,-0.974953564230083,-0.7007138507352594,-0.4104942472540568,-1.3819950152655385,0
-0.47823260785842847,2.668926347260128,0.45473253296660443,-2.0040671530738656,1.2237325766102893,-1.1739108046483395,0.21349922768016572,2.0281592966761712,2.383851045504817,1
-1.1449082576389766,-2.1443536270219523,-1.3861557335205217,-1.969387085425546,3.333247009694189,-0.18868824358359293,0.5833664791925748,-0.04833786580343846,0.6912504784758785,0
1.722709710720728,2.0491362031790605,0.40629494468257266,-1.3992086680970384,1.2188797883451459,-2.9100015644966506,0.37199764393871937,1.8316071315159048,2.0487128452121897,1
2.93818806715577,4.449482673208195,0.6405884549355259,-2.737346626524374,-2.5044238974576984,1.342910289265145,1.855424969724941,-1.2371486351288168,4.6898014536741055,0
1.5328131323234198,-1.0745089148076086,-0.8791385197606238,2.495287413352099,-3.0918090067701063,-3.5812468613836552,1.0119967338871205,-2.170114448762568,-0.5965289986257004,0
-0.3487752610068693,-0.5148633121182029,-3.3403759966449265,-2.8230262910094783,0.13856996481145004,1.231378375095562,-5.311540075992006,-1.7382498763085281,-1.7864742645919007,0
-1.2595627288697413,0.5848684248610172,-0.5467251461377802,1.1903316784499471,-1.3329684024961823,-1.2575388064780544,1.7828021389348243,0.5233768029283901,0.9594693164241536,0
0.852408877798197,1.0357348398218609,4.589763925167663,-1.6916237106622305,3.075569982308366,-1.186868900211091,-1.8365545104776668,0.7033809269602042,-0.37313701713667013,1
0.003773856555206271,0.3118311755305392,1.6105597983246929,2.4503180463612617,-1.6090010296273491,-0.6315401188415966,-1.4148374212049584,0.3932812572999982,-2.340453333612359,1
-0.2644803487686226,-1.2563018456459636,2.5803534282456604,-0.16532462747787413,2.38186303079687,0.2201279974601278,-1.194775367524481,0.016229439422231207,-1.6553476455688056,1
-0.4070318269460593,0.8688507541820558,-3.3435688493985425,1.123547978558857,-3.966485132277933,0.7866531910078303,-0.8046091300203595,-0.7803887160499872,-0.3283575742873597,0
-0.4498663007101679,-0.6079591552642475,-4.950697462604763,-3.3835500282186537,0.49915141485496417,-1.7725268560837857,-3.4756984944546945,-1.595438707314778,0.1883451296342241,0
-0.49826442644124913,-1.7241932528839836,-0.33633763436614184,0.768582402650521,1.1387193349472138,-0.5557201580250622,0.02358493209535628,0.3645507963556338,-1.1352510796735529,0
-0.3321777939307386,2.4876253402569204,-0.05171144950643147,-2.830093710930481,2.2508169542049608,-1.3250555096247023,1.6977921617798484,2.3196206278400684,3.8112114037727003,1
0.3279703904722328,0.5189672741822144,-0.6751594983737299,-2.1795483198326333,0.5422577177315191,-1.1561741826053051,-0.2711327275843536,-1.009022598137389,1.5266575520480503,0
0.7707831479812558,-2.4375467146573992,-0.2086459690335104,-1.0985681744220521,3.7286411711356346,-2.9963721929901905,-0.4938496484020447,0.26555441043928685,-0.5700455836237184,1
-0.8181342216376747,-2.056586155452439,-0.5161341316895687,-0.7311124918202225,1.6817602764742519,-1.9172052024914417,0.5617111420705116,-1.1700725230185296,0.15575031026520997,0
1.3919956981126695,-0.5972703941308346,-0.8643394603187918,2.5561683432927236,-2.294961972420072,0.9251457589221013,2.4170003836736225,-0.1392924593055196,-0.024129938340999846,1
0.15696862704876002,0.9410081287883363,-2.4804835223696178,-1.638725555194009,-0.03240506241227577,0.5900102373597655,-1.2629142236141555,0.5390374994629292,0.7300099218731789,0
-1.6131300189146887,0.4166085453923958,-0.799343983642558,0.48971027716747306,-0.9383238444233482,-1.8533627138542066,3.2803032404309396,0.01482020486622293,2.396073422347605,1
-1.6865300596903368,0.6256080101011321,-3.6715788187171396,3.064627389190178,-4.025715332584809,-1.6836068943560516,-0.3666011141392256,1.0263229350354521,-1.0769957901903109,0
-0.47995676908502455,-2.1719888317448266,-2.8214611239920524,1.7225583095044539,1.119064201159074,-0.4298331525349234,0.8007819113583363,2.1695314380572244,-1.1557669505989092,1
-1.497858674779467,4.62836481327788,3.2164556716903374,-0.16452900065259712,-1.4840530659274893,-3.113719750328106,2.536916213693952,1.4725663734088785,3.6811998688988994,1
-0.18784282006379097,-2.240868041394452,-2.404464931913827,2.9135805143268456,-5.008320008690326,-1.2464519658645012,-0.9015174983084893,-4.393815054212624,-2.5007142435803926,0
-0.9738661536932566,1.3021941922753228,1.68646787606701,-0.632609812621376,0.9342615264556131,-0.7606725864890996,2.9954192947130336,0.9513309433839939,2.7360529023010076,1
-1.3925125671384784,-0.7151104754773021,-2.202262007657274,3.3576909211731887,-1.6390281964671136,-3.6796828584488797,1.0850100802444953,1.7391240091640476,-0.9494223630451081,0
-1.3006337047484473,0.16791221532477452,-2.303319952822621,0.43702213792615874,-0.4113030576886325,1.4096289315546011,-1.7028702176605117,1.5696825143239561,-1.2381830045665372,0
0.7386080660934153,-1.9117670735218089,1.898191064792421,0.12460609671539924,2.8790479394717226,-1.3567556521428086,-1.032147163606751,0.3733351023219239,-1.7999773652989812,1
-0.076993664138338,2.5947435072611262,2.12496932229309,-3.2933219580779824,3.0500529067093285,-2.2171552718259067,-0.688411177076673,1.7848814196478182,2.3455612312825718,1
-1.14820729197171,0.24342413202874036,0.3145397849909568,2.0703949142347167,-2.048292607847939,-3.870361186923394,2.3433835737942426,-0.4677363773719887,0.8859256320770647,0
-1.2843694083091741,2.0390669669717667,-0.7889879277996581,1.9142226358226244,-2.316124179054944,-2.452108770995504,2.044145718056951,1.8819643984929728,1.4521715746553059,0
0.7539120651921329,3.062252959009333,-1.2424724967866805,0.3157368304794822,-3.625967553817607,0.6995690644518944,0.9457057157445188,0.19233270759056698,1.9632559070184399,0
0.888838819539992,-2.1908265498754718,-1.1497692835282969,-1.745077264601171,1.2353667525221028,-1.4011140824834998,-1.9977434677979833,-2.611120798140891,-0.9235412660740486,0
1.3778796418184736,-0.3083618630250755,-2.164257445360307,1.1959677537637232,-0.6130779046001339,-1.577086836481163,0.3814852648859406,1.1951680320352782,-0.19915442748537476,1
1.390725929141431,1.7414973697794753,-1.2111901927902011,0.03857982734534726,-3.580235328590534,-1.4024620419775071,0.6084474900449237,-1.871505398092201,1.6134198316960298,0
0.2742150351301673,1.582331110076522,-2.442319890370526,1.8829947157805833,-4.39179663691963,0.018968989706862338,0.08873642033558737,-0.13408040567503332,0.08558009719272759,0
-0.431765488993373,3.715889323137236,0.5273249026010474,1.2404462375813412,-3.2262016392185973,-2.6026828062574223,4.923322150354325,1.189668873234971,4.416568904286633,1
0.582828069456139,0.10023897664308468,-1.315065624501305,-1.6989840841251893,-0.8758352628806573,-0.3924699862409575,-3.560485916463341,-2.2047929729580167,-1.036659407207927,0
-0.6714975139474861,-1.5032199137579334,-1.589946573117901,-1.9618296001792672,1.8257459245036272,0.20681421033359748,-1.7363423383519032,-0.9286205110217762,-0.5182987804497406,0
2.191770332050811,2.527810848193468,-2.877946220198446,0.3792432543902391,-2.402547158423376,-1.287105448947651,4.6742696497133025,1.6607386063077754,4.47563513511242,1
0.6943993421472372,-0.8819980623070435,-0.24292889555452013,1.9759189792198364,-0.507313534035938,-1.148603347032252,-0.5761284225719829,0.6458524420361721,-1.7922508075129133,1
-0.3741735848034373,-0.6618265342053509,-1.8011589051550336,-1.531391702750545,-1.353979172653003,0.45851871246461906,-7.1045756360527905,-3.067480394418422,-3.8089623614498542,0
-0.2306561688680487,0.16067320091225645,-1.4559053134641748,2.72955408605904,-2.6965357175831617,0.49869646363701214,2.1265966839404875,0.739718508418075,0.09103381127992542,1
0.02198155264360243,-2.607237606594736,-0.37405784617618565,-1.8859698775235487,4.60553550816341,2.474679198503299,1.934660582029101,0.7843440459579168,0.9008639143743951,1
0.0011609867208726128,-2.1528074319638115,-2.8221228643869054,-2.322466663180985,1.94246416748407,-1.0854195475410304,-2.7586820741727567,-1.4498232788671996,-0.9862970759808289,0
-1.508848683629496,1.2254824617632107,-2.780061288132,-0.5527684040693699,-2.4724854965539866,-2.304721376332858,5.309101935520343,-1.2477944630361355,5.099500033836816,1
-0.795436583732299,-1.226987458576662,-2.4002631159477916,2.266414201362131,-1.2942443059005626,-0.9087499597079254,0.6511187991074765,0.672961005589346,-1.0254645923495127,1
-0.24991848483952864,-0.17570701371591535,0.9375253406681059,2.1252102260901107,-3.1291375811598927,-1.561258427417295,2.1855162936712174,-2.334515331490376,0.3954627556599535,0
1.378357221422549,0.10032797367130197,-0.7192095219650241,1.1316091551953371,-3.307011402971291,-1.3006678126940086,0.8669098901460687,-2.471235641574592,0.3934039328534688,0
0.672452775386156,-1.9189560597962458,0.9139187792500314,0.4772566219142558,2.000657353533739,1.659871377010122,-0.586155613199109,0.4693437930540604,-1.8491786802686725,1
0.03522530634781082,-2.3160531448345196,0.5136690794639545,-0.6157831840578172,2.0477462935788653,-0.629271768247226,-0.4363785101766112,-1.2532782559500946,-0.9454799649779428,0
-0.5076919783833868,0.7670375813079326,-1.9437522535683196,1.4731656600530514,-2.888436856855617,-0.817011747055575,0.5259147851775166,-0.06854977839907239,0.23297273032723884,0
1.9875341610233674,-0.765145290152466,-3.443177104938481,3.0615682864288893,-3.4638797456973958,-0.728295033092669,-0.4317026604533203,0.03696978938724094,-1.8088343086883552,0
-0.14737622519781826,2.349619315845504,1.7648641729170513,1.4371715449905884,-2.2365959843773404,-3.700242262869881,2.4422000486213737,0.35767984248256157,2.00739532110379,1
0.02796654397862666,0.7068025114451504,1.718756151949423,-2.7926607454185017,3.2859146539478434,-1.3782591770456594,3.1227026619897016,0.5638309130830359,3.8166985772555795,1
-1.486162274606616,-0.2809847468907991,2.773242890443661,-1.530877110184613,3.0945860581400835,-1.8290782632872746,-0.8284375343029866,0.16423986850352446,-0.055646883951112336,1
-1.9675370853691225,-3.322539381840984,-2.1746220711927755,2.044848386131118,2.301466722059421,-0.027579160761473265,-0.1762077529096433,2.3831511078822,-2.6581748701194385,1
-0.9344853483095023,0.541022694309899,-0.8858238142254503,0.7739712133929415,-0.6815752961547211,1.1163309496558416,-0.7450225211675485,1.2901855949311676,-0.7515540211382908,0
0.7860963201043751,0.33638906607579355,-0.35062212630369405,1.4838327188549996,-0.414378997412106,-1.3873085808677328,1.2639486592733098,1.617129023874181,0.24296104344795502,1
0.2976689153127944,1.1188334332096792,-2.802552879983838,-1.570742281452868,-0.7545815808362281,1.4903665016635945,-3.8601567969696147,0.2722946191432738,-0.986841996463065,0
-1.8081229539416237,0.1713527332408371,0.1596844977358789,-0.8907606312169047,-0.04186455950429346,-1.499049222091339,-0.10347668085060602,-1.1139996693171472,0.6953158639498327,0
-1.0273134230509724,-3.7824651220623027,0.5898729233895026,-0.6217366330869097,3.9681645213333967,5.270960841408114,-1.5669156308213812,-0.03781687768013997,-3.0116872573456903,1
0.6460809376377294,0.2861334643453577,-1.0663959668211598,2.471111904813977,-3.256122538787563,-0.3865585609857919,2.221583640037944,-0.39866145268392805,0.4647859254682022,1
-0.4706731449821802,0.8177462438970112,-2.554872936359895,2.7826844300827087,-4.648162432626388,0.18640778118441936,0.052688290160606166,-0.24437834453433305,-0.7804191245842307,0
-0.011102590622834349,-1.3349393691610687,1.7409600754567371,0.9612354766790545,-0.4457637124788238,-3.2117873657735068,1.8191029774409704,-2.301097963947707,0.2967979896581817,0
-1.4220753274258267,0.7895607973698217,2.011793993383139,-1.5847812421886784,2.0193223227184016,0.426408352524543,1.769687697988457,0.5708438281705889,2.0779085194992284,1
-0.5111977985613847,1.146677187809185,-0.689636881013729,1.4697378656995914,-3.188455544615088,-2.325879317666331,1.3957310566319188,-0.8096803514636877,1.0165183111608027,0
-0.1869715128172817,2.8113024552990344,2.7647090335399302,-2.755330132622459,2.459366809065371,-0.3623154807346143,1.130888358201788,1.734904325054478,3.1182218283525858,1
0.4163962587438965,-0.4573543038342045,-1.3472313760667123,1.5988447710063638,-0.025759803816730185,-0.490040416371457,1.2040200151835843,1.8833942068023417,-0.19534352098554247,1
2.111613218417973,2.5596028533395794,-0.1534775929032861,-1.4762815206204696,-1.7276956608030944,0.13631905271841172,1.4742350346240716,-0.7655159308122066,3.047682459343199,0
-0.8197313564388596,0.994294321091808,-1.425893983851483,-2.8988434873512103,0.6152774523695823,0.08183774565226676,-1.258870279415448,-0.6491721224973049,1.4423487353579991,0
0.21635653459128767,-1.851686795652701,0.14246700972523896,0.1678008805616733,-0.7599279634241815,-1.8489772576751047,-3.0470032630721033,-3.1254989059237404,-2.619810231015823,0
-0.7499695279726564,-1.611261539462796,-1.508858211688902,-1.1925675388400274,1.9414667224523585,0.7996003480755607,-1.8823903281033485,0.0067446910013797545,-1.2215105265688,0
1.4043055051659386,-1.865618915802124,0.9757139859208419,1.2249251729626698,-0.40259959323819305,-2.9732346674299484,0.020332103187239214,-2.1019049060517503,-1.2338217345905962,0
-0.9159675813651517,2.516942395979181,0.5163054936632352,-1.2337188902820562,-3.1712283469706537,-0.5748332763754689,1.5268086140633925,-2.7458450897046474,3.0456703917856385,0
-0.23642593837068013,-0.6222292386181127,1.2734441880888734,-1.5060857104556071,1.0018739479930676,-3.321575606863749,2.45750736910866,-2.317610229358566,2.4880472013751365,0
-1.473280172893692,-0.7583875738428729,-3.4358029335857267,3.2585854238867165,-3.196044855111516,-1.6831502577397477,-0.3154017896656227,0.5058901769800512,-1.7836851480540517,0
-0.7693311543504044,0.10026180112816507,-1.4469865341129395,-4.004184446146338,1.845883611533093,-2.5856452830221723,0.5349666360558292,-1.7929459199761402,3.168332948542952,0
0.24846242113129152,-0.33614991075881107,-1.4435530436926358,2.6847897164282717,-2.5851841613071587,-2.3201334331101657,1.0794146150267057,-0.021720228732181712,-0.5068441401345221,0
2.93032028549251,0.7401242771363505,-0.6065606151243648,-3.243634069015363,2.912802914142956,-0.7858831028975792,2.243986804927516,0.885385164992922,3.7245021610590037,1
0.2897440269140348,0.2977268829060604,-1.5602166923250496,1.4174035907284348,-2.537924507509249,0.018310819457701077,3.59017357812837,-0.4737542984318597,2.0029622371496187,1
-0.2753225280871538,-4.131520675438165,-0.6631987512543013,-1.1261838904304144,7.161938246933315,-1.0323850418253468,-0.5584667627209994,2.910129641772572,-1.687115318341333,1
2.2584607961546443,-0.4087042950401646,-2.5696760067553552,-2.080703017488532,1.4385605840809645,0.10749107822397819,-1.7470839035754357,0.251562603908299,0.10157247496234456,0
-0.3030418209470751,-2.245408216857238,-0.42402815497095736,-0.19740254491820253,0.7793471453250277,-1.7356634689786532,-1.183646695685649,-1.868239054653519,-1.3752219177666074,0
-1.5948258549008207,1.860719656061011,-1.1450763518097054,-0.3309402402717785,-3.695872662156177,0.4048660275561047,0.4350876505003103,-2.151700723814646,1.6025200678228337,0
-0.5341216416128957,0.09773737794338022,0.6116388183248278,0.4579103843350938,-0.32563677374018823,-3.7768475168228943,0.9594128452410072,-0.4742618597496904,0.7321392918035418,1
-0.8781350730726438,1.5629126761233063,2.2501149230368522,-2.6849580743506536,3.1127237982937412,-0.7074376903136356,0.2850576156224821,1.3907747950111622,2.059795277323788,1
0.7565529007024825,-0.9884584374660549,-1.3952913109754517,-0.9213115001922026,1.7018617437988635,-0.4213244374284313,0.3937043599020775,0.5157581616435232,0.5027286197902462,0
0.031214589669564773,-1.3045171203554606,2.328298582160072,0.9673344020340195,0.9897651062259828,-1.454497622865858,2.345256645817908,-0.6104994346252959,0.30194488180248125,0
-1.5885031364081725,-1.0161542182568553,-1.1152692682712886,-0.9496870617193238,0.46231748724206695,-2.05732290234379,0.02101682897709689,-1.3882611070366055,0.5026119554399432,0
0.07968097984541386,-2.585655745417956,-1.5505513154502917,1.5957727166481672,0.704856572523857,-0.7053117533529785,0.24148821212015115,0.35346382504498053,-1.6672290694930476,1
-1.5881299259955441,-0.9124004049325967,-0.4520940630085636,-1.1527052619542868,3.6330489484941944,-2.3924327960416942,2.096988980861547,2.0089803080021795,1.755327404919499,1
0.7274902041567654,-2.7552368795104103,-2.47737883063621,-1.910503577733602,3.147192356837508,0.9789640211114032,-3.0279188757023223,-0.15074080960842007,-1.9985382429886394,0
1.3451846553462978,-1.2654744527887094,2.161728527961934,-2.390544605279864,5.10523981359108,1.473105659605337,0.5378965294623411,1.0810520745335703,0.595073429646761,1
-0.7669412623830628,1.2147352049427105,-2.340588896432939,-0.6985149556382502,-0.3412159994158828,2.5953520882672887,-2.9193837105768177,1.763916029618553,-1.060766899062964,0
0.24708565568740534,-1.7477660131465511,-0.9757235735900428,-1.514469461383308,0.9584375397397649,-0.9619499446305635,-1.7443618620521437,-2.209241921263508,-0.7677684015986745,0
0.5529431891981056,1.5146308064915779,-2.847236403202759,1.7006627367334883,-2.9670784999844217,-0.9088397184847926,0.2915191761239855,1.4539554425674663,0.3164393343074004,0
-0.15141606798642662,2.1237846436658807,2.1451692921945544,3.7356847974585383,-4.593258828636744,-3.0751790049490793,0.7598307601195279,-0.24123019743505258,-0.5573374577311994,1
0.38365502386678896,0.6530832835712962,-1.0784561548854446,2.0697530532811648,-4.532677765167728,-1.7261624240189426,0.7425614492936788,-2.0959334695222833,0.10815582442585236,0
1.0604042110786527,0.6242716078449042,-4.192403267300931,4.95088917808723,-5.104678033414636,1.4766657721701186,1.944516120441968,2.3857167991041077,-0.8830878257775312,1
0.05624533757317886,0.13472271982312556,-0.8210490837149098,-0.3549787629151473,0.37157887720258376,-1.39075313006226,3.339444700779753,0.37814303955670037,2.706153895193275,1
-0.6101497455801451,0.1045968209672602,-0.8367538802755896,1.1435590192830105,-2.5541135623050066,-1.0727739857839538,1.0971197934623997,-1.4392155604031462,0.46474911294283777,0
-0.8859700824741287,-0.6636792689285971,0.1979789659178386,0.467115866704803,0.9883726340078481,0.974779508549118,2.049384058300992,0.9092245271634543,0.6300857156405995,1
-0.055424061982421884,0.10436832118670991,-1.516436678675115,1.5999801528761237,-1.500283273006664,0.24524376352516852,3.0508385029300626,0.8187501120350962,1.3330418334227514,1
0.1676501553866558,2.292307588540445,-0.13936835792889202,-1.0814628471638927,0.5533748882380175,0.06307334091452343,2.3244025781684274,2.1741265089952506,3.0725141950226007,1
1.6076173868244463,-0.9388851506283359,-1.006216160728001,0.8097148362515499,0.06189838208739511,-1.3334067946966335,1.0973277968916646,0.24002775014068034,0.09378890977222513,1
0.9481500118021107,-2.3243708176576368,-3.016691727224337,1.942113435054362,-0.18208659423466128,0.46690074711801377,1.4905173702262076,0.787956660861865,-0.8423489795963838,1
-0.5383494575109768,0.9911425337351533,-1.705980408510187,1.2797488394362913,-4.123437422056441,1.222373835532744,0.2424498764498082,-1.4727021543100283,0.1354430038374022,0
1.1622611105711573,0.17462481590660872,-2.90718820846456,2.0227704895519496,-3.2722467725451874,-1.1256007888187853,-0.12938478683328491,-0.13331317928155195,-0.6221830453175079,0
-0.32853722208854036,-1.9002660986776716,0.36575138317075107,-0.41361812282288657,0.573349529754875,-1.1924820918705503,-1.8732178993526345,-2.288759351534513,-1.6836360710098723,0
0.9955185771629596,-1.5559344571649953,0.42716430536025984,-1.1673262538340614,1.4608254400736853,-1.0817883531550412,-0.01228142155486267,-1.7325506598182074,0.08101594633620465,0
-0.275182437386346,0.26601960114197487,-2.0577131256793324,1.8365097177328253,-2.437170327082065,-1.2263183304820535,0.6385715397686409,0.33081788531918566,-0.09927498307320982,0
-0.599721845931381,1.9102617108534934,-0.9014882322176917,-1.0070760823066403,-3.5582533253946185,1.489180861382243,0.3906863996495952,-2.7246185058674017,1.8779397446460675,0
0.6337159007251949,-1.0414330593576517,-2.078859561111511,0.9322522537510247,-0.14486766306750182,-0.7957444247947735,3.5282611475061345,0.5214577110720455,1.682618781296186,1
-1.1806260452951107,-0.8988303118791205,-0.5940453572154637,1.1987054396383323,-1.956217287150183,-0.6172872775836278,1.1090193702578064,-1.9111742923962025,-0.06168634294832304,0
2.0503966511115097,0.3318451506375456,0.42565672636483964,-0.5005195317999578,1.0438260892662408,-1.4406079795234683,3.219432650428043,0.646013259172967,2.616511001383016,1
0.877909797753002,0.7456686651465347,-0.12967847804760269,1.6913874562994797,-1.8060181035285832,-0.5217130001157004,0.8025026878760801,0.6052878134991468,-0.02812782710228517,1
0.637931960055289,-3.5219757402089025,3.192479844967573,0.22399708767150717,3.640333367655423,2.8044191224628467,-1.7177593689048751,-0.7135042964454961,-3.532760278444171,1
-0.07434951480792218,-1.9092999862941027,0.007087641004976497,2.8498437202661586,0.05768819881332232,-1.694575510617415,-2.3278263853224037,1.0153551821532445,-3.933142139780201,1
0.26682617108038714,2.077606496187217,-0.16071801055054413,-2.94845430368295,3.300471151205949,1.8427801961947643,1.6794113942154416,3.3698471521975595,3.3260972006689205,1
-0.3064518000111888,1.5958591323580071,0.4449108456600326,1.0832876379204015,-1.5732270024353672,-0.5636113073746789,1.9590140907322242,0.8689690833326268,1.3840392178633554,1
-1.5677723475897751,1.2812086381707104,-1.4876979296009796,-0.1956516969660207,-2.2892336755770617,0.10493259778207165,0.5553109274399686,-0.7952005165357867,1.3173370083367855,0
-1.67963549770663,2.0083124439887845,1.6690381706237172,-1.5260446263406955,1.1303112883005915,-0.01036103092260443,1.3611649331788889,1.1371853523083681,2.380052107700806,1
0.819999135917259,-0.8083493290857848,-0.559830263040596,1.2123122610980124,0.5157724595773958,-0.9079296025375598,1.0520128985429207,1.2484844123328225,-0.2680652133157559,1
0.6779632895993344,-1.8462242497034165,-1.737626461579619,2.8389920658386414,-0.3554883318091574,1.216043420707508,1.103080444206249,1.6280414258957538,-1.6738964974536636,1
0.9515520780790863,-2.677002064991288,-0.35616012963247123,1.336043752790287,-0.03788607555866631,-1.153440941846842,2.1005983048571384,-1.6997472773967894,-0.29220120102133884,1
-1.136890692399149,-0.03829164672192187,-0.788489504556588,1.767402567399873,-1.5721873340063335,-1.2673684531619007,0.8482801448200331,0.30546086217283364,-0.22469825410090785,1
-0.31670793232591443,0.71297841641014,-2.4338848971545755,3.2809988441742615,-3.651130684952916,1.0619482518756707,2.2039290852833178,1.4078516684926194,0.12557577740323483,1
-0.5689048530894247,0.8214720964178538,-1.168070119321401,1.1536292557086232,-1.2847035418889345,-1.0179107136405394,1.4762148731486624,1.1748849268393262,0.8981513539144712,0
0.2997961715729297,0.35545044163457984,-4.9412748802119975,-4.20101009484628,0.9702987672894197,1.8975505986313341,-5.064851491177458,-0.3937880228367059,-0.40202843329968424,0
-0.41451621746765044,0.9633689848838741,2.6016674696173423,-0.5342992492262164,1.7594258743094562,0.266547011716606,-1.367933271303424,1.469915112939204,-0.6525198793358835,1
-1.1368711816344155,1.065725596773896,0.40956506191252107,-1.0647778582251024,-2.589805242266353,-0.9612567045115741,1.3213363959886493,-3.5408768092954364,2.2499698954102225,0
-2.3850087979709786,-1.8040900010176548,2.2559208249198717,-1.9568786735816817,4.9662430367215595,0.861990751078652,-1.5974131609222755,0.7308994359317994,-1.256643504272853,1
-0.6458489882940185,-0.08858957122597522,-2.3284213970170886,1.920994151428669,-1.8264715235994717,-2.1182603302979714,0.6218979436887454,0.8148029546987525,-0.2379976843883423,0
0.49636624363496584,-3.775319194869438,-2.0562277556253203,1.1843017306826602,3.074886787119536,0.006317838869017489,-0.052556395263310796,1.7384656502078129,-2.2831057001089,1
-1.785025839069702,-0.21403336794303895,-0.3165031500313651,-1.2783419505247224,1.4173876476900198,-2.651507047156879,2.3753856921198726,-0.1653455115737572,2.4939415248509493,0
0.005883777850373463,1.4886945188360992,0.7625134130457936,0.29239269341293717,-0.25781339351228977,-1.3898037633077702,1.9089007642198303,1.213639020411715,1.7454607785545626,1
0.17966603887158733,-0.7187748229720927,2.01245976601315,-0.18890836301577596,1.8363974473826394,-0.3618948389054385,0.7752976206466365,0.11884954642640799,0.04830111639890173,1
1.1074992401181563,0.29745181700597045,-3.658776522667126,1.1297783602949951,-3.82393501804459,0.7884853929334534,-1.1767189834306229,-1.107186083649236,-0.7803245150345829,0
0.14055640320674964,1.2079878161860063,-0.34726739659682715,-3.929615886928762,4.453958016147502,2.042426227289687,1.0855009641240154,2.7541043518242363,3.117390781500521,1
-0.8017891079510504,4.412926346441059,3.008110629808083,-0.09413258885062858,-1.5824889433293678,-6.644845428237468,-0.11281725329036996,1.0163042693113136,2.1479843792258952,1
-1.9385268369397537,1.2803063419548604,-1.4443906551346246,-1.6100254624361168,0.03380149144360037,0.9237174881764336,-2.032218149186556,0.5928516435872311,0.18298475551214066,0
0.818908306347284,-1.7688314824020397,-1.4426418894513349,-2.0656599616896276,1.6447555251817427,-2.6962272202898,-0.003074063505643543,-2.0160523930150585,0.9003088481563007,0
0.5042572444841515,3.441844717401716,0.25220057736596635,1.1529467786823746,-1.9570240560046062,-1.8209313560190288,2.9551349555824604,2.6241278851393455,2.8821267923015856,0
-0.21738619941650508,-1.5505716208012679,-3.6079757753497326,-2.603955381827473,0.7322450981203056,-0.3251181590671247,-5.021883467579599,-2.0127643531047097,-1.9948022303811512,0
-1.0749895671304055,3.714079502719454,0.5147220605477987,-0.03773355241794718,-2.23650235614823,-3.232351299168879,4.376071923419611,0.8903680153623197,4.833846927950241,1
0.1015559856102445,0.1044826323615482,-0.9251527932397564,1.8329234564656336,-0.9175354562322728,-1.4021160163816544,1.7506448740346374,1.3947601887154022,0.3632854850973187,1
1.1647107852399101,2.296010172683183,-0.6988051750408439,0.32427598713522987,-2.439052753693054,0.22089559024527694,1.5325171105191777,0.4184420197014098,1.9530140810020118,0
-1.0674169858886888,-1.823032945404091,-0.28279276232170114,0.9843712461351102,0.3845910184981955,-1.1817582427439393,-0.415337031303438,-0.5166369010134579,-1.4817329845736822,0
1.1265178936857032,-0.23810348236833523,3.124709400069338,-0.8687181805919588,2.388741934831266,-2.4678449740371016,-2.192488425306791,-0.08802229849986198,-1.2862080780087808,1
-0.6504739994592169,2.273121040147091,1.6168271542351658,0.5803751330067769,-1.8068619472554461,-2.3067795685743633,3.3274846836844088,-0.013951144940083315,2.9572179455600787,0
0.7711919053297392,-1.0442993077966416,-2.680594204199971,1.069355693260825,1.0660641258585954,-1.807610426481045,-0.9227867329646575,2.5409165789327437,-1.3497325096511263,1
-2.424264870697286,3.4209679098579135,0.1526007847053904,1.773725045325759,-3.922682094361135,-0.8362970868205264,3.20592989805655,1.0153264912812803,2.7361905705221647,1
-0.2739924731630432,0.49774310957508916,-0.29388693048361336,1.096706472585064,-1.4969393794699424,-1.5709407665168502,1.875881747912688,-0.05778640965223503,1.0693756327973691,0
-0.3690001892515323,1.70056557567586,-1.7330949817906531,1.667415464587767,-4.685110217486972,-0.38775420636433944,0.38003383571698124,-1.0210287618874168,0.4599635085706942,0
-0.12277142568681056,2.683434516539475,0.35517874176236663,-0.9496855102332054,-2.463336170445018,-0.20022643273409313,1.7967002835801813,-1.2223431569587007,3.0261109986885697,0
0.507879845068621,3.397324879434894,0.08830805873727221,-0.35959255741724183,-2.940215715912009,0.34045922992866284,1.9015765551378798,-0.0856547624587295,3.0065582687683725,0
2.0290898599490657,-3.1212133722487057,0.5029695386845545,-1.2919612593714342,4.937008960438671,-2.0043193592493553,-0.15082275467826145,0.4508882436870575,-0.7476533248198287,1
0.13438744187948082,0.389685600175097,-2.423624956250612,1.5060553279155138,-0.39553968098888015,-0.23515966371440622,2.263065602073591,2.8679680704390424,1.007550968717095,1
0.13897565236328388,-1.4434715148057022,2.3555263831215347,2.0050385806974087,0.4308105664263996,-1.9462281928750984,3.6609382886870874,-0.3688907647183459,0.5716988029777952,0
-0.29289083020299683,-1.7614213133837633,-1.252229253910162,1.082634453519075,1.533217019626259,-1.123934044474384,0.1958169435789816,1.5821865860480746,-1.1228780466326649,1
1.1048699546987093,-2.113039962964212,-1.2043156011670806,0.2687165186053233,1.5374844545044883,-1.0097402407364333,0.6743493166815111,0.18696195544457284,-0.43345684266810836,1
-2.8941850575715837,-1.200366829875828,-2.3825749825547518,-1.4505648981199484,1.133818028086225,0.7572315159436038,-2.263947243989118,-0.3546230792976761,-0.9993094145051628,0
-0.8777773064358103,1.502455375064309,-0.7075362060151642,-1.1025072731061447,0.7718874054545596,-0.6885009188519724,2.9082977435564024,1.6701290127092876,3.2904971867684,1
-0.15254494763711807,-2.7587765150959145,-2.6762664686101787,3.489754900573185,-1.3914226671372678,0.09323143274878598,-0.0562021056321893,0.40817618716635673,-2.9178022387166984,1
0.16013489698287253,-1.0321064662227426,-1.9521129563320072,1.01828530428136,1.3309742124125075,-1.3924806094120767,1.5929651854576918,2.4123198272415527,0.24511300436523242,1
-0.3285532517902975,-0.7361521699239573,-2.5632924247974116,2.37371760304129,-3.6056846018504696,-2.188265676359344,-0.13772236455484688,-1.5115385558908478,-1.0933221643011848,0
1.7742396180401812,-2.858427799040517,-2.7035328540796266,-2.095046628616821,2.316097250659935,-0.8330477506794574,-2.5075062263240415,-1.6081703261496019,-1.2969068095246663,0
-0.18173424485361891,1.2780964393446004,-1.3527264039157534,1.639491601137507,-4.284018108857529,-1.0701357760350891,0.664111389185849,-1.3315413016840763,0.504128940853826,0
0.10797981288504269,-1.115064843178585,-1.4138951803162183,-0.8921788819489349,0.6653982344053361,-1.1584633042800243,-1.0865520355364888,-0.9079385556206169,-0.39360313817875725,0
-1.129888087902751,0.36899516427627654,-0.7064055683546531,2.7175696876535804,-2.47949747833329,-1.9297042008615275,1.8082096043515175,0.6324710438130241,0.10940118431973642,0
0.24225815662028627,1.5482423800509604,1.006588536163156,-1.5063400884882023,1.4664506916767017,-0.5791704055028033,0.3379688585344677,1.3424458706740232,1.5960005004417868,1
-1.395890234463619,1.1203528497922557,1.8054572043688468,0.8582405203106964,-1.753266321814541,-0.05991875689678594,-0.14395449217736556,-0.7606147710525047,-0.23295962649250218,0
0.7544658289351189,-1.6743638856823133,-2.511255134186548,1.5339300323993323,0.15963042166073088,-1.1747731702289097,1.7457783217877871,1.0865573331186984,-0.08476072944653563,1
-0.10464662425820322,-1.3482394457480038,-1.5462006318382713,-1.7858688366409328,1.156853434404968,-0.74943680559795,-1.9694104103253207,-1.4807032910681313,-0.5794949195343436,0
1.6627060160034965,0.5912498738258352,1.5960367041530472,1.2911949251167862,-1.6922588016192253,-4.026198774534828,3.0729236241731903,-1.2095560082735983,1.8616342519450066,0
-1.4485309420337003,0.5909757949140348,-2.059555431534293,1.9912894252576812,-4.1763295589985185,-1.7914925233183714,0.24344057289856735,-1.3080785177244305,-0.13126546340337852,0
0.07610241646858744,-1.6300682809393718,-0.5277738347867408,1.26550941635714,0.19389604051351758,0.7554720284040517,-1.8418039485531852,0.1708261090761125,-2.696601442878511,0
2.3608821718129667,0.08260924519445823,0.23582253560295707,0.3888258461901566,-0.9999950763016522,-3.591425963699695,1.7190329962939788,-1.2286360607275393,1.3592823189521444,0
-0.6347954821042419,0.3217044893034483,0.5818209218607171,-1.4270630235594288,2.5074290716661483,0.2698342673171963,1.4658174330847427,1.5253012677820492,1.7079246894799642,1
0.5734337916879819,0.23166202327048713,-2.955774339926876,-1.6237375480861214,0.7647479385705537,-0.1876995780698767,-1.160784707672787,0.8606763959022374,0.573696850511844,0
-0.5914882570709169,-0.6516595286444611,-1.0175155626453984,-0.8147611942784938,0.17766031407315597,-0.015573875127745551,-2.322107143251264,-0.9165381212012679,-1.2068091843640842,0
-0.9461535811296805,-3.0743623580359745,-3.1915277433840044,2.0809608095134426,1.7960926472320586,-0.2610052325257116,0.5282240631676107,2.5643389518297233,-1.9472659733258535,1
1.5353337166385135,-1.078363583999205,1.315691040894571,0.06450037092267369,0.8725016243345928,0.05436739753965503,1.1021676731028767,-0.8316878139757753,0.08394819351444155,1
1.9801543515313924,-0.5702818904857245,-2.3788860227702426,-1.2775891948895444,0.18188921469909403,0.11102342922554986,-2.5926288550312067,-0.6388806285201205,-0.9453259557883609,0
-2.227799557336582,-0.39643231069069995,2.741080314623235,1.7177271105895793,-0.9872349196635145,-0.9335535321615112,-0.2238206267730367,-1.1818825734227314,-1.4764888695503593,1
0.3205064125986378,1.5139565205489898,-1.2776383736024148,0.7303895548896919,-3.2495338345018787,-1.3803171020522498,0.8183886272663023,-0.8955663602505227,1.2051082740785606,0
2.003311880382046,-0.1615947990168104,-4.834695096642317,-1.8306760492988037,-0.16496752990166294,1.3990446917864738,-4.196332995867616,0.20611065142825935,-1.3769843485272457,0
-0.5680616143696008,-1.5869714569287416,-0.3171979545521306,-1.8568357560466064,4.767049437577333,-1.6898868178082078,0.6707866718601354,1.8403042990370582,0.8056212316907093,1
-1.2758532046813285,-2.1428990896872033,-1.7492592302791645,-1.4401380633873022,1.8021872503768228,0.4059246737465696,-2.9408053703121886,-0.9744480715079049,-1.902785078409604,0
1.6592706642191906,0.3409548040263647,-1.3025236162151819,-1.8790811974683173,2.6284053732606147,1.710731469137881,2.645533026970025,2.2356483151475137,2.8263104295869845,1
1.911894164497444,-0.0218999590106832,0.45485033422004517,1.737026697495085,-1.5679142821228635,0.4866985623355131,0.1550445798300476,-0.1403282160221082,-0.9588532799828028,1
-0.7201610195718389,0.388940807306019,-3.912414184419572,3.8862269731135357,-4.005761935209953,0.9729797333736838,4.594224853995138,1.9486865597609073,1.4113638105619912,1
-0.5534312459752201,-1.215966053541228,-0.15265463271911428,-1.3771433706997551,0.14913464366451862,-0.6914149083074473,-2.8325027664780746,-2.775842369752864,-1.4213147871225986,0
1.9874008825271634,-0.39667756014074884,0.7467097190520404,-0.9198743832443433,1.6565067091064338,-1.0927275130230498,-0.36579165177300044,0.03744775670195255,0.07603135782130169,1
-2.3021180510690513,-2.10672880263302,2.7920002157431236,-0.9089810147654225,3.733729111995261,-2.3031143758493995,-2.5856712395679473,-0.49988755760397496,-2.3326233103532292,1
-0.3088646305731551,-1.9636191859015808,-0.3236890527048021,0.22685874408123408,3.390210282819037,-2.980363096452979,-1.926046174614915,2.0671522195231726,-2.1561592498222786,1
-0.4178235188093812,0.07678469212220496,-1.0795691662201645,3.6296508469484845,-3.7727275160231817,-2.2580491565337395,1.8093916599462152,-0.10695950396748288,-0.39562984569619225,1
0.37671684786935855,0.5625603458015831,-0.5068013190330172,0.43469178595129043,-0.6007490354803149,-0.6724991428959577,1.6864116441737318,0.5680362141329862,1.2394015181702522,1
1.4589798168318389,3.557757359837297,-0.805231909678029,-1.015148733869426,-2.5935575056219693,0.554538822909016,1.2905167612825132,0.27017757650328567,3.1066924544645502,0
-1.8758090928476314,1.494456110610275,-0.8933310702211048,1.1470526774726344,-3.625850290283068,-1.9815998256163811,1.0901670425508756,-1.1661976263601144,1.171376955547052,0
0.489962309452716,-3.4486200944268837,2.156109460436786,0.14638870441967722,0.9510065510461465,-3.174288415512535,-0.46317143701656327,-4.17697135051081,-1.6864176246652616,0
-0.9227485635643696,-0.21149547311999872,-2.36018633812445,1.9669285723728622,-1.6175255519333716,-1.3105442971497143,-0.7298637787946096,1.1232834517659072,-1.3176826477184072,1
-1.2696522661013012,-0.19982707457500648,-0.5497552852511502,1.6536345627476938,-1.0957841902466188,-0.6922085662870537,0.7048814939811432,0.5131289950462374,-0.43168994848655395,1
-0.019931561657245033,-0.2222347292173844,-0.26608094058455045,0.08607064326785585,1.043795185836789,-0.8895731955240864,1.5912629141770531,1.1283053740962026,0.9530697129302129,1
-0.4944926018821485,-0.37742382978882316,-1.9445835280320145,-3.105671513162631,0.8220077038074675,-0.5837576320187293,-3.287445855071927,-2.0115581945031513,-0.2111888568757306,0
0.054335659465392594,2.168715027753991,0.9526785952525961,0.9045371723650328,-1.8366604680269805,-2.6738708690371986,3.133289289416316,0.5103895240506664,2.6846807050511656,1
0.5559970515714441,0.20013201673375414,-2.947806252106782,1.6575051540811283,-1.8293123088041552,-0.6600778369655103,3.6746259891645314,1.2087834677553673,2.009199054115314,1
-0.03590129760010782,3.5809730324884557,-1.0563320983687436,0.17437303874626542,-3.1694586329287455,-0.40603542477517507,1.3984774682044052,0.997590803351946,2.6032043987269913,0
0.09171894974836545,0.44484703581464147,-1.8673929798295057,1.2655570895821355,-3.723175517429665,-0.2637632467232517,0.13400676702273573,-1.7077010107183979,-0.008368811802174513,0
-1.4743828693181482,-0.41809470027956275,-1.6336673596472324,0.6565111207540477,-0.2223861768839293,-1.0588401541718493,2.3200209848493776,0.637384650654295,1.2690620354224083,1
0.7661375845266774,0.7931632601457126,0.12703001249579682,1.173275444456251,-2.169577260964606,-0.0740591788279582,3.039163093864313,-0.5563276156423873,1.786651065377174,1
0.8813614866061223,-1.5311801828288842,0.07389918741034363,-0.6815716868790849,2.9965938398842384,-1.1693051320000571,1.967404621390275,0.8827325992271107,1.0212491303973457,1
-0.7522888217614683,0.30171933612008806,-1.3690684939179445,1.165259611101941,-3.888687173839293,-0.39471478409308214,0.2926723240638128,-2.474738096580977,0.08719857087528562,0
-0.18269977192188713,-0.04220480308575991,-3.586415206503591,-2.537496651189949,0.6675346849266169,0.16469792687528417,-2.4259477509698053,-0.2567432323890757,0.2339452742480574,0
0.25846017431906904,-2.4223341727629433,-1.0005434015603791,-0.26516548226243797,1.7056552778931875,-2.3378606310471435,1.386303733329005,-0.857449101864509,0.3633087241834386,0
1.0499435995250135,-0.503216174109488,-1.0784894627159511,-5.373104307054498,6.770226325924023,2.826248365236539,0.764425222116377,2.365310889593327,2.96082461960983,1
-0.0909208031237956,-1.300703884194499,-1.38616369728842,-2.2670323832227774,1.8043307570585996,-0.23208502194425062,-1.627058264101366,-1.2200813241966493,-0.14962743253304775,0
-0.6621885476766607,-1.3659233540404856,-1.7397447500741854,-0.5370195462595868,2.997671933199553,-2.3861085084108877,0.34609952645044684,2.107515484982909,0.1962598228340301,1
2.1173728164203425,-2.247325814420442,0.10446047932101687,0.08061111362170603,0.6522407794467737,-2.886983245169023,-0.06691650103548608,-2.125655220449703,-0.7279088344620984,0
0.3921281254876826,1.7997009877205021,2.312802277110625,-5.094370090900655,5.822417304779062,-0.8834342467550429,0.0195438243849273,2.1973204053907898,3.270088516150025,1
-1.204814340937455,2.1178917932868435,0.9493612068005253,-1.3038740145124685,-2.0073339142938607,-1.2085167736764606,2.076460567801467,-2.1580610959231272,3.2267600278806836,0
-0.9968670947568703,1.0145359415852933,0.018606447252203173,0.09250701145642104,0.23394385176232066,-0.9725753931524559,1.2511405185654993,1.4671919668007272,1.2386076212710466,1
-0.2959275402087635,1.8583228404261445,-1.4106646301077905,3.023142319342254,-5.492268516086281,0.649698268253514,3.8974511638391705,-0.4331458728184623,1.9645230380476362,1
-0.7324538759713198,-0.827555815993694,-1.2727898406850116,2.0718694384620835,-0.3946023899004808,0.7465628429019155,0.8045108849873606,1.631073387396184,-0.9997161295807014,1
-0.3837529809130093,0.052261346900654315,-0.4334381590997882,2.4079812336552266,-2.4435161536145427,-2.295881287512125,1.797417358200708,-0.23892094216671012,0.18536660547188008,0
-0.50189411499767,-0.8360492906255905,0.38341084407546044,0.8828881178281763,-2.1990010545992544,-2.627426813127951,1.5678420499980312,-3.2207731324749753,0.5949787119796746,0
0.5106788831660388,0.7041488107522706,-2.677459611729496,2.9493395707685615,-3.5664478677444413,-2.6070515402744405,0.4168776837575394,0.9334324724576772,-0.49353222572153016,0
0.3638913621500538,-1.4651336240951576,-4.2438599049716155,-1.2031425911724227,1.166627490808169,0.8051341945677004,-3.0751583260879265,0.637739917145548,-1.6289293722267608,0
1.3573414957162835,2.0437878506449305,0.7867501784170927,-0.6350132831678614,-4.478082964819455,-0.31204994423073174,1.3268565107155978,-4.347128893965889,2.416601407606444,0
0.8212011497518233,-0.37076276638607697,-0.38091087873043394,-2.007582480281865,1.5302429779005002,-0.35736638166749135,0.4327514265537795,-0.7374412313877194,1.361378608050573,0
0.29625193188996507,-0.8414616058559337,0.9683542660420038,2.1696622399692904,-1.6429886848739677,-2.453677183811937,1.99278247038395,-1.3272363473531534,-0.06029919448503666,1
-0.044686401440189545,1.7676519801489659,0.07317843990579065,-0.7913290476448305,-2.199715111060581,-0.6567789232656392,1.5669842539723082,-1.7008501769522866,2.474683907651178,0
-0.7527574968571061,-0.8204759986278289,-1.2041379968324668,1.4493324187501928,-0.5250694398203061,-1.4927734520634695,0.8085850900812509,0.49186570379234185,-0.37476280392672406,1
0.23018080622921966,-0.26874433257290753,1.1732708450866385,-1.2689918876914532,2.5844998783380877,-0.18129581615563695,0.2601412616191764,0.7921350327386454,0.5539081540457104,1
1.15423480489976,-2.8214318593196346,2.4867878905899063,-1.338971910059282,4.163314275005917,0.951925390523906,-0.10930030746728758,-0.9257665375813979,-0.9910356759358507,1
-0.22810468445151663,1.001220767246118,-0.5396009257808543,-0.7977919921501362,-3.4309906399296315,0.6280834130020441,0.4020506047215562,-3.681869460411993,1.4482726424605197,0
-0.2628490661603728,2.108520628817497,-1.9821276209754919,1.3517298361254695,-3.1494790833320634,-0.9045310263776245,0.8167430256313714,1.073388252964989,1.046852497557122,0
1.299181252629184,-1.249072000551934,-2.972817654490326,1.9808036755183691,-3.5952544299394464,-1.7796282150997236,-0.7575330951682604,-2.301914707760861,-1.4558307100264756,0
0.9245778658628506,2.8198484744178987,-0.22343735796669162,-0.4157676212847363,-0.4240586731933611,-1.3842202605673348,2.430822883814027,2.260661325913953,3.1574750321973903,0
0.43917042443232585,-3.0355505752205247,0.6335253454877123,0.4784504623128756,4.014430874089644,-0.9652927869967634,-1.0134530552748178,1.536709544156134,-2.4517174859256934,1
-0.11597125276146397,0.07985724402482708,-1.5487972055046075,-1.7490526083053828,1.7450605071258694,-1.3032729128873413,1.2722962181326456,0.8446520866790579,2.119308949317922,0
0.07759838974533693,-1.3946325859701802,-0.9719284936926231,-0.38587664685320355,2.071957867295821,-1.0559311047664692,3.51657743900069,0.7319236257433746,2.0996656205373374,1
-1.0870303280012752,0.7056706540968434,0.5343689199203134,-1.0236039060433346,-0.6364835432947331,-2.3149630247054,1.1548166442530805,-1.6837325968006547,1.9240071915442971,0
0.5680874206116735,-1.2563848487073175,-1.875132646438828,1.2654266122024485,0.4130607277560689,-1.3695608529121894,-1.013556067697872,1.3384445433521952,-1.6784855192336312,1
0.3276392367214207,3.48729816967524,-0.5924952499265419,0.3864389354515747,-2.0235216255520103,-0.8020078571801926,3.733421691755017,2.2069039981548055,3.8969162733780975,1
-0.8601587792614019,0.10528572085078336,-1.914088853024666,2.0355390681633487,-1.6517240007839855,-1.3535338838518365,2.066805447143049,1.2155832140768885,0.6039263323811255,1
1.167390678701151,-0.8732710471210615,0.8638214118790959,-0.9658570222095545,1.3068925324880516,-1.7880277833742233,1.2770514066616938,-1.206845677634132,1.1187089626383582,0
0.014816009930505383,0.7770929371036811,-0.5117492667453674,3.259831464625646,-4.167971131483,-2.3348986072198072,1.6858726274450277,-0.4845476276077545,0.0072867777222448615,0
1.1042145208197445,-0.25014103039110547,-1.6284852125025946,0.887242551277142,-1.5871010744653882,-1.131801384747276,-2.3218696227643303,-0.4472767522694775,-1.8098283833247246,0
-1.0499135453695274,1.2386085236424336,-2.4904667368300704,1.0660340016003629,-2.3725100648907125,-1.2737402386425527,0.4346007631914307,0.9001668281689137,0.6597738062870542,0
-0.9379224926030842,-0.13553804618848397,-1.710552095970376,3.6932908855207134,-3.957526606001847,1.5217027877669573,3.666172963418981,0.11901362833431306,0.4398394835644289,1
-1.3456279183281468,-0.2734999490236443,3.9458908337441767,-0.3617735434794985,2.102593418075512,1.3268851953400542,-2.0861841948719917,0.061397576686351596,-1.976382258391943,1
1.0869156177890007,1.7855852102647167,-0.40711213191180584,2.736272484097888,-3.8898489599438713,-2.059896452918707,2.354277321556191,0.41131621297311793,1.1075677586666182,1
2.422555574595944,-1.3810455791010652,-1.7803618890972657,1.7521793840187687,1.3599170495351018,-1.2472210049484227,-0.5639373551021136,2.8858490430178154,-1.8366713913002948,1
0.5608432859764206,0.10759249995571141,0.6368867217882945,-1.1722998932785478,1.8503244333129254,-2.1186727131788468,1.6706551912700323,0.4743127053405246,1.8906760028269824,1
0.9372251736666143,2.2873843503043085,2.6291665512912346,-2.7015622537437736,2.6362596901958675,-0.6300332746840873,0.8041658212276268,1.4433772773194442,2.690533273985955,1
1.5298834884051506,0.27047552910096484,0.4066685029315371,-0.5291820426042868,-0.13386550286386018,-1.2703606027923742,3.0515431259242085,-0.8960271387026215,2.587919571677961,1
0.06893105230847263,-1.152304602154992,-1.588588954537798,0.2540644150153113,2.192660866652491,-1.470111032711488,1.3116183818739477,2.266185010611849,0.39133245508203,1
0.1812711595140552,2.7331632849863268,-0.1027280628771785,-1.2327489560905127,0.3247001609224016,-2.424553479469365,1.7051286371983085,1.9949190500505758,3.1788576450521155,1
1.099073062553966,2.670454861695979,-0.7220878146026725,1.3146107809988237,-4.799096057937524,-0.0074870554893217145,1.1906681384884827,-0.9165827285805337,1.4695197737565462,0
-1.910978378545258,0.1104585806956726,-1.521613243107811,-0.1190431156209516,-0.8853185366271525,1.2549471043057276,-3.1548409779405806,-0.10404825524182104,-1.9028077828797911,0
-0.3118270528745533,0.7650730726698158,2.2763374517580512,-0.9820032158524673,1.4239572986851268,-1.148753039517263,-0.18801336585293704,0.2768717445714266,0.5507464131075367,1
-1.9387999093815778,1.5962086314251769,-1.947584586594898,0.8199700277965971,-3.170838812548635,-0.15235231280539185,0.47237215320896175,-0.11908878023908576,0.8839816395206812,0
-0.3292045633289162,-0.13870252074309875,-0.6628638719590798,2.6222140911275282,-2.1035347249593133,0.7797832534435805,0.9320695934335156,0.6583386671652453,-0.9144728586269519,1
-0.6792903196276054,1.2991088468293939,2.5834085276521,1.7428006216669227,-1.444093908224224,-2.68749727569573,1.1533736445876936,0.1697973813064495,0.3013721396387991,1
0.9430406415610397,-1.300407475102711,1.9855971561785828,-0.16842819900958195,2.722816572892791,-2.3635927562006795,-1.6605755883905804,0.4453876341251789,-1.7022845228621204,1
0.7715225308761193,0.7478225329339991,-3.6620338100659433,1.7315212646504223,-3.5942482324143166,0.37182284696091905,-0.6917592981287601,0.3651317504204159,-0.6450002249281265,0
-1.003433810758229,1.852296416953344,-0.5151151907699979,1.478080044273496,-3.944111071485075,-0.8611433068981279,1.4536348321909356,-0.8404641006368655,1.222376405225294,0
0.5672417068069041,-0.9950296472079551,0.8224606954532263,-0.3918219367949838,2.335179797747254,-1.4855627655581298,0.941958362832048,0.660875885389173,0.36658848269267563,1
-0.9688241140349944,2.203152100220902,-0.8039200603781744,2.6179703319454806,-3.0218969532903586,-2.096988571519129,2.1169100925079443,2.0614186297482275,1.1456634137179176,0
0.7282381073058656,0.8981107960614159,0.49395428255030494,-0.7479092782270762,0.4678262729412201,0.6363109872435246,0.8578926877179875,0.569414009411888,1.238444497795133,0
1.2844943775351327,-1.1281153156697263,-2.4554181200015095,1.7875633378220201,-0.04395381803990935,-0.004481591832112497,1.6826353783495263,1.8740601520458893,-0.18444617760222193,1
-0.6936979676166672,-0.2676732919671758,-0.11321220111847752,2.4293266468582684,-2.1803963607848655,-0.4836629731797021,4.181185711818005,-0.33158362512959894,1.4228890498033702,1
-0.841734068994101,-1.7863752273919848,-0.9401699487033677,1.652331108511155,0.5756830333594407,-1.2252996450388618,-0.5912970647263174,0.8815203845973891,-1.9588365392389189,1
0.6385165792483638,-0.8223214741020465,-0.3824131113211221,0.29503060153697847,1.6633555677162617,-2.230198401273484,-0.4281819678849741,1.4178743507814913,-0.6764267866696639,1
0.38658258917092975,-0.7069576710308012,-0.7874315537661121,1.1760143741884104,-0.9306215849699861,-0.39410353066007764,2.71768050646605,-0.36282591394886166,1.0135362140655695,1
0.4280587476511656,2.8792773353645496,2.67319537133236,-3.4704565594621184,2.9438527793390703,-1.8140426023314744,-0.532425072675077,1.5425405848932252,2.5867883924288333,1
-1.9990878128978078,1.6219539829902647,0.05157078546387672,1.2459216667629915,-1.4381136692450964,0.2568758867993983,1.1344557666934358,1.5681405327219338,0.6815915664669384,0
1.1806432316604467,-1.1086604367069695,-0.4391808395304213,0.06278845006350231,-0.3277900796834136,-0.8079583397495043,-1.4409233392334828,-1.4726324135939686,-1.276417758785764,0
0.6727204878601408,1.2713416571186487,-1.1206634135300224,0.6855738070319936,-2.3107164471992863,-2.3044066971391013,1.1451403498146075,-0.25201815122097815,1.354328817582429,0
-0.03984542278078571,-0.3530905062117603,0.6969082295803595,-0.019596122678143812,0.8379537960836778,-2.360897684027856,0.30815902534365724,-0.0027950078426435265,0.17663936711817152,1
-0.624714166853275,1.2368778906917013,1.434359208630948,-0.6187826388168333,0.27459193336310683,-3.3709802456300513,1.3132462830154523,-0.008445580313272139,1.909853036475734,1
1.3422535263036104,-1.4878963880861096,-1.774571754691346,1.2526395175222587,1.3506216367411048,0.1716609157062492,1.485281915935177,2.2332311011477035,-0.3203162400111172,1
1.0317619044996247,-0.867352040596993,-2.1646170404708567,3.636101008144091,-3.0890552937434492,-3.2172423399379286,0.6780541126355839,0.11559785007004453,-1.3779747376345401,0
0.39627092094511107,-1.5372857989614257,-1.6323022745129991,0.1083890971369813,2.2037566832810844,-1.2257119897251942,1.5781806443163255,1.6862875209190857,0.4972095137223379,1
0.1563251439554436,1.3110075995107815,-1.027928687942357,1.1264278411834185,-2.2088656393487547,-3.281388350890777,2.1274207676190175,0.259599712709207,1.8284728234052816,1
-0.5318757929022689,-0.5551952908681169,-2.354691919922691,-3.5591778910825256,2.2009149340080305,0.24874801908232103,-2.568686649649163,-0.7681024551977589,0.3291146563671259,0
1.4413991103217594,1.2619910740798868,-2.136275096399331,2.0722283023881456,-2.828230041098637,-0.45325261133895545,2.836976108898388,1.356220096419067,1.5722409655460987,1
0.5179733762901656,-1.6912607931653785,1.7061316070344295,0.5955097697940888,1.42162726637967,-1.6511781819405327,-0.6508233436216011,-0.5727174146916738,-1.5824729267017283,1
-0.7834881283458742,-2.088929584444635,-1.8044113617402853,0.39443529314941406,-1.9503930230462094,-0.6519293841960532,-0.3323412917097661,-3.607948242382017,-0.8497633688534509,0
-0.3165457032097422,-2.24220839897323,-1.1990841514694812,-0.12201586703706702,4.20829057388622,-2.123465293958187,0.6933130171116483,2.7892095889648933,-0.34906036291672726,1
-0.4533646542708436,1.2471904794298059,-1.5102899375683796,-0.734123718114412,0.32415100763368326,-0.14078399223730675,3.6176926533909084,1.6762569716235207,3.501641151332932,1
-1.5722757797245785,-1.2793649913332277,-2.6696588092987255,2.7383249416078916,-3.3117266533099126,-1.5930465265836813,-0.1723470250051331,-1.2560348981287326,-1.6267946441813177,0
-0.1698932016675959,0.39473674280073967,-3.551974043786643,1.6053743647886376,-5.023365465470703,-0.04305138058163538,-1.246629435482451,-2.0647636118456294,-0.9149612003850419,0
-2.289227264184065,-0.5948322485812312,0.9360157090564256,3.3680059021712943,-2.0056491986582627,-0.42042687513072596,1.4463084095287009,0.15288239009094928,-1.2594314236697617,1
-0.00541133465270806,-0.03055851978930124,-3.074631997075176,-3.416257067128919,1.3872899545381774,-0.592384238498769,-1.3733080327938885,-0.7431962796974909,1.4649541278471574,0
-0.5852905313163699,0.8378826401549038,1.7432065058830117,-2.233357997478988,3.247250726739097,0.6815701183596821,-1.5077929093682756,1.6731526467210402,0.19463192729248027,1
1.473737578076169,-0.1955341366503336,-2.437541531527838,1.4072583843686517,-3.446905617232811,0.0129967504414632,-0.281721572625411,-1.633692887276935,-0.6157025732923997,0
1.352774175754248,-1.0344881588223116,-1.311210919406998,2.095330514277387,0.012117693908093956,0.12793373073062275,1.231695981552189,1.8607990983191112,-0.7767218311513224,1
-3.3348927106258297,0.14100052076451264,0.6064249446582464,1.3752006765873919,-0.13145089024600692,-1.0075116460107918,2.6366604290210933,1.1131822019837845,1.0066671242249603,0
0.5603619506667351,-1.0441138530199663,-0.08080097053488988,-1.0187246840666564,1.196950827049625,-1.2745765092701238,-0.3729442604540567,-1.0228389257256187,0.028604908417488795,0
-0.6128579946744069,2.2734357789189206,1.2992573052615675,-2.4617754299313117,3.164397415484823,1.1643319247138395,-0.7358561050604291,3.272373249321404,1.4031467172020717,1
0.4572126362119861,-2.2761347343238745,0.11399874231731766,2.0407164651404175,0.450398115162981,-0.6413527703430366,-0.9052829595439262,0.12353407689805973,-2.749585405720837,1
0.8321102172211272,0.08763501823303954,2.225201263545089,-1.5801490530823608,2.598964667291234,1.1548522783903792,0.2590626731278104,0.47148951760831237,0.650427739199493,1
0.31251516619556136,-2.2021175934128356,-0.38101626272892475,-0.4167795465238098,1.4688695029470344,-2.263067955862745,0.18750253900897906,-1.3336331544876194,-0.31059773407554625,0
0.18056093819747002,-2.215454632334942,-2.01415779932519,-0.873381772335692,3.5723561673611592,-2.4466745408844064,0.7286134048179658,1.5336499988411867,0.3284060437956149,1
-1.0503841073498064,-2.5317737745392237,1.4083529221844198,1.5523281330574625,1.1273771329898121,-0.6772072823258838,-0.11801416804112685,-0.5987257716434335,-2.188426035051557,1
0.05262213001726112,-1.035234607766852,0.2017830607019745,-0.870863710560132,1.7190498185580314,-0.5614075713865148,1.1098686658429782,-0.31142104853772623,0.7922635433754641,1
-1.0923362979510105,0.8832815992639593,-0.14366864116790323,1.9172203161609964,-2.449241523548729,0.2682830577584403,4.37588964294433,0.19911967664892105,2.2655748067492727,1
0.21554563500995175,-1.271217871842039,-1.8913826655359327,3.4108584224277947,-2.6483942880864153,-3.2782748506998383,0.8414862721653584,-0.2330942554753579,-1.336914131812585,0
-0.6353065343682036,-1.1032744556406273,2.409556180809527,0.04808265188749594,1.2421789337062987,0.44568902913021025,0.880610803013766,-0.9309282475964171,-0.24133495726576673,1
-0.1699791862109306,0.30495768974073334,-1.179350393487631,3.524649182445318,-2.8225083480144737,-4.2464800599774275,1.721534564140101,1.083276849430514,-0.18133736275346105,0
1.8926537083371138,-3.988124797009628,-0.12860874414707968,0.18989835708442593,1.4516707678175385,-0.699430898026369,-3.579131787274115,-2.634390578604475,-4.079556759384578,0
0.8287404536855749,-0.3655898562771205,-2.269998187857544,2.6348260594033244,-3.1279371355784185,-3.440465103364492,0.44685266057628215,-0.46116786973928126,-0.6737102437736339,0
0.47849973179588984,3.570045165977844,1.8926668265316606,-3.059321329603619,-0.9058085642335764,-0.5454722160815104,2.832030113048953,-1.5340537669725962,5.1420117358476665,0
-1.8575714451669172,2.573448428011875,-0.0018995294158916654,-1.5851547386755431,0.6164816507523245,-3.8928585696946225,2.1475931071261956,1.5430887549662766,3.7483970330495278,1
1.0541831646373074,0.9191152646528988,2.233238768817722,0.5166399038846031,-2.024785480178712,-1.6366413691625827,3.1426139239728053,-2.2236851456962823,2.2564749784390354,0
0.4866194801281112,0.4742737619500552,0.2865453909661415,-0.7794166101330846,-0.3385706549011165,-0.5259987679145506,1.8563223385987777,-1.0236118478944793,1.9759759985312761,0
-0.04052238352693171,0.4361005859512447,3.6897103186652136,0.8007450780140228,-0.03017962982223948,-1.0113022513768353,0.3406742011438064,-0.5719360036367027,-0.3702455959507177,1
-0.648356370322501,1.6039059029519733,-0.45934431791727837,-0.7301032902766464,-1.0990438652909824,-1.3299693941001896,0.10650912702829274,-0.2014406521076909,1.4117939155209887,0
0.2089192734777545,-0.5700248970133469,1.8472824719982501,-1.4496676921526177,2.631653530283393,-1.2476165767822605,1.3856173898521607,-0.20836343775611654,1.3472958465339604,1
0.09669070288681957,-0.03335614091760242,-1.752857692893436,1.6627247957717946,-1.98885998219198,-2.5846267750945238,0.8458281333678479,0.030017934128900192,0.1016191374318233,0
1.710808544114316,2.8994012696091778,0.7684625074517386,0.00978753800215304,-1.3459539543745662,-1.1303438368310754,2.8854673109432873,1.2090647127607594,3.1838810197026284,0
0.3470662722002771,1.2626123821088697,0.09651932228863092,-2.8877616541790365,3.183239653137356,1.9763698947716093,1.8976642784334126,2.1928427246068276,3.0994891541753957,1
0.34527050961228883,2.1852435598553748,-1.1988659394564638,1.3469960852159606,-2.762583012717389,-0.7109514136629458,1.395033487617006,1.2428615121041724,1.3386660867767624,0
-0.7048515107240569,1.582499595782068,-0.9036309727326369,-1.5079102919667067,-0.5509565968152148,-0.14455780420399578,-0.4351260296775552,-0.08959825154508483,1.4108796681891578,0
0.29658383715080283,2.6819263589571625,-2.329553344217097,2.226366116669961,-2.716054065262304,-1.9236635171664593,1.3197386290353583,3.380202401590111,1.1421065944631978,0
0.23858418793060485,-1.6265963182108965,-2.1252701598208623,4.8440979861048525,-5.353480726787051,-2.5816174558643596,3.950197131236883,-2.2713158697057816,-0.09463612374445861,1
-1.7302954798957517,0.4480718075585435,-3.1747603000411746,-1.5998104082581692,0.6832897239381326,0.7553012785566662,-1.972600358378181,1.2791779747188166,0.029775791250724267,0
0.9528187772234549,-0.32698832088775553,2.6262508508670805,-0.04172964043645622,1.143384840172207,-2.30041033799414,-0.08827321956344059,-0.5803614625659885,-0.28633973039088745,1
-1.8523425031098761,-0.08397945802344575,-0.41025917149943425,-1.2006121495703326,0.165434312487446,-1.5748182305800662,-0.9599602749144468,-1.212100084478597,0.26368509959930314,0
1.5861972650791303,-0.9894248472985292,-0.02807967543595835,1.0744092846244726,-0.6920313934199817,1.4392354128377596,-3.2760190341575015,-0.5266900990592633,-3.3360657010220685,0
0.12625587271393265,-0.7692985222527158,2.483606144118383,-0.4608476097694467,1.7813870611874185,-0.975008022292933,0.5598661744026391,-0.6216466722455907,0.07612654463660877,1
-1.1353913238732314,0.06576136707455338,0.8001078237815447,-0.6003155963602522,0.2524888674169733,-1.513252382653382,1.5258171022366587,-0.9167902980141978,1.4807710429321184,0
2.5197076456453744,1.4120914910837334,-0.3596987861615295,0.7505818624645197,-2.558584937184067,-1.731160130870931,1.5925276446946992,-0.6616549037384127,1.559027866288223,0
-0.00800004827628134,-0.9113429944542826,0.9615323885928364,0.5139879148753059,2.3753930027892554,-1.2473042064227238,-0.8058475836255756,1.879918243893421,-1.392825798413086,1
1.2882104710660833,0.5772397849964858,0.49159035852236477,-0.12601173582833136,0.8251472861519579,1.0482309241069578,1.2102978590776363,1.3865187494375422,0.888314858469368,0
-1.318409450558049,-0.5748672072379075,-0.15627739812270025,-1.5486544879549857,1.1224891252071099,-0.7131479578438614,-0.9813289647865922,-1.0570766650776988,0.09109373830069427,0
-0.07728950014938255,0.6898657888872548,-1.2442239415329486,0.6157441416655489,-1.8247774082465738,-1.75327260761787,1.0202704342833413,-0.30295134815310076,1.010269481918424,0
0.06842531120790343,-1.7235258689768136,0.44769427760231895,-0.4790050549493373,1.4762408386114576,-1.729932950018258,1.2060535015502682,-1.22644926337614,0.46126157852885624,0
-0.20272002943667036,1.6595269047876506,1.2060113271982917,0.21142039201391782,-2.3350039426976537,-1.7937995627951038,2.524394275788554,-1.5508455764923226,2.455772543718875,0
-1.2006437323210952,1.6281042633548375,0.912866908280884,-0.052425283038984194,-0.09394088286227016,0.042548686965283355,3.3731408130977583,1.1997601624291012,2.832257964903524,1
0.7438296345821243,-0.038636233914202456,1.1582438756873614,0.7361582713934918,-1.2967840399582526,-2.495688770630177,0.5806924737617345,-1.660884748227579,0.15656645625250995,0
-1.201212818893263,-0.2089971639182232,-0.45177202191668075,0.7612616035008208,-0.7245386625799785,-1.9801620845976085,0.882408322381466,-0.2613183358644554,0.3343743417828205,0
1.176637548616744,-0.1110003017658936,-1.286672336840129,-0.3780852742373302,-0.19011468663775427,-2.2182329393145,0.5937426395178624,-0.3968540111166654,0.9568240382973041,0
-1.1970550048264106,0.8522757086912969,1.8803865814852272,-1.046870040427376,2.668628338146772,-0.10563612615586149,-1.8383214391447367,2.2171913129571794,-0.6597355000614368,1
-0.8180789873059771,-1.3026054182573634,1.178895178725166,-0.22733885874128568,1.1968712123081795,-1.23393280228063,1.2782456657257852,-1.1016652151186677,0.41400707840893597,0
-0.7607338467770106,-1.2625905751595115,-0.7507206546231373,-0.7801570436338183,2.3585022373046054,-3.7648492920506964,1.1845515922236771,0.481911777101776,1.0495203802207465,1
-0.29773564888123116,-0.3955725696251744,-0.013648211798235166,0.9638399999548167,-2.6415641965101964,-3.317779672120808,1.3752406829957942,-3.009891690037936,0.7255466350825704,0
0.16872257734587723,2.81358299928178,0.4437879363589089,-1.976010655545786,1.6378138524722992,-0.6024122309165697,1.824213917295799,2.7590059822940742,3.4126841084785178,1
-1.1815307533301556,-1.0960620305859394,-1.1986584701694152,0.15948513851929924,0.08609091806497242,-1.7574817406973056,-0.3292596220656918,-0.5739116669853186,-0.45476642624137104,0
-0.182967040566501,-2.0148743515492353,-1.5905926493397917,1.8510217905167752,0.3506915930617532,0.5596140691575924,0.8245919678587533,1.021360396835046,-1.310531472214645,1
0.9587078449618279,-0.859714503656773,-0.44567768026259524,-0.5096560198393127,-0.2142565399920128,-1.7012467133208835,-0.8356029818753586,-1.80702849031343,-0.3339230605896235,0
-0.410136261770982,1.86859499055883,-0.796809497154182,0.2714102388674924,-2.079731944462477,-0.5287975707913982,4.96572126308754,0.15272434060585838,4.186715637978925,1
-1.0832016831846014,1.632581778404103,-3.4737929271620183,1.277028321611745,-3.944707447992063,1.5299492939050157,-0.5967460149130563,0.4747916935991512,-0.06015713829424982,0
0.9393630640715723,-2.2814065577040314,-0.9743621456775262,-3.368797653548051,1.5881144910047642,-2.708791894255002,-2.0013305731981674,-4.395287601320373,0.14990289260644085,0
1.9979482045128998,0.5558489747025988,2.2128698750984466,-0.7636936732834678,1.2854108233883301,-1.1354875622582592,0.21412938631391654,0.12857211394915313,0.6210899057127248,1
0.2277091184759583,-0.4246673559224132,0.22108055844729468,0.1680234483416081,0.3326137046504403,-2.1690226472458543,1.2440131584962033,-0.26887407336111546,0.7323724221769369,1
-0.37295851021312565,-2.3978446897169574,-0.8758073562952169,-3.3322737252707824,3.2736758705649187,-0.6474134789225481,-1.764403783375299,-2.2447105852774336,-0.11877601840628298,0
0.28488589971531725,0.6559230282938588,1.8690417830275876,-1.7318753293105662,2.872499561957843,-2.408798033404695,-1.0223599239292627,1.1850831806551496,0.45885942554487913,1
-0.32653660337632845,0.8650083413655196,-2.778575980205858,-1.2277453566910281,-0.5916085554046826,-0.045665864004934886,-2.343979994286455,0.355529118951627,-0.1459168789835606,0
0.9265201843464447,-0.5960471908877432,1.2711654261562364,2.038497351162513,-0.9572180012813322,-0.07864069193938006,1.6737430766408319,-0.2385689655429697,-0.4224144745214251,1
0.26532805499989953,-2.166630424723353,-0.6374955963062225,-1.4479001155952118,2.101461916290756,-0.5476484662285561,-1.7637789431588027,-1.3397952910953752,-1.1555836972658668,0
0.5966953809104842,-0.8533176109262627,-1.2996349615299805,3.0515406681419712,-2.2223557417495536,-0.02743755007542592,1.4856161160715944,0.38038308715416946,-0.932238005548137,1
-0.8595408213421135,-0.8332040075560584,-2.481147722604333,-2.4826334147181934,2.1294702771290948,1.2598078615277006,-2.333312426496218,0.2237761938837708,-0.3808029666099208,0
-1.223669272060771,-0.5921917694491448,0.4950126568532991,-0.5068021568336099,1.3159547616074188,-2.3750187293296614,0.5840627194739659,-0.17033549079943588,0.5598339657201552,1
-0.46834868855944944,4.088434185720967,0.5279519019704779,-1.0421867753355274,-2.2224131095459714,0.3705717770175452,2.3881593591338692,0.6029542691590339,3.9183507440403567,0
-0.3310521687503577,-1.4576404181072182,-3.145223027787456,1.4670260440120995,-4.2600438368593245,0.786971173908801,-1.367645004109871,-3.615767528706978,-1.7954825453298793,0
0.27352156747501716,0.4963015702951803,4.514443557655097,-4.107975413635705,6.092090622399426,1.35919983467626,-0.21889452708780133,1.2326903839632983,1.5350468413394898,1
-0.14215117360181917,-1.410897151140284,0.3447872798046152,-0.2598973198666288,0.8129081581424771,-2.648395536073684,0.3857459814875541,-1.4342203218616834,0.04703958907264819,0
1.1619011299565059,-1.3580355912104163,-1.4177100450719173,1.0621133643122938,0.6118379676785066,-0.5820754557154875,2.1432742417038995,0.9671048879164381,0.39694547046088713,1
0.7888946307844868,-1.1231178048612354,0.5793414378767403,-1.4243613431189326,4.2265705678657195,-2.104253023155711,0.21932321382562403,1.7447609660289927,0.4039531951524158,1
-1.4122586274178004,-1.179829492391401,-1.5510358646792288,-1.5309439181160025,1.5366223845623403,-0.6229740259808246,-0.33616657284677065,-0.5475478668622911,0.3756817996255332,0
0.09011042923108632,-1.5695262263578358,0.4561749704161425,0.6625576515114073,1.3142574990425993,-0.7857092387861936,-0.32418556865121606,0.22982129322602407,-1.3135218561008462,1
1.1087766603072329,0.423210246793976,-1.0017672260197301,-2.431572278169024,1.3128173570139063,-2.1858355936848817,1.9202623296499892,-0.4673919496948532,3.1894479590036275,0
0.5304897985298728,-0.22782039784831376,-1.2325735991245876,0.7538245236033476,-0.04975005023730073,-1.4510296204836846,1.485327321303107,0.9785455776830052,0.7017689455114691,0
-1.5222053049258542,-0.3006302165091358,0.7671658585387842,-0.4048312935913969,-0.14606168160458277,-2.456025703115783,-0.1794448910440659,-1.6446084811683974,0.20226421484988563,0
-0.9681867507210938,-2.341556032366076,-4.9105714964872815,-1.6918885628216411,1.6695107832561535,-0.046930378300263365,-3.747743626880526,-0.07958249406173301,-1.9980885064376426,0
0.9916463782608022,0.3442080719666225,-2.028885411733633,2.484681754014673,-2.7643320259426227,-1.7433716584901822,0.7901288329365305,0.7022570070622403,-0.3020376197471692,0
-0.0004091858982701808,-0.5959577987531945,-0.4271335694960362,1.7459156232440107,-0.2621398439762986,-2.0635724151502917,-1.4409204751159717,1.0570951418669403,-2.0344083677827354,1
-0.3301680625068308,-1.9705242697340908,-0.8947483109349538,0.7022093744159075,2.0589581469506473,-2.6716184400522422,-0.6701741641268035,1.2349533309114116,-1.47237996087205,1
1.0755000211306371,-0.33726778352072617,-1.148337215680696,1.4613033306970582,-0.05611008422844681,-0.6521007983160454,3.1983033225430564,1.6449197926441332,1.2783105609138037,1
-1.5608777064808073,-2.9057555282763685,-1.5895919588079643,-0.17350335530985683,4.133746733526117,-1.9672317780229782,-1.1159382321430003,2.1158309229959307,-1.7547755966488265,1
1.744311252423273,-2.8323483151788684,-3.354758096476312,0.38201166357579597,2.376933095024032,-2.073401671358594,0.4405923125658895,1.5001324222053032,-0.6950508746475568,1
-0.7658840683206206,1.086495057917666,-0.7075543903605884,-0.5075983466790686,-1.8226228467060397,-0.13576444102816965,-2.491793011712704,-1.1310982292159273,-0.7017805379612139,0
-1.3743992484741285,-2.5385477490426673,-5.350986298953856,3.4255904474215004,-4.650439354477466,-0.41006449217171737,-2.472618406250875,-2.070216702822583,-3.822729799494055,0
0.29060469726179183,-0.318932389578494,-2.6677357244366866,0.626797196087783,-1.4009324449333271,-1.5456915346348972,-1.5595464479879366,-0.13912868433926373,-1.0326772515233142,0
-0.5900259690908214,1.7488164083924889,-0.9798533355378973,-0.830995981275531,-1.8504105810533358,-0.014761767783230795,0.9217029729676064,-0.7125580353687864,2.066797674352003,0
-0.8635683597098927,2.1077585655989584,-1.9996281545440264,0.22156636108563332,-1.042298695620973,-0.5062522206067999,4.115739463358762,2.3170491827300843,3.7592746178854113,1
0.5210286893314037,-1.1710338934274334,-0.12823255137940626,-0.6809382408057223,2.3236391076854876,-1.4591875676162296,0.6242068625395101,0.5955693352465794,0.36046891221682215,1
0.20259852447607388,-0.25101994812230255,1.0055381757108957,0.8615898219815823,-0.5745514185312018,-1.0338655619992838,0.0211042188475008,-0.6269407783549068,-0.5721522642615816,1
-0.9365198458054912,-2.208760131022327,-1.8354573487780783,-1.452507580461471,1.6049729589112112,0.05649691880288721,-3.7425863811118854,-1.2777139134539206,-2.399135410455211,0
0.13673265587151023,-0.5844888934526333,-3.066175282659346,-3.3217186698669616,1.9152185993270643,0.6532347452730087,-2.6780584212107397,-0.47554360541277296,0.14846109067351665,0
1.5749343137890586,-0.8279951486148527,-1.546976630073928,-1.1057656074930726,0.6703301062164031,-0.8092554237456457,-0.3738911210537771,-0.7282269995783938,0.3078065773742244,0
-0.4271105487326319,1.6924347846536998,4.227397547489955,-3.4013640799079754,3.9485502726151434,-0.1399251457814521,-1.2318536074139228,0.8510539742009714,1.2209110518315294,1
-0.9766776953073547,3.9157740694061927,2.5964048168277776,0.5141801434691904,-1.7813090763697226,-4.023732972361079,2.4364149106134985,1.2689000633196459,3.090204294356282,1
0.6389230223745517,-0.8557933322306752,-0.5521607274140727,0.5315019748997403,0.37972375745679726,-1.5164482196503837,-0.02642378153273639,0.198772182060862,-0.5087321087497141,1
0.9751071432888088,2.169413503738717,-1.8517696278109215,-1.0852158566050623,-4.207591099740945,2.4053840988728576,-0.4250183532795506,-2.7115753287244706,1.5360702881112722,0
0.7861205475982457,4.8676491908293515,0.5491949211604297,-5.003526314625412,3.3654605309567445,-3.4947462392387436,1.7671565779818934,3.498942424706811,6.189796564679145,1
-1.9619668506783159,1.6810237335144707,-0.7803121426545714,-0.7190765235466661,0.2706115190488335,-1.539556884669552,2.617052675447888,1.6691283308392566,3.0536057485418735,1
0.44088101139447555,-0.5015736084398683,-2.6778921519903545,1.5908073581401856,-0.3265810160930382,-0.8956524744713072,2.1241722328645514,2.0529057180200767,0.6077148883285813,1
0.11233794873237668,0.7268744078637162,0.06128198371849636,0.6853198236129241,0.028351941927350164,-1.745579027412303,2.4046577578203676,1.4209720063233733,1.6202117697978125,1
-0.5809171771941184,-1.7538763354534015,-1.7004106819865052,-2.065417986773422,2.106506713357937,1.0866487734354373,-2.8789238294985906,-0.8180238289949946,-1.4163627302693518,0
0.8033160427378291,0.565531219155009,-0.3869597817941086,2.3023755367435736,-3.133234491904255,-2.1493212567948667,1.7144842811602738,-0.6126385840822585,0.43219060419230915,0
0.32450432237081295,-1.533810756251778,1.888289116687595,-0.41661481440675885,2.6467018715770543,1.8279393944690172,0.7049211219475997,0.16972779561304097,-0.43649881561535947,1
-0.007237313449535615,3.5271305102086425,3.1395598764009236,-0.47346070130483,-0.9200124711976226,-2.2488287142874777,1.674535796402111,0.6490062879855887,2.754373394452288,1
-0.6993188732566719,4.82593311262446,2.779087616106712,-0.04898829022601947,-1.8628199233170055,-4.255956967120243,2.0349567098674033,1.4979673296336724,3.5327185011711197,1
-1.0758585618378667,2.820355349297815,1.3913876756496766,-0.513903702902925,-1.6166351685919438,-3.273262622915692,3.0369369293159534,-0.37032335085650003,3.7620155995004056,0
0.1437374378208569,2.2437244030522905,0.6808257980682628,-1.7341822203261241,1.0253903572846266,-1.2030257470754202,1.9369271239068881,1.4108883847464726,3.210434141925012,1
-0.48870197023212386,-2.046901626939535,-0.8035864440331573,0.24090921841159318,2.1332163837227793,-1.8303310787265952,-0.922070142956873,0.7432982493504332,-1.476063231402804,1
0.4249025317863849,-0.11835327987872224,-0.50187128660181,0.050744223982718606,0.34157090052377487,-1.734836757344419,1.5380141183378209,0.37426861348716756,1.1467842673944404,1
1.379111403168567,-2.3839047535875215,-0.7666263528712369,0.13250517708311882,3.5427022320554196,-1.962110458820237,0.05272094597676491,1.9044167849379456,-0.993837076710089,1
0.16685938989267557,1.0401531968460391,-0.692595718362258,1.787332844948162,-2.4424509794282794,0.2675045262919402,2.901780790703331,0.5727110387187437,1.4679819923670843,1
0.8930559267110364,-1.7695162814591376,0.11033014164626809,3.0692707529636203,-3.1194313814769394,-3.8781883145971237,1.6282683599868948,-2.9216947760644105,-0.8723619905443394,0
-1.3047937736208417,-0.20774054797576402,-2.3048364449722767,-1.9203309333635756,-0.39992460749629066,-1.1150435380619321,-2.302172084073436,-1.8492303515582496,-0.040897873118100524,0
1.2855004964844134,2.5994318455116296,-2.5438977680889714,0.1558314457938773,-4.5579137393136095,0.9216363120105966,-0.2907905800805639,-0.9837900763494063,1.2451238411562702,0
-0.28948326918784945,1.098070602451139,1.0045545969969485,0.7271074490123439,-0.9155909952657081,-0.7804446653026607,1.0817581097067863,0.3984800134877773,0.7408293135214176,1
1.3049402040080331,-3.0811859046570254,0.3442197056389832,1.2545648495631245,1.4781260561519929,1.3453533544133935,0.5063249944509745,-0.4448741395778031,-1.9129478112313616,1
0.36358427384619,0.7954928500241167,-2.127125643323162,1.1043638865972574,-3.042767212118703,-0.029032698863700745,0.21156941670430274,-0.4747626642247982,0.220214882034833,0
1.2604293992232585,-2.649590582690461,-0.19703188709620434,-0.25518911209669404,3.2630887200283385,-0.795191593910265,0.5337810059034305,0.5952056159032832,-0.669478417564485,1
1.177570414149464,1.0690189201858877,1.6228858937352566,0.539677989173043,-0.6616081221145289,-2.152635108015428,2.344170852691463,-0.03264842650795008,1.750397684544225,0
1.4776928730321528,-1.11128602678171,1.2831265625342558,-2.744338149999666,4.757139888126987,1.879021354789157,-1.890961473977094,0.9882502182038125,-0.6804500384056111,1
-1.3055124375829716,0.4908526131477856,-1.5796095640073053,1.1243632743387657,-4.067831341279905,0.028511680871385225,0.11405145548330453,-2.3635735653136027,0.058993176047221915,0
1.4478577661513639,0.9473768587736061,-0.5278299505171504,1.6719748080275694,-2.6691589760283474,-2.5890476319738016,1.6822357590953625,-0.2837082136295236,0.9700673486476997,0
-0.3098522246904981,-3.528787001831777,-0.6589824073083677,-1.8703051248528704,2.678589091884979,-1.7058816101522498,-1.711405650603141,-2.852747085210169,-1.3012763444621918,0
-0.5318436228112274,1.731227146719795,-0.11142737450287699,1.7877119148049792,-2.4747517713507357,0.6191640331517216,1.6822031213026374,1.1409053746366078,0.8196667139086423,1
1.375179057607244,-0.70985382690524,-0.5428523651180239,-0.31178309234142787,0.7570871433310519,-2.585613202651887,2.1971701141237725,-0.32613569897279315,1.6479470370088367,0
0.4762650172565557,0.8356324219759554,-2.594214293986208,0.6054495141974741,-2.36688121291331,-0.16151820199975242,0.018636231270983794,0.06418408380722274,0.4204961710578173,0
0.33914168620787005,-2.1382743864077263,-2.447641108550182,-0.4603652750665842,0.2904137482503313,-1.4404412857021835,-2.284052826528913,-1.5589705170842274,-1.6978553977698256,0
-0.654984488608719,1.590909447047836,-1.0034147122337258,1.477936067440162,-2.7910706410789454,-1.7088445248314477,1.4770205221985306,0.44607758208588244,1.168212150873116,0
-1.1401971977561183,0.7475828800561122,-0.4370365938373316,-0.7811342248303165,-1.3497530935179738,-1.2335029128240862,-1.3027897318034396,-1.5544144170160918,0.18362138979463113,0
-0.2540205661706743,-0.9420163984470863,0.5143641015869678,0.5349052326665578,0.6922940638658452,-0.8838270258400308,0.9114414296970348,-0.022664535202059355,-0.10557216466206452,1
-1.910965935592205,0.726310338363332,0.28157863756330914,-0.3692175304432259,-1.3297733085429537,-0.48178961412402765,1.7691123409231353,-1.4677781704420658,1.8359834470658234,0
-1.2544010597275013,2.025105914869591,-2.4231326398302766,1.64067601996549,-3.6584919947464303,-1.049686238770646,0.45013152556473335,0.8989440806708486,0.6875252054824363,0
1.3227428318797865,3.784757959238633,3.089203042002027,0.4240074197264335,-2.6690287687366174,-1.7553303436959578,4.324039677205274,-0.18720258659332367,4.176163033206466,0
-0.22909010338315364,2.269645301452006,-0.6816448923404926,0.3472295232239927,-3.5792039229994725,-0.4053212720436541,1.1378105902503588,-1.0648915491719502,1.8236177797905238,0
-0.250854661227695,-1.7742348262983998,-0.4117563412040085,-0.7542871576148202,0.5158208941067723,-1.5269972175057633,-1.965215312267859,-2.241287149878568,-1.3685948788324998,0
-0.23824430189845403,0.08787185640702644,-3.493163265878129,-2.431261655904634,1.69184909316115,1.2624998030610661,-1.8371188574494068,1.3416868744082344,0.40436617711710354,0
-2.0919602950264222,-0.4358097624502778,-1.8917077069916883,1.8770403660200663,-0.7979286184324802,-1.2699337654495906,-0.699701923991954,1.535036434905609,-1.4468932027369574,1
-0.744872785276274,-0.3160452452055542,-3.3898293816127367,1.5935198229771466,-4.071242686930859,1.748367963061089,-1.07535242989823,-1.6539139991190925,-1.3359847725721532,0
-0.42023907486497714,-0.8610773337060627,-1.0478228985346145,-1.236560653606936,0.623049177277205,-1.626160593051086,-0.7280147754130235,-1.3033863070777074,0.175968217074807,0
1.126457757129158,2.354417810865593,1.4901554869545257,2.8191814570655427,-4.445236865351956,-3.693763897798167,2.5715882222605497,-0.6387521555274001,1.4411202059401635,1
-0.2592759743787534,-1.6484930386220076,-2.1995953097084344,1.4030909107751646,0.9070747380764543,-0.6485541755485064,0.1740985758792859,1.8422334426147162,-1.1975313763623496,1
0.814322851407777,-1.219979502168727,-1.922654413155319,-0.9083094520590941,1.8396866354529269,0.9513797671651767,-0.6066495642810696,0.8640821669311676,-0.36166257298535404,0
-0.2914063613488932,0.5289392332977044,-0.6393055248060311,-0.7596054682130993,-1.7017084364785122,-0.9572421084819429,0.8812690309614328,-2.1721322210566925,1.5807104544468358,0
2.021193599580755,-2.3293227073217193,-1.1065914645494248,1.4369086286544426,1.0956664482481517,-0.8774491537611402,-1.6555504928417948,0.7821319400340778,-2.806984621487502,1
1.7308151930447429,0.3441951138151368,3.0297983064270273,-0.7182653254930575,2.3536918977860037,-0.8038032293555086,-2.7741575890970194,0.9755508034777529,-1.7044968010601917,1
-0.02642552136706281,-0.5502329230298755,-1.9653855798352384,1.6639473296926273,-1.0604225391533226,-0.7415279380698907,1.4447616045900247,0.8407666284523614,0.06652252254908926,1
2.3970239182011865,3.2672214954268153,2.4797921224910606,-3.3795599208171203,2.6768866354160155,-2.674831977744174,2.6180575428153956,1.6885427862434124,4.922055188850465,1
1.3616234583088176,-0.7194590486920627,-1.1445046257695026,0.5231097013333735,0.9371603116531102,-1.8811408436263304,0.4865835944872303,1.2951365573960085,-0.06289631043891376,1
-1.5370679870688635,2.495041615353863,-0.4008080229155664,-0.5202221823007794,-0.2313437010173288,0.03005490747267303,1.580845296618262,2.2492944526772103,2.390703700065029,1
0.20845721705236636,-1.8162475270175882,-2.448485793597591,1.67317644799629,0.6139396180808163,-0.886324123669095,0.7291278329722297,1.6757938720985606,-0.9852188990003076,1
0.34298296736631834,1.2332036569531173,-0.4767214309199481,0.148608490963978,-0.6189207161305456,-1.5844214990525383,2.14283537726185,0.8937292920760241,2.069003052335529,1
-2.011981365705703,-0.7308171378768835,-2.4507705215880096,2.512570337198686,-2.9135844952678327,-2.2309704897924068,0.19452322389296484,-0.5534350873668248,-1.0237900569406386,0
0.03360170735355592,0.17188425098104443,-2.2665063056031762,-0.8719692078424797,0.7511726185185126,-1.6452188867110733,2.646282174291893,1.0261811773328224,2.713298115433631,1
1.7107757776943866,0.40313428551611497,0.29886049519916835,-1.1939519859073007,1.7785449546722758,0.04915754103374259,0.09171386706853346,1.1548945188461586,0.7798109228300864,1
-0.7037369567249628,0.1491517559718557,4.606842184609102,-3.2294945859482005,5.811266611981874,-0.9440205436908299,-2.581523944645162,1.2943213147040789,-0.5007568640649894,1
1.0610418591835804,1.9443121867016306,-2.6413037022410144,1.0338174284329686,-2.9679467027063646,-1.6408323958419808,6.6195741071790835,0.8003450301255461,5.211143476729298,1
1.7975448446859867,1.3115743552525898,3.262797937483459,-0.7898483313804756,1.5323008104918843,-2.1816923708309166,-0.6457162052567738,0.7009272924344712,0.3230549534086009,1
0.2397968337419887,1.9834010456291495,-0.37886576657923243,-0.34251794112919987,-2.567056645227198,0.07793929497795249,1.2979689734693016,-1.0634981523470397,2.0945888076015944,0
0.6031960730586848,-0.7680489005604075,-3.0353676804875027,2.5218643813594634,-2.513069314798664,-0.8832412692948277,0.9828711982896794,0.31768088018227336,-0.6242988313760751,1
1.4471347984448446,1.1462543964369605,-1.0451633358988566,-1.8593634206199838,1.0650460442566305,0.5795375438157386,0.5925223986786143,1.1006637537321673,1.9604482180931713,0
-1.6540355002607023,-0.15303236208015414,-4.3076922179941874,0.22221475345400954,-3.085882748717495,1.214774003026129,-1.7858483933861264,-1.3936158497277704,-0.8285669267048076,0
0.38816803343394224,-0.748863733895627,3.1630059137175714,-1.3992054415714528,3.327160056117217,2.1214511426518037,-3.1326052103224518,0.31925708924191887,-2.3120597912991787,1
0.7839731429926151,-1.9322546236694813,1.6046755732741218,1.4379763393818221,0.05800818409075865,-0.29661941464990393,2.5215948266052193,-1.4961320978384336,-0.075606347373495,1
0.21087235851051478,-3.6980911978033584,-2.244623416507979,6.000206306908269,-3.8971278299651657,-4.180353683931294,0.38267075545290796,-1.5696097255442394,-3.9696576207577747,0
-0.5760251704766678,1.1877587805045522,1.0541755370235093,-0.06238982956589245,0.7502195619687184,-0.47193020077902004,0.6633201205343713,1.6792353185462934,0.8113735572260322,1
-1.0440859358238408,-0.024325110133215366,-0.3271390915237674,1.8411508012773175,-2.578959435962136,-1.300298472389522,1.567778313437867,-1.1083499830513706,0.2654552025493469,0
1.9607178320387029,-0.9060063194827273,-2.482781523098714,1.5121279446687688,-2.520086621429619,-0.6270675380183144,-0.1751755094716343,-1.2524192852755887,-0.8931790327502835,0
-0.25688998392488877,-1.264405058049247,1.5874561066767838,-0.5649936303135044,4.037994029667761,-3.641576257587066,-2.6638550051890526,1.773027880667335,-2.064531593956726,1
-0.6655338670086792,2.2700351864267994,-2.3668428229320657,-0.11238609157021107,-3.2841932682851276,0.6386574738337989,-0.018147204934313654,-0.23227416863526684,1.3724094687315342,0
0.1311121961784342,1.8559605359441975,-1.488050809497436,-0.04222894088705709,-5.187044702616589,1.5539614078532034,-0.16117441843821334,-3.369018864297223,1.0688288452078512,0
1.7839141981831486,-1.8999123051967919,-0.6172616452785552,0.8793739051252899,2.0528845254531842,-1.3070901183018315,-0.20446905178226893,1.498015222553216,-1.4050972859853021,1
0.07485181221561789,0.8951354272565369,1.6640819782781633,-3.959430033876204,5.0435565605903845,-0.12503353612515478,-0.9766620017213372,1.90699593432317,1.5962997265388226,1
0.6989037915017654,-1.8206052214255992,-0.7580769540998378,0.37508209496667266,0.4299874146864728,-2.021736062542183,-0.177669407472688,-1.0180092772150124,-0.8099122223854229,0
0.9880959835766874,2.4575477547457183,-0.1340715226492829,-0.19305779509218435,-2.1482081445992516,-1.5134467658826547,1.856087254031795,-0.10092941091144181,2.6494769824817106,0
-0.035638560931668735,-1.3679002074901025,-0.7051550165690915,1.82137997125832,-3.033218171301663,-0.9672477065673701,0.7416812003884693,-3.0543646945484473,-0.7402221560550832,0
1.519378182951953,4.377414933842077,0.5865025454955007,-0.850403983346153,-0.6219034248014581,-2.7776888322022737,3.318013069516874,2.792434610453846,4.693036209082874,1
0.8483172197046055,0.28567237051871874,-1.551562936255046,2.188426834970625,-3.043603988905938,-1.908167186764861,0.9166256903861987,-0.325481136630282,-0.056507348753951546,0
0.42323480251812673,0.5006671517563683,-0.10633955659298133,0.4360628915955512,-0.6177330592088328,-0.9138729067360538,3.1250958321187006,0.19821796297891137,2.169554546161701,1
0.07374078620654491,-0.4352660279977698,-1.2685148388975032,-0.711359725319998,-0.41632717144219267,-0.4382859701838817,-2.348815481247581,-1.1899287757615993,-1.0903855014779809,0
-2.0813413886427115,2.334117324516445,-0.5007397653982999,-1.0809448877924395,0.17368312300660294,-1.1506792754114001,2.347685169574241,1.8140489673695015,3.2913998608234327,1
-0.39981733107460027,-2.1145128639146713,-2.3860236806960406,2.3000075053458593,0.8850071923330342,-0.5407818333926613,0.7608831517761505,2.3893469941890766,-1.5378443136146545,1
1.2498210970536792,0.5592414360787055,-1.3286952780224488,1.7649784251963556,-2.7425783592349298,-0.3487407691504013,1.0228886475779282,-0.07842537081097256,0.185393884253168,0
-1.0783447924360212,0.41132252476350195,-4.05869539050799,3.3804303016811383,-3.770931867256121,0.6200096561711408,3.2373800688493115,1.7622393513378056,0.8557279647116857,1
-0.1888801367134558,-3.0665894043349944,-2.4665530106435343,0.0683993113392114,3.9392267124226787,-1.3519422490998285,1.3705430705726425,2.388208241449303,-0.2539411018818948,1
-0.41205226978492193,1.307979036526278,-0.42536621650114725,0.4227739743662139,-3.9541876487096443,-0.2578429038837565,0.9467270009319847,-2.705949226736277,1.278406514842612,0
-0.8673145087543316,-0.9187800979871548,-0.6689380126500424,2.0643403048363096,-0.39424243499580713,-1.007344540484108,-0.7034254228212244,1.0812061650731628,-1.9303958446669816,1
2.0711713025331107,-4.148845107397441,1.9449978730182356,-0.04019463045078764,3.716489030246687,2.1067913545573655,-1.850641566044652,-1.1080178831246532,-3.5081892183393206,1
-1.0892244918732625,-2.4413655876008455,-0.7695927604894451,1.2692011992806589,2.466236272299517,-0.7756587009786908,0.39872140385487254,1.9295891225356772,-1.5245958808942646,1
0.15143376016071822,-0.1194742206807825,-0.13732955740721597,1.3457535596384473,-1.170510931938655,0.5879449601941713,-1.3842395274149155,0.14421836480814632,-1.7708191388767023,0
0.31530962677059116,1.660928061910531,-1.6982138583032347,-2.666483771158842,2.3015404392454353,0.30278539634991275,3.0533291449079707,2.538815123991286,4.303277718050863,1
-0.08669415358537777,1.0634047283145838,2.4137285474175827,-0.686392969031927,1.5549026160675687,-0.6305444121649841,-0.9910367022449391,1.1511459993895063,-0.14036199428478585,1
0.4230799603243528,1.4029591099482517,-0.5570611464703413,1.4860454615940064,-2.8038086248972016,-2.3465593000407905,1.6307898386754505,-0.08169204725192358,1.216092749015835,0
-0.06602198594602875,0.6495560502932578,2.6987847172538686,-2.530411077417407,4.04758696856389,0.39259364815833164,-0.9546508084033389,1.5637575779233512,0.5490748727883643,1
-0.8244232886633468,-1.20266365193307,-0.04376245440617543,-0.6180467941028054,0.54057579693542,-1.594948650596421,0.2613560200566283,-1.634894170756438,0.2274027201928662,0
-0.8277313896965831,-2.122625971063719,-2.5987967561933907,-1.0741993876646976,2.3345096962349126,0.8242555298972698,-2.148004535549711,0.5882638408711751,-1.5995623004806738,0
-0.5951689990751792,0.720863951758079,-2.721878149753402,0.903483450145977,-3.4469388924618856,0.796482989303668,-0.3873761770344817,-0.8969808782314026,-0.07107936947419582,0
-0.6331863393652334,-0.22728899428979232,-0.7354338286683242,0.7749217191513561,-0.14099429363202498,0.12388947687343421,2.7781498691373585,0.7508027448743082,1.3637170028306238,1
-0.27005489814431205,-0.8987178381888391,-0.2570100127702444,-0.6519565646152443,2.5108177428567027,-2.6835092726358325,0.7720439874837863,1.1275556221569725,0.6603311475820611,1
0.38364438496964126,1.5975987505672264,1.334326935183181,-2.060337441782569,2.250680059432793,0.05240321377830748,1.5716003152033218,1.5868269861577737,2.632864056048587,1
0.1392233984636159,-0.7802021950877536,-2.636636990940519,-3.054342722464718,1.290509988214317,-0.43345044518966347,-2.504726633050202,-1.509275458897613,0.14197725766844788,0
0.14796888063276262,-0.288805588590628,-1.0265118778623534,2.1267620370956664,-1.4908820156748417,0.6771592048528217,0.6018392379554568,0.8493998015470652,-0.8878632991225861,1
1.4769122963102688,-1.3791643859725187,-1.4449250424045839,-1.7271049058006729,1.8692397022601197,-1.0804406207167103,-1.0637944039367582,-0.6764316761696733,-0.059452293164704476,0
-0.591374223391938,0.11089669986481021,0.021645590746603105,0.754399298723034,-0.5197249610201552,-0.2643307035844792,2.076360799126158,0.25936032360360195,1.0302136422026846,1
-1.3865600587809983,-0.15362559382546448,0.9727406037206088,-1.6943169799818159,2.893552470225877,-0.20418946207438415,-0.29340179406306066,0.9369927947792083,0.48898923271297623,1
-0.2665722849289853,0.7821618178952883,-0.4292744215443016,1.144381302063645,-3.9471577628382692,-1.172952001971418,1.0266300423347745,-2.5769680264088053,0.765810582252908,0
0.08530451504745419,1.1213306731920731,-1.6683002849048933,-3.6756437024638084,0.6792655430261408,0.6246951402742329,-2.565818250179542,-1.1027561276773814,1.068142716146114,0
0.5323720112967234,0.8124037859763882,-0.3285427041317236,1.257188654000571,-1.4132039590431602,-2.100317628575896,0.6360806921748539,0.6172439581014231,0.2999404892054566,1
0.043640132465737946,-1.3952537624445913,-0.4437130037031676,0.6887037203136064,-2.9303713561677953,-1.1190918887553503,0.5097035464917945,-4.421821403527472,-0.2077532187544134,0
-2.0017254812342866,-0.48889042199777466,1.2838565167151503,-0.7869820814169823,2.1661272670809337,-1.291778716728528,2.4169689223920305,0.33065577836552085,1.7516815813346678,1
-1.8364888385704266,0.8641751802086157,-1.577320400591291,0.19941762662263152,-0.9154920266140795,2.2614031734048203,-2.858104140002845,1.2523124722392383,-1.711689768423796,0
0.05705383682536383,-0.638213344906981,-2.2699178611673094,1.431484231306725,-0.8316185736823944,-1.4859067931666305,1.4091839067065977,0.8311022368559681,0.23922112948867846,1
1.552480373785073,-1.1997953174648486,-0.1099028361594524,-0.32407449646469644,1.4680479530883193,-2.177016545477631,2.0141475454012574,-0.21560205965125612,1.2028712374867614,0
-0.8284081072387681,-2.614616619796402,-0.9735296062994908,-1.5734663258194175,5.2498119464081565,-2.4433763582790062,1.2719044800179005,1.7800342584756845,0.7378194820487738,1
0.6984327820629752,-0.7675494683818394,-0.5352442002977162,2.3811370841384223,-1.9158488040447947,-3.542022987069658,1.6726784030049937,-0.6636590184107836,-0.10511674355420884,0
0.20252088273393662,-0.510721539976884,-0.19528891071719634,2.2058035309961053,-1.7509058388513918,-1.0005201387653104,0.5299509565738436,-0.23660243061293706,-0.9629895091935392,1
-0.5139962783283388,-1.9764255113993823,-0.3480798098021234,0.81434153938331,1.0215359368758257,0.7885796593786882,1.06880896544953,0.07482308438319407,-0.6765406113173785,1
-0.46760953341722744,1.5710449602922942,0.3269624657083636,-0.603238541891113,-2.191738751286112,-0.8655637018676987,1.6588942245675355,-1.8601515556376427,2.3382685843373006,0
-0.5351642671676378,2.1207360444238845,-2.8772675960624605,0.9503176319903411,-2.0851697178755417,-0.9999672911782892,0.5045234340388056,2.402346547718732,1.098022999545039,0
0.11586075884199988,1.1007549678165955,0.04158740380055548,-2.335209000639694,3.035372906197125,-0.041174896991178156,0.8321144258063915,2.321986371205771,2.1874919427508113,1
-0.15994214829883396,0.6110960446883562,-0.8659855609204434,-2.0847987148697493,2.789824465904775,-0.686418068412973,0.1672429604964949,2.1416614519413644,1.5697986034996487,1
-0.42035532657652597,-0.7418656930665484,-3.3196940078342116,2.8607722248321292,0.49043890033176224,1.0227571140288259,2.3180620515731665,4.777100944478375,-0.35625333983155777,1
-0.7922540927747564,-1.6623136834015533,-1.8080058960576026,-2.889238590134333,2.7843504501964453,-1.8240963870927902,-0.5306802850032899,-1.139276859342837,0.9568545952118094,0
-1.5821751114432072,-0.7575341190218021,-2.612448945192582,1.4156332106585574,-0.31539953068305127,1.044863831535611,3.8008933707353667,1.6597985944412215,1.5526841590274947,1
0.4159226590575908,4.539874156678547,0.8923129476480935,-0.5552098271721344,-3.1918027707509213,-0.7754579734385749,2.6216525792691177,0.1970470955747874,4.099692861950692,0
-0.29476407422553264,-3.6616658706207437,1.7342858881400263,-0.10002893216802722,1.5710936717097779,-2.263185618486788,-0.8953943767407291,-3.627243599699088,-2.004635792351103,0
-0.05801509439393041,1.2411706267311369,2.8426417893636797,-1.8403382451976338,2.674751719233203,1.6493362776580809,-1.4056003771615826,1.43507078161739,0.015166227888703653,1
-0.15823013651088605,0.08581618954335779,-3.4907045640782863,3.1345145021672254,-2.7316731866006996,-0.4717127314639207,2.5608213570500515,2.004216942553404,0.39387250914380684,1
0.7984387259825529,-0.7003824236630884,-0.38134268835681695,0.861026008778887,0.26285240982924435,-1.2255028244319845,0.9704028641475622,0.5328319891931121,-0.023225432948984624,1
-1.481845501081295,0.7119467943309596,-2.1416999292176344,0.2582599746595754,-0.1044367117015912,-1.1005363818710547,3.61258113933109,1.8853319264606236,2.8603405261047676,1
1.0355650677774098,-1.0960036838495422,0.8807345024718616,-1.2610751109163005,1.6516745528926888,-1.7546001862165892,1.084867788726552,-1.3877268498053004,1.05724605393685,0
-1.7313068096727535,-0.675722540954685,0.18386574833513358,1.5607148960640438,-0.7527355058641944,-1.839450713469898,-0.07095950324410816,-0.2005408910131008,-1.06310693051602,1
-0.14897166476435994,1.4119531863021997,1.422511172205331,1.046147934575684,-1.1802857826392843,-2.2862248384842934,-0.18700135511698068,0.49659542334839935,-0.06619260236420052,1
1.5857745680463387,2.2992957562984926,0.6415084341051678,-2.1891182838987837,1.6970402138386431,-1.642684705165552,1.461866948895283,1.775265340903943,3.1878401114521937,1
0.3459436679800666,2.350713509473784,-0.0064422102298988815,-4.655768829831586,4.235773764274822,-2.3808728999152713,1.4387489141390553,2.3776686165325014,4.6668896222063,1
0.2748930089109721,-1.9374894146222934,1.094573909914708,0.758423211756281,1.1522910732504066,-2.1349557393321916,0.9305637950987664,-0.8027078409347269,-0.5839686513335676,0
-1.1354441943371232,3.849300942183803,1.2957964500257244,-1.3221783289447817,-2.9357599168380126,0.7945634760814495,2.441893599054313,-1.2499100489066075,3.9889492991219138,0
-0.2986653905796983,-2.755044151367345,-2.898526766669218,-3.4867306551449553,2.410900944314328,-1.8221988568995586,-3.0600433952152257,-2.9716019854402056,-0.6393777738426928,0
-2.429112337166646,-1.665841638479995,-2.8733665401039232,4.199404665309888,-3.86601851915257,-2.8104897870778713,-0.11304575591321897,-0.7238601705097436,-2.4710225792334533,0
-1.611698441937195,-1.1181145377469661,-3.3419033241831135,3.6955184382699664,-3.4443355836806484,0.0971973015911034,3.185275977597087,0.28834682819177726,-0.0029224132308491115,1
0.17431100352657702,-1.346026779082012,0.4232238469047147,-0.14119893954147644,0.7203351314292319,0.14122001688389751,-1.3233350778033326,-1.0379703760816346,-1.4269687249116605,0
-0.9661265231290901,0.6577229894638719,-2.213429665004819,1.8226253089220767,-2.657888414181624,-0.8532079345690857,0.5679164432033255,0.6279765326140929,0.007682830976114277,0
-0.24506508704326077,2.6494928663286723,-0.180686385985258,-2.5730494541729945,-1.8158203775592745,0.7487620427505417,1.118939329419342,-1.9610919203585309,3.4884842953636186,0
-0.24655360757598987,0.773538899708377,-0.5678268616308306,1.568409193376381,-3.1198468707818305,-1.6950186097722195,1.385380238673315,-1.0550276442963629,0.7264802224325265,0
1.5586265169628146,0.43553933413927526,-1.0559024766034684,-1.3025035007565116,-0.4088471824190269,0.0532097941798777,-2.2674347841615434,-0.8889974433774489,-0.4019026780466181,0
-1.2606441159886557,-1.4644277188755814,-2.3738135138825993,1.8678810174286573,-1.056949941466699,-0.709075327196186,2.3620763496077046,0.16814037370484125,0.2458423116923651,1
-0.8993732013418966,-0.7256978294670111,0.18133329256073183,-0.15932140250232374,1.525123815957487,-0.9367666381566795,0.7658959517522694,0.6330387105838192,0.282199144578773,1
-0.7471162610326202,-0.43268063618974684,-1.2210540950685977,1.9127295068759196,-0.020917863229701218,-0.43712991479135,2.102975680568177,2.196414560348329,0.20186628626952124,1
1.5012768835117287,1.8565974764991409,3.483283573645306,-2.4908972618165994,3.1808302497928698,-0.9803738680110442,-0.2540847926976204,1.416751125295736,1.58581148704038,1
-0.11191668519920464,3.8228229986719646,2.133210732854402,-2.697457681051342,2.10073865861726,-1.2521310275816835,0.11764726594993369,2.8347511034846335,2.961454341594576,1
-0.1251749202948624,0.0701297314212419,1.6294519350720988,-3.050479522490838,4.036202195373455,0.238655391480318,0.7894561263459687,0.719175545304011,1.9538474991029484,1
-0.7765432895301789,-0.6589881001205962,-1.438562368775873,-1.409198374520144,0.0331992776969905,-1.7114835447284142,-1.7120944906240774,-1.77422145434981,-0.20200609363428865,0
0.6105283942093266,-1.8420725128607982,-0.4702449540046342,-0.7564784649463729,3.07994535761206,-1.9523381134853506,0.767134498991029,0.7656763570647647,0.26622280322522845,1
0.6563853008413225,1.9169394113600586,-0.5448596238080408,-1.1416279978706023,-2.139015212112542,0.574342614239209,-3.386469418593592,-1.2523135727054486,-0.6460081369826877,0
0.6001164552445062,0.5251465388223034,2.0956009146902392,-3.4359415246971454,4.953777906760035,0.992929698210991,-1.9859925327235879,1.8881466296960245,0.30199976790004174,1
0.23763640301074465,-1.3106862744507075,-0.24552961370907367,0.9688363733339448,1.5075584091619467,-0.42221754016109114,-0.02926742748297073,1.5222736868480993,-1.1964744216285481,1
-0.9999470267933823,0.5224405594827265,-1.4310834530779448,0.351425239651053,-2.6993936192376458,-0.2825488661672859,0.48339400879170225,-1.6420775579164197,0.7047136789747234,0
-0.9043951229546204,1.4321938649702923,-0.40138482314679413,1.711390716358253,-3.5334045044800226,-1.9510299874013501,1.5682626069753518,-0.730367805356742,1.0527411454125735,0
-2.071244067443572,-1.9519410692334414,-2.865024196780788,0.09799503288353928,0.199994426055173,-0.02480897953080241,-4.079999365179818,-0.3827723113648779,-3.280610650122619,0
0.8405676977916716,2.082032395568555,0.8214213205580387,-5.472519468704695,5.704441388609109,-0.02903852828538689,1.5101365484286096,2.742460201923517,4.690569368550489,1
0.4820397972196492,-0.1802744301848036,0.7675803028197581,2.288508012988517,-2.024475216713246,-0.8030049983498272,1.7483155132191386,-0.5962923157086675,-0.15967989853352932,1
-0.0087895221227777,-0.40159776935472724,-1.8402407194761754,1.6530699920772376,-1.7962617618625998,-0.9656235346879342,1.8078835410387044,-0.008780684423656204,0.44874546300927337,1
-0.6846297971775508,-2.3831814195187357,-0.5983007014529986,-0.5061160622307797,4.757008967810232,-1.4620265137031991,-0.8697316491322307,2.6675985976814562,-1.3820251526735363,1
0.5604146322087054,0.35897046065905114,-1.0939179167049968,-2.093140421936514,-0.24960081959341457,0.3636943191147881,-3.3557040476377185,-1.6186675851176564,-0.702405876405503,0
0.9961047893171002,1.342031698321629,0.2089903314130087,-0.3885365449143876,0.6298762998346774,-1.068285211226349,0.009693175504123186,1.7263532351904267,0.7877857388626864,1
-1.0924035280447957,-2.588955656759966,-0.5651944159511435,-2.951766675906523,7.097810784227023,-3.21293306909163,0.645737898380494,2.240390836623641,1.0728165613736584,1
0.14731885903139533,1.4917958726481764,1.6410362655292252,0.6441592296195946,-0.6806554097146496,-1.4378350233729205,1.742077653477339,0.6544296029175141,1.3681715881845926,1
-0.4416901044284806,-1.1541168884797228,0.3557796768761836,1.3926944702517485,-2.63569596707709,-1.7743686064987205,1.4229945389364083,-3.446961224959901,0.011831737942071693,0
-0.7427455710970785,-0.9838681198330583,-0.12721336239836178,-0.6864564309077331,0.9634960879184156,-0.8623326023701805,-0.5816463612757912,-0.7819011738416954,-0.31515957808604794,0
1.323760538012268,1.6335214852824795,-0.9970115966288446,-0.3201696584651579,-3.3486820799889303,0.8906987240196353,0.5489732174888714,-2.0096438674462656,1.4938891446996099,0
0.09526406437671531,-0.5021941112635244,-3.1290349075898556,-0.9448535760880002,1.0749046027840172,1.5906934801216424,-2.3449870555573677,1.4651716359670623,-1.1155537823135542,0
-0.5809770140746456,-2.81031079628754,-1.2148269710097448,1.7277599831528558,-0.7410439622370343,-0.9426551929121146,-3.2446146019137303,-1.6415116785893316,-4.062591673369131,0
-1.5055713410196836,-0.658966876638585,-0.2648325159628422,2.118327285481891,-1.4964529485914004,-0.8615111787688917,-0.709286529950029,-0.10872986248746885,-1.8266226599510824,1
0.3280097179834053,1.9075522634446753,-1.045033841429252,0.852819562063162,-3.5178957079461615,-0.5286270834719655,1.0295233849422942,-0.6558606236615542,1.3354903193189163,0
-0.0653107116723949,-0.43098494855165315,-0.8515228083660082,1.7502578278129577,-0.8080990257834512,-1.7868903324794827,-0.9644659818089383,0.8075582418514676,-1.5920687819626185,1
0.802949926519495,-1.5591271740951589,-0.4633070282470796,-0.47930065311341874,0.8690578122229962,-0.5638519562788116,-1.7528351360734786,-1.1071488301718715,-1.4398022888678854,0
0.05737555380698128,1.1386663556266339,2.6442415625120814,-1.2545363290132174,1.9777534922075595,-0.29420733451854086,-0.2979532314660147,0.997944902069024,0.6219201928905523,1
2.412376653923846,0.7737204828780513,1.2168434907154444,-0.07087080840293747,1.1387444220123404,0.12799276700229867,-1.0536178033226022,1.6914183566995185,-0.6036207287437408,1
0.5174849028804415,-1.1945428155216895,-1.0450611846279374,-3.191443874418093,4.849869254286489,1.684833088499166,0.6381593476430785,1.5642841338120927,1.5101596807503208,1
-0.2517790741426178,-1.0292325041225645,-1.4897900820022176,2.8621505361434467,-2.3959799559177535,0.17097829037252654,0.7639927481571445,-0.1271250476946586,-1.349644215904318,1
0.028872480174467825,-1.576073045646651,-0.5086879674975966,-2.5008099166567206,3.9923851303133837,0.5950946842103624,2.5369442942718194,0.39961373357174945,2.3366517179006525,1
0.9166276887228414,1.53589549810731,1.8613550495761468,-1.244046469203995,1.2944379072893133,-1.209105847527318,0.25664906494979667,0.9239995624091204,1.3643962936341407,1
-0.3707442202941741,-1.7215978154068532,-0.8008796030102743,-1.308372202940521,2.2952602785755363,-2.1734961518089317,2.1786423263638577,-0.6125521056371315,1.7346278633314793,0
1.0771925042677897,-0.9785057848876985,0.7341551257544208,-0.25179974644077585,1.7241973665843628,-2.2693039637539147,4.162961650920004,-0.05774988862715069,2.590792735968248,0
-1.1773210412697714,-1.0202113990647823,0.3027271521026422,1.115397254491013,-0.34374551098084244,-0.6021243795743694,-1.0902972503980446,-0.5268430365804171,-1.765555886716573,0
0.625120456339924,-3.656343523660379,0.1929606516191169,-0.47373467458726903,5.683056377185761,-1.5939780316161944,-1.711222125340318,1.9450831146166951,-2.5945030480512323,1
-0.13894435086533452,-1.1267261510553106,1.9156819510987604,-1.9192499950012865,3.459231493173291,-2.996097147055705,0.2402079672615064,-0.5636667130745805,0.7563340954007458,1
0.31976551348186155,1.2890675536145624,-2.9495530078482677,-2.378508636494889,0.14007151629306877,-0.36464263308388045,-1.2894112846969987,0.45212656351485525,1.436576684283396,0
-0.9934335991331157,0.32437812746636374,3.247012112897017,-5.052496389315502,6.988430656319413,0.11754094984517471,-1.4645560182232376,1.6041702322360913,1.396694344215914,1
0.3847505337668032,1.4665327326757587,-1.0538096176607792,0.31153371692879595,-0.9873298696140282,-2.042633629308342,3.6177543943107864,1.1036275872626893,3.17957836640717,1
-1.339270315485301,0.3048934287203726,-1.2263363313709839,-0.7138469328495011,0.27237639181848694,0.8092424170220232,-1.112002979852549,0.6139775432127861,-0.1650481644652775,0
-1.3412098118670472,-1.3242431602565636,-1.3009815285271347,2.9353730444123824,-0.9748039053094124,0.8895900153709331,0.39427925149785714,1.3632308075586248,-1.9706639086062812,1
-0.36857690674013666,-0.49234973535433246,-0.3257362036248177,0.19901033938107782,0.13938477273075223,-1.0047520155837724,0.017586264805564467,-0.11898008866442844,-0.1821310862277058,0
-0.88344410576185,-2.020385912469092,-1.3696970218880535,-0.6381648200107848,2.1689451804187976,-2.983077756968012,0.31263654261288765,-0.0743780969610699,0.08717416265134502,1
2.783235142247329,0.6392545740110074,1.2506519298295797,-3.6167442626032096,4.640299774004261,-0.5770148601090282,-1.2055602644572105,1.671098497213292,1.2486080512343334,1
1.1868930775958975,4.367742649919899,1.9582752094275682,-1.7329332611804027,0.07652235352533618,-2.9672227228018886,2.2689702460701553,1.9381112878493023,4.367046561123228,1
1.9080108509791196,-2.0716372981913587,-1.125467921680979,-1.925134441388716,1.3374204405384729,-1.4986617525947765,-1.800004448307472,-2.580015750781673,-0.6331639685137279,0
0.34963054166962754,2.062204577735307,-0.3679142907591171,0.20873373056930045,-0.9567733372564515,-1.4323395181269039,1.5468388587780337,1.5162015151744999,1.9468131684822343,1
0.8216157522371632,-0.3755316527091941,-1.3638296616187686,0.4547702361757222,-3.71484496422843,1.2494770634194157,-0.1533390021374148,-3.7230624358893665,-0.19486634588995172,0
0.5003332073206254,-0.05523143417669951,3.0680590631809106,0.6276809789310254,0.3830667292546179,-2.7924388042692536,0.9198552805381739,-0.7282610282377815,0.14255062203155755,1
1.14820478465649,-1.6671144563685307,-2.1242281716628106,3.5331341838768378,-2.2395688499530784,0.26639212387011924,0.3791879830042003,0.4320365422428587,-2.2362961277899553,1
-0.35230487334917043,0.11466453032899215,1.4662271589103368,-3.2471974278524205,4.621830185753295,-0.382474206183813,-0.31715464338628574,1.3306781313038598,1.3758199859400368,1
-0.11676412130630513,-0.5869873387583808,-1.5428423863144736,-1.624630553703045,0.9340584284206789,0.13189272439203892,-2.0045880404167873,-0.5703208379675302,-0.4855464778366292,0
0.0584770684681394,-0.14989815197196665,-2.2907309590375418,3.0574976403987977,-2.432895408230069,-0.28663170322802733,2.0994702648090513,1.4266306298135272,-0.11757236603241569,1
0.8105949731485923,-0.14860883038491757,-1.932343002257229,1.8095213508838768,-3.951544488671414,-0.175875879783416,0.009475503048142486,-2.02249939486303,-0.6430446722119778,0
-0.9218586799275783,-0.9374041401857196,-0.6972216395927742,1.2654117047240125,0.6250661259015963,-0.3555376516936859,1.7814048938938312,1.3926964821805288,0.08980458286198877,1
0.8439892521191966,0.4565040017797757,-0.6569487339093092,-2.8450088593520046,3.6181316131430337,0.3162670520897768,2.5369665571605635,2.0153610980050494,3.396166438609987,1
0.21179242018578426,0.2835527913968964,-3.042025318285,2.529211269702076,-4.275230450143271,-1.4397073503436963,-0.3469687605716898,-0.6165566094665393,-0.9160838149967061,0
-1.5364597035461218,1.4786951576424991,3.061816645818471,-1.731818475314466,2.889383810906329,-0.5281511719455185,0.15536774491399796,1.7329508770071582,1.2596550076116841,1
-0.9692791983443653,2.7721760559083943,2.5682750891207196,-0.01653521574172767,-1.2479967825968095,-3.035779618597347,2.0002371179855003,0.07059057144637171,2.560753811100878,1
-0.3989961442222967,0.32458781893357047,0.2608724445106325,2.6475380830888513,-3.542548749405895,-0.8940785494730519,0.46740370665359054,-1.1716653406391009,-0.8665056915872988,1
-0.9670858727995406,0.8020881328495012,1.7122063116802282,-0.687357541138216,1.1835330886108586,1.1222288514779248,0.8682998181673931,0.8442405821355315,0.9416398569416659,1
-0.8233495383626361,-0.591451663181755,-3.2193412218235555,4.131653950567021,-3.739843991631685,-2.6269802326656406,0.05597209097948508,0.8308439447173805,-1.9048755147985421,0
-1.4056768077040018,-0.9427186658819957,-1.0039320264445406,0.31553571273119974,0.42488185857829636,-0.3920407330457373,2.7889829207327628,0.1470556950032964,1.419270941300772,1
0.7672246274532887,-2.389552069907439,-0.6573854891834421,0.7822362717364488,0.9823033380739477,-1.3509807041182464,-0.4085508344192975,-0.5131879537608599,-1.562482571804145,0
0.13292846482750106,0.5136824866351544,-1.8610455784367073,0.8429147250542041,-3.7240398430692454,-0.9808937592731374,0.014993039034978284,-2.190425575746305,0.2754262365361882,0
0.6973874787119347,1.219971837243895,2.139646396403128,-3.220399045419979,5.019442844277716,1.285642440616582,-2.1288907752008708,3.06586572004166,0.29228788367105774,1
-1.0783641637948653,1.6541765687982006,-1.6555065640882676,1.3026366883073952,-3.996180086514136,-0.7610492412735642,0.5525454763043113,-0.7266242062278425,0.7580758100322607,0
-0.4948806581793196,0.3857238570031192,-0.17135009961856562,-0.47093757943856285,-1.5961727003700372,-1.0350349109916446,1.2894286754071616,-2.1350737557707493,1.571152823635006,0
0.557738828932371,-1.5391235277893132,-4.232021359351689,2.8778510168294424,-0.7960463402365624,0.23075445719609244,1.6976080808012994,2.6451343015154887,-0.8050707100799643,1
-0.8964694377502004,0.022135378389033677,-1.5927251755730114,1.7347581285010203,-3.6816213693424182,-1.1058447768848887,0.37991708083890685,-1.846941130683815,-0.24754746807072825,0
-0.6665562312330459,0.7626129016628089,2.8988481546610547,-0.8004038271618831,1.554077437383013,-1.115495108451889,-0.30879421987289724,0.33826853841201665,0.27820361403847965,1
-0.13280630207669494,-2.362328098285685,-2.115663482395583,0.28787577518215013,2.220444919510628,-0.3207705864240471,3.5066551131669765,1.199877812455731,1.3264614758770026,1
0.9680296071963479,-0.7173969305795027,-0.45229732851190907,1.2186725631895532,0.6937140491249111,-0.17550020076362438,1.6901723306114498,1.5835838013619707,0.0935066753335268,1
0.2174206424362958,-1.744630672783316,-2.1781932619942634,0.26542390334869925,1.5199166039028962,-0.7341511118400945,1.2442619004157778,1.1073408931543418,0.15996891202557328,1
-0.31316152288011356,2.771969582222157,2.45905378576367,-3.143818492852657,2.6683494752069956,-1.4735862663003951,1.3950992639784343,1.5306936364905541,3.647809846376593,1
0.22775392125883576,-0.012125728215858778,-2.092600876117677,1.9272218015701867,-2.275779240504798,0.054843617972678116,1.8059740181318886,0.41099975742628636,0.3871556872864837,1
1.7216926121351421,-0.7190865364865264,-0.22921573659016092,-0.5561016287228205,0.12338287488723253,-2.1303415385167375,0.3593765676016887,-1.4649714639480285,0.5438369540632942,0
0.5094948616555286,0.16977213512241152,-0.5846771083122924,0.1258720911869773,-0.9768392556305466,-3.0115760365343904,0.9760106813803933,-0.9016923751259812,1.0796206769462653,0
-0.03951654223156102,-0.6169320516416017,1.4280076951947933,0.2317994792446496,1.0707282731961614,0.7127441952219169,-1.2249851411945767,0.24972188508912863,-1.5070650904400822,1
2.2112429502825615,2.7780182661974036,-0.2905432918430293,-1.2876614999111409,-3.329637007669651,0.45447630953699547,1.0397844007212045,-2.1633563743131194,2.8418778023953957,0
0.1489427962412884,-1.6546582197995217,0.7205285226683003,0.24083103011839913,0.8310223234667856,-3.0669113040900364,1.8654845031570462,-1.4018033359971895,0.636200306740626,0
-0.5922443776240135,1.499793808518999,0.42892249111481073,-0.005679583384107789,0.08823723716459103,-2.293507987774302,1.3668009824091647,1.4080301476914994,1.6644016389801384,1
1.476753729848928,-2.881942812057156,-0.4050791280863707,-0.3406266078753051,2.935733176150073,-1.920154748514952,-0.46838966861402076,-0.16362721494171173,-1.2176278804499712,1
2.1668840348163116,-0.6082499881761294,-2.0776021751084466,-3.3849451402000192,1.9599296783264835,-1.8744674112178208,0.046828378364484946,-1.3687139894439935,2.161282011876035,0
-0.7246742116823047,0.45403430512205,-2.127163562863262,2.2184536775730472,-3.4819332860579704,-0.37863613162514653,0.35952696871157597,-0.17041820862271895,-0.4424290654001415,0
-0.28329295941771204,-0.6139633746359074,-1.9347687991623344,1.3281333485911007,-2.3866336196376676,-0.6158086889236292,0.24954299614245545,-1.2431224899958473,-0.4466752464942067,0
-1.3776256560635605,1.9627591649941962,0.48955524263115846,1.563967815288089,-2.292489507199993,-1.606975016208649,2.504701205378026,0.8287041611161825,1.7463672227208529,1
-0.3012191440531824,1.2963647099760638,-2.819429036234345,1.0681058570155009,-2.8563822871806153,-1.0446572307379696,0.05290441147008007,0.5721107147686137,0.4756502983946817,0
-0.6709143776847711,-0.24396425125286392,-1.0824518057478345,-1.477642588950855,2.7894223219133623,3.393009633810136,2.2698497162727067,2.2720310883150487,1.897668441022563,1
-1.5565369342016249,0.08297430702107966,0.024875586497029922,-1.4137007979262977,2.0479241594170454,-0.02048821083435004,0.0517009252687336,0.9842250851357195,0.7811431145326729,1
-1.529407723231631,-0.7581874948955989,-2.0493517440269144,0.23944184512406452,-0.520793991057632,-1.0784399886190565,-2.3002170845953422,-0.26490043577576206,-1.6346756287112751,0
0.4221181149044621,1.5523345206826504,1.832436849700952,-1.8663417833493505,2.75697106258909,0.021573058834382097,-0.024031338589326046,2.186258245267122,1.3290514621448044,1
0.951056862481465,0.29014093051250955,-0.7689886190688142,1.5703238191345616,-1.8174036187193328,-2.734484747340434,1.77900106850782,-0.023777530913018596,0.8141679422201453,1
-1.6179106457900545,-0.7105488879647174,-1.8197576385863177,0.28097055642365043,0.11650148005000069,-0.7542806075781672,-0.3263869278585556,0.4841808928599376,-0.425450837086848,0
0.24224423248964974,1.8317957034213355,2.3876467470479086,-0.9966497620815828,1.4976813480089908,-2.1673093917478408,0.022808642455122152,1.464816501776735,1.1867174002127088,1
-0.5710465778743417,0.416084322611047,-2.6866231132613283,2.1119896160806326,-4.408988455047164,-0.9086607276360079,-0.2742752585368733,-1.241914289908855,-0.6273408960716869,0
-1.336331889215445,-0.3641351505316692,-0.18291572597401473,3.0446256125425237,-2.7525786178122855,-4.423782551212292,1.9741658351001816,-0.7255806550684654,-0.044597396246438444,0
0.34616582105478094,-1.2060429521255065,-3.2831876656924535,-2.104308948346505,0.3756723688610692,-0.4983126830645551,-4.51022972233536,-1.6606198481456633,-1.8205147200305523,0
-0.476098469442846,-1.5884237472066323,-1.663175752364389,1.5664269547785095,-0.598699626422648,-2.225294859368432,-0.11622398288331603,-0.19194543140174591,-1.2378709616581478,1
-1.4288661504496623,-0.5171192884993925,-1.82934524792008,1.608500677996167,-3.599046804841802,-1.7928237907639755,0.026265858535473696,-2.4739361660707972,-0.5256493056570752,0
0.7845362375298336,-1.577441705397928,0.9676110961755036,-1.485961013542429,3.3707026764902404,-1.7448054803694013,1.0980908155997913,-0.12925632622320915,0.8657869783454548,1
-0.8110052394638876,0.147684259969872,-1.8162293883406568,1.814998360732555,-1.4179301095556702,-0.368253196100244,1.0839567507550127,1.38144088124786,-0.02839897488804963,1
-0.22160339018264946,-1.827682695928377,1.9057380923987874,-1.2070709466577236,4.488295982532814,0.8589309878949043,-1.4559527779669779,1.1557957306716893,-1.5693809660208506,1
-0.3707964337995265,3.1562678155424675,1.8190453094940997,-1.0262240612035511,-2.7007013707605783,0.41007029040171616,2.6963099548523637,-1.7555707020480458,3.677313413679157,0
0.27004961344519623,0.9449219412683345,-1.0167889913218067,-0.568704027936157,-0.8446975256446407,-0.589387074147396,-1.6822831545228485,-0.06844440605254609,-0.18372489906399647,0
-0.32224115383572083,-0.8985088684613516,-0.3335527217033003,0.49790129792194904,1.2869946543941886,-0.28802617783640017,0.6399443440615651,1.227626067829354,-0.27721749468572315,1
1.57861539047863,-2.715330778686159,-1.6748526294319737,-2.8745429198386194,2.344756376560058,-3.264924777597776,-0.2441024486757638,-3.15296590025828,0.9107495978972476,0
0.8524412648213425,-0.4879801577653604,-0.8815806417962947,1.7069144825863432,-2.278499116350023,-2.9601793768086773,1.2206397844058208,-1.317929451900644,0.13234707129811735,0
-0.8236431298556439,-0.7588471294145452,1.4592522711695173,0.46920325018834685,0.9692290712687724,-0.3146828033234881,1.3270075494885332,0.02676792550608309,0.11274244721251984,1
0.6891895986981486,-2.755644949979284,0.43802389245602913,-0.11765023438986688,3.616251614072725,-2.7096176500695126,-2.3307388270087306,0.6498322341036213,-2.629017739972056,1
-0.8696110349031873,-0.754593955921061,-1.109762170976535,-0.26899715627051535,2.9055162493474627,-1.1142895287819463,2.287229262921655,2.779414846801658,1.38502758263326,1
1.113521353458339,0.6256978275539846,0.6936668728936575,0.6135765061377281,0.1573917494898738,-0.47776230795048724,1.684549915957212,1.2050560376773136,0.9458447102611247,0
1.6528341863390272,-1.1539208154694793,0.2367787814935609,-0.06039684766852138,0.3445537572839437,-3.370170221281114,0.46940315229380913,-1.4966112361295236,0.1964374602756507,0
-1.2287267604455792,0.7520744708563343,-0.9124040098590956,-0.2769424592485704,-1.3915875846495418,0.1958966645326916,-2.4911272974294567,-0.588227854147116,-1.02453286936123,0
0.48688595030057186,-1.1315180822729922,-0.16568693417099156,1.8791852594936649,-2.3189031018311543,-3.755931801425825,1.4879286199303263,-2.3914241425086527,-0.02746693336260725,0
0.6905324621511849,-1.8003602962135883,-0.5872891190516701,-0.3758736520796435,2.976917468758558,-0.5783130725873415,0.9991056268166634,1.3205134698481424,0.08222534074233138,1
-1.0380485814246605,-0.9902932683127383,2.631641448503636,-2.4259835303181427,4.368302000575826,-0.1710316079127734,-0.7085490376249657,0.08960669917898834,0.06363302368758161,1
-0.5450275729224316,-2.0349555189732706,-0.27674406872660884,1.7488335315117163,-1.2097838752077483,-0.7651852997900769,-3.1156592018499087,-1.7360893484510087,-3.7638152218873695,0
-1.1491989346880624,0.12292255855028777,-1.4855243188161265,1.8176541993623807,-2.2950385270316396,-0.7063297810846869,1.9530782635395267,0.030897636324468625,0.624071280227511,1
-1.688592200627407,-1.4784106065453502,-2.5718883778055046,-0.4083081978799046,2.368584003612173,-2.573190365422171,0.8521901919195362,1.7275183726246373,0.5674793417014979,1
0.3539819326710066,0.7228818922888688,-0.8474850796519486,1.517996337227573,-2.7086487638791965,-1.8268284623287094,1.3206155717290375,-0.5308064054527037,0.6994656537796505,0
-0.4233774902357365,1.096644604678332,-0.24710945537251683,-0.0895300762402782,-0.7649830669914368,-3.1857245373286114,3.6625675273900904,-0.0572814512196429,3.3389303308880294,1
-1.2321984663131047,-1.1398858820819724,-1.4746319909831764,0.7635675707654139,0.13501027951250602,-0.10987806915176013,1.9244432451657802,0.36936876870527524,0.5226734184170873,1
0.5229715738969453,0.13614340747426912,0.026101005811928646,-1.9163562637904343,0.9720667814224949,-2.0371930713107993,1.1603095917268855,-1.1179675916025293,2.158949156633821,0
1.1602107681070948,-2.3924153371400054,-2.468102614688708,1.2359441576030332,1.0166085788733574,-0.43467196768047855,1.8505594493591067,0.9941291859843735,-0.24862824399027167,1
3.9423310108066856,2.1307536670410805,-0.5000385959437306,0.8281111009588883,-3.084474624804941,-0.9348011639009226,1.5547521470486116,-0.21284702670569944,1.7373622961024036,0
1.9373842411793845,0.4461251289108936,1.6674908554195138,1.3943478280337616,-2.737736494451088,-2.900185134928397,2.7956035619771056,-2.4804855688423357,1.5299444087274994,0
0.8981238325812592,-1.9583187219524736,0.013127489786944446,1.6548937810327318,-0.19154040694751914,-0.9451315286686239,-0.7884018125847951,-0.7285421517036044,-2.210004247979928,0
-0.9907135213880943,0.8717329360890433,-2.066763641651507,2.1140889298307957,-2.494428986836461,-1.1711108705979771,2.792203156474805,1.247725973438765,1.402614443186734,1
1.388088236640302,-2.774924187295398,-1.2458298553883829,1.2146521760913505,2.4883539171529345,-1.3255795449010432,0.3909226946694615,1.6817014482902,-1.5227832005107649,1
0.7237994164444209,0.4919328218786111,-2.665592050675829,1.5688567450690656,-3.8345590418734066,-2.0623722336558643,-0.2261153019919755,-1.1967288958502913,-0.1614682790914375,0
-0.8753235675910453,2.0614323476524907,0.16250066556361453,1.2622524813554878,-2.6219863626770943,-2.509117252836621,2.326283946384031,0.2668306818735575,2.0043205260514845,0
0.5571024469361402,-0.33162767663032955,-0.9401707895284088,2.6789296373924927,-1.275851982859912,0.4121212094043607,-0.4538481098760976,1.675369512040576,-1.965931512186806,1
-0.14101571848969216,-1.3731428062827908,-0.5865715404897123,2.685375964545324,-2.915722904204205,-3.2832204714979674,1.1779075975225382,-2.2116022762305967,-0.7912687333163366,0
0.2523982066520493,-1.2535549387986662,0.37883415539502363,-0.13556423689606234,2.7088215066358914,-2.71117594025392,-0.02402150356622923,1.2516802181286124,-0.41309509564514024,1
0.5196374682685905,-2.423319113193101,-0.17973805436964896,0.3913302818727412,2.2831464647784667,-1.7081376951666094,0.5156110837736778,0.30096004420140254,-0.8318290015381999,1
0.41768140501724765,-1.4992650760836108,0.02726564696757605,-1.903791398275295,3.2420476705501584,-1.2713677178515947,2.461077778759607,-0.20286073109992264,2.133490383635238,0
-0.7690501075867064,-0.48472102560561603,-0.5215145993707138,-0.8029191785476844,0.08983561508571719,0.2907824547625133,-2.562085089291064,-1.026157130955103,-1.3832648124412978,0
0.9583327146851411,1.0265739389114144,-3.0288604550576985,0.7346577420642038,-3.2825900186212893,-0.2344421881792651,-0.406804009376458,-0.46867839545968015,0.254617516667292,0
-1.117197665740445,0.601132536749061,0.4056017376045469,1.2804315325110702,-2.1147228980979786,-2.8885041559645126,2.199210555523406,-0.9875986955097893,1.3255032137619993,0
0.359521062140472,-4.035068019897711,-0.7184403405503891,-0.9106904806603708,5.28891299169315,-2.0731667855600175,-0.49549556220655044,0.8659391134329525,-1.4718260534074368,1
-0.8767522314712319,-1.741631309416444,-0.6985768375881427,0.38358738790972224,0.6837971328254696,-1.038472575720448,-1.217951806996343,-0.49474476210959173,-1.6102209044597324,0
0.901998378210093,-1.0580104836790785,1.692738245498008,3.685260467336831,-2.5985713536757764,-1.6439576238100833,-1.6464961091642567,-1.1749074133432882,-3.617112654182081,1
-0.5660097285200234,-2.0556920607691405,-0.41731923144221617,-0.037433672003364116,4.205714009509391,-1.4306991259866169,-1.120507034911991,2.8396659528291806,-1.6964145167485178,1
-0.04950464606506815,-1.3081192017265295,0.6626412702104598,-0.2815470519961777,0.18512203206068437,-2.9609577830813034,-0.016960125649403968,-2.2981134801138676,-0.11604806712888378,0
1.6740194274372373,-1.5366050029535305,-1.2054445405851728,-0.2444446458291002,0.5840033699575772,-1.5988749668440256,-0.7756955364338363,-0.9189250810866605,-0.7240040658114022,0
-0.10004631110366666,-0.27670027116834417,-2.1937017169879063,1.5850515010715671,-4.2292430522715385,-0.004923893694116943,-0.3922456405422228,-2.6204487170287702,-0.7861148514840688,0
-0.5862276942809993,-0.9923352151289604,-2.6588290369284433,-2.6158899661293455,0.8267304886893417,0.042465404928941686,-3.479129568577601,-1.738234884798529,-0.8752474703107904,0
0.5033287738455666,0.9235747238976536,-0.07654942493331252,-0.1518898549473563,0.29880419508861367,0.42094737818439465,0.8875696240207664,1.3532600183658872,0.981411693362134,1
0.962591982845802,-1.2656431525957028,-0.1604895602429519,-0.35146537796759536,1.261907096718049,0.6622544035659734,-0.7166456791652305,-0.1832808834878128,-0.8975231137699867,0
2.5111325476900084,-2.2825773872370023,0.36799607247778576,-2.825428971218257,7.162255999532579,-3.347950053901094,1.0530444350561363,2.332942080167775,1.2992728299268335,1
0.7731318638032247,1.5129449717768386,-3.3099020405240696,0.7674124224003063,-4.442546954361812,0.6336587045862376,-0.8600210630133711,-1.0478365276156876,0.15695294805660695,0
1.0419126041774782,1.244681347127294,-1.7596720927427945,-0.01761820039496742,-3.1398333178087934,0.12870176105909636,0.17461818108260785,-1.5372924166798194,1.03380588767901,0
1.684383328181538,-0.9011308097057734,-0.3113572229532584,0.8340383971417082,1.2539264762740567,-1.2024085860433984,0.47817461977682263,1.4785779992627264,-0.5097301043196577,1
-0.9549640356430029,-2.357097097377684,0.4815411362793558,0.39925352299068406,2.7264616466254363,-1.703183003648546,-1.2823298598358286,0.6655397779032319,-2.1254806717146724,1
1.5535948104498276,-1.0343166712685583,2.077761581714751,2.1747177449053643,-1.1339108862515443,-2.464979397949191,0.5645088250481847,-1.436817978022232,-1.2487749966868784,0
-1.69842690923735,-0.7707426027783735,-1.2390944494015994,-0.4819544001344007,-1.3773536021899848,-3.5858400578737446,-1.3937466339533826,-2.8823018547356645,-0.3286363230390871,0
0.5954953007219735,3.60677790824873,1.3834467297854294,-0.47055512260640375,-1.660731840968094,-4.629491852793635,2.4408176815441878,0.45658072476885403,3.76771431009448,1
-0.7903313816984677,-1.8913834485338699,-0.21062602514750617,-1.397529434368908,0.7758022607609788,-1.5702447549050245,-1.5827324772505127,-2.9282051132320888,-0.7856892737678545,0
-0.8825972861435134,2.1628606714294696,-0.033506917080579735,0.9060621299796816,-3.805261301812155,-0.38757766606411936,1.599540206210274,-1.1659690678937227,1.694963712625546,0
0.7599128431764837,0.6603202789604785,1.9126459676172214,-2.5633132136179557,3.6921817573868037,-0.02227179559942505,-0.48345846345306787,1.438816034874021,1.0394688786204929,1
-1.0444361968077795,0.8432155190776287,-1.9387784542911308,0.42272457617788406,-0.8104059572402115,-0.7611103137259623,3.633373029101709,1.2848724959560864,2.8289666121341344,1
-0.6041382867516175,-0.01080814837133981,3.02343887374179,0.04119421228185183,0.8795108552902523,-0.8073940526242208,1.8891251106001836,-0.5527913790495713,0.9490211579336449,1
-0.48813628014212407,-0.6559341238065058,-1.4321618208797766,-1.298682273455256,0.6067294834739835,-1.804240813021446,-0.29288070369319397,-0.9868628301663244,0.6416978236335583,0
1.7419225318939382,0.44684303072274134,-1.3700851096560938,-3.385491753759951,1.9053463856898873,0.740467517540101,-0.9549838486505294,-0.23899549618524896,1.5648813250971876,0
1.5537518857296357,-1.193199217007299,-1.6602806370093561,1.1208728680100444,1.0944932465829365,-1.4170972555641306,0.4942700253106488,1.929919554973725,-0.6249119590168982,1
-0.7721646868646517,-3.9461678985450117,-1.7317368750299822,1.8260562710400732,2.0754964198775285,-1.5710484751094964,-1.2311165273342612,0.754442802898285,-3.335781762285518,1
0.2797677077282163,-1.3350253537870456,-2.434638430942914,-2.173689818006929,1.7563028942674157,-0.8714031721928878,-1.653795450851302,-0.740860705072515,-0.0710501630050205,0
-0.6719761533534957,1.5062177175289966,1.4371793736348424,-1.4142490077173449,2.1284760686111426,0.2958398028532654,-0.6953248162252825,2.126794510554422,0.6402686460634542,1
-0.7962241227738193,3.909493708272772,-0.24132617807471868,-2.8751706819435556,1.0282351171785125,-3.2130367563084192,3.409152255276854,2.2991469510773643,5.83923244876783,1
-0.5342620226721879,0.1673431153620859,0.17745255719470543,-0.6034732350067551,-0.43542728340203357,-1.083906519754066,-0.350312426028363,-1.233192301910428,0.3378532476331118,0
-0.38458244372021294,-0.6330913286606867,0.9812403808283614,-1.0093476278702103,0.7493895118050439,-0.9537000208220967,0.25470453185710795,-1.6068343398130813,0.5050079219606571,0
-0.22350706029651027,0.6694969819925849,0.9656705279064145,-1.1743044575541568,1.18143704808205,-2.072953984490953,0.07234373008416972,0.20248367843297732,1.0511802790250186,1
-1.1981584124750106,-2.002511888003628,-0.4908578884466216,1.1496537337241408,1.1438661376189763,-1.0569202368236073,-0.07163718498208249,0.5141402721574082,-1.4822252392758886,1
-0.7456204671721736,1.135728732248491,-0.5758377762468405,0.36109399925674857,-3.123789353842176,-0.0678033574757565,1.0430262653229623,-1.8574206048213675,1.2398535872428824,0
-0.7256676028830206,1.2742698627304023,2.4942332969215024,-3.8637152599975493,4.504726217988266,-0.9015937572463212,-0.8404473836060029,1.296938309832149,1.8135491856415549,1
-1.3473432191594377,-1.5528083676371554,-3.288788640694982,1.4567717905140665,-0.2831312169925062,-2.839424508486009,1.6068054351471832,0.8252460798441837,0.1944947489633564,1
0.6873732422375044,-1.4856700249320711,-2.8370944414602426,-1.4596393576602593,1.5155147088800192,0.48376102035082535,-2.667158992182706,-0.013890767566540063,-1.3352543704283086,0
1.2905109976279934,-0.49040438901648575,-1.7417081051798773,1.1836952835753964,-1.2568124333541104,0.2518284233501773,3.0780879407795396,0.03778564450267552,1.3908383017587838,1
0.9183631149338709,-0.92154580017832,0.0941327083519563,0.7281951209704549,0.8847262942872436,-1.3223870272111715,-0.43424792800755774,0.6824953455623972,-1.0591055168057186,1
-0.019153090401341374,3.463048339740505,1.0053047828435517,-2.711774575831552,1.5560878159383644,-1.9433299315375052,1.686074524251862,2.1615447423417278,4.115649759821798,1
-0.4601870488978789,2.909731763869771,-1.758953842564007,-0.058082488593536485,-3.046076037777222,0.8355324086600615,0.7117297320914022,0.5801011819998627,1.9708759388880177,0
1.227987809585601,0.06351677948463008,-3.759511708735089,3.887413774951846,-4.537959772750062,1.9402771855437897,4.202602285474362,0.928621901750124,0.9617282821510733,1
1.4115467054924355,2.029533769877342,-0.48264640026872974,0.6381355453746189,-3.351196640970296,-1.2702303861179483,1.3965662139651942,-0.925269776320754,1.7680975121445404,0
-1.2094224538918343,0.22220219394228247,1.4242432753198238,1.462484656601542,-0.5713128252181308,0.29196304762578706,-0.29147300691106137,0.5750819508149692,-1.156225225383594,1
-0.6663172165446257,-3.4254317092617423,-1.8077534145454508,-0.2181559494447015,2.3995851607471805,0.6285936040664437,1.609599097132628,-0.4406799443689162,-0.16871565932242608,1
-1.648567599612877,0.2738625859303814,-3.953089111084294,3.2067392971928377,-5.821669540642518,0.054211109150561265,3.1332580547216837,-1.267020484357484,1.0707463555041972,1
-0.1300708412835327,1.1819023969119558,0.5000512158614603,-3.519755894625671,3.964945999827686,1.4998603510397244,-0.1008066526459972,2.145886999772391,2.063718697111978,1
0.9687446211672515,2.110500942293691,-2.559858802488259,2.412374735752529,-6.015044209533641,2.0396643206448077,-0.19871807238257722,-0.6344948978104403,-0.2877915525098934,0
-0.10858416178038999,0.5056375510161761,-0.05523096058402732,-0.20199114553446806,-2.888300347493026,0.32776378552799423,1.0209223315367104,-3.2015401078099117,1.2344081520531862,0
0.544929188178994,-0.5360999047986919,0.6806813277226957,-0.9840152296795157,1.277863668026811,-0.7549505943670967,1.0437883661764404,-0.6559983099735467,1.0193291641517201,0
-0.524892565636485,1.6268532568852359,-0.6201302831989508,-4.754459627997016,5.437581876351775,-0.7348313426716582,0.48920469009012835,3.400672647038953,3.609314467822996,1
1.264915894972302,-1.263882860475027,2.3184432306184717,2.4095939977088237,-0.6250867338169006,-1.3657890548946425,0.47794471509866376,-0.813933569161625,-1.7188033855959903,1
0.33521834621737173,-0.2555073136222472,-2.1603452459883172,0.8728529013280364,-2.902080605750303,-0.4189612125158122,-0.14402490412578794,-1.8394918970354075,-0.23940295681040477,0
-0.017384109542655443,-0.5494185748630289,0.1986479395907368,0.9516331575639267,-0.48571653723608516,-1.2694442044680732,-0.39371083072856305,-0.3674097911162143,-0.9273343693478282,0
-0.901565495303516,-2.5124683535929355,-2.40629202651004,3.7043551418297826,-3.2514312080447936,-2.8681738290305314,-0.005533958336597644,-1.7980231908839637,-2.497907425863701,0
-1.777975534702351,-1.388036791347457,-0.5314456522919924,-1.4715228029589666,0.4566823206303116,-0.8398126460637017,-2.927555444702648,-2.527746611399759,-1.4661815896293915,0
-1.284415026955091,-0.2638590734898103,2.0867863409514773,0.13598874952774875,0.22586138323358598,-1.1540938134322585,1.330467810936018,-1.0986018507033277,0.6003267042724505,0
-0.2241663294909295,-0.5179072185255207,-1.9142961418448199,-0.6144010513405036,0.15416175928550524,1.531957324148733,-3.7420367021212857,0.1069165488273307,-2.301680687004768,0
0.47781184626938444,-2.0433715187692822,-0.5661187306221444,0.5023110391353143,2.0407976266459773,-0.7958517089817427,0.11487910807356827,0.8851259003670601,-1.059224895216776,1
-0.07535224125955695,1.656962693141283,2.180925091834559,0.44773691239673896,-0.4406002594859865,-0.12142725113835928,1.2536183869482558,0.7947377599047176,1.0235459539365817,1
-0.24682333047655725,3.082787170740243,0.24139947902377867,-1.2685164417035684,0.2701150569472917,-0.9418735837667431,2.6343521847513953,2.245747457780746,3.784495948147383,1
-0.2136303084853857,-1.6104586702484593,-1.7326471689163325,-1.8549744746374617,4.815101972931216,-3.040725413882528,1.400423933327969,2.436165152438588,1.5521671977970977,1
-1.160372977667465,-0.42445575592175644,-1.4037128812299984,2.2041306121694717,-1.0324520739553193,0.13810623747787076,1.847711874885249,1.44510384742689,-0.10085853600141353,1
0.07280179436230931,1.4543794219406994,-1.8302954504455875,0.5869944373064889,-2.560301543571953,-0.5926322454171242,0.6426753921478069,0.09028847751912306,1.0706858678250248,0
-0.8862384333634628,-0.48134297102922996,-1.5336862230181851,-1.742817432296286,0.738343511276355,-0.3376617359009251,-1.3576678492726066,-0.8985875189160767,0.12703981210477394,0
1.512126142376654,-1.70716597158312,-1.125630176329936,-0.47530693289562365,1.9961880921423443,-1.426024164702219,2.673835596138593,0.22805561349903192,1.529463927672218,1
-0.702063562355312,-1.2245592325935308,0.3971315405060445,-1.7705981190118072,1.755959633725828,-2.2308906781873907,0.9780465934638458,-1.8042534307485911,1.344516394316036,0
1.012635254401941,-2.023895364469185,-2.361145838907719,-2.125492244727962,1.3908782907032566,0.02784363707929538,-4.428518858421993,-1.8206756794271046,-2.29135834219174,0
-2.13962756355356,-1.0830682005728254,-0.740535795976033,-0.7206170489638895,2.6745113607751043,-1.5623757002228786,2.646569010714183,1.3259596839024914,1.8180183762592972,1
0.053514274313560234,-3.9048518393726894,1.2382486614998311,-0.2844077218415777,3.547519438284781,-0.32998787599785906,-3.1241189255563215,-1.151677362812793,-3.795462025845507,1
-0.2624968604607547,-1.7946194778307276,-0.40336566313476907,1.9962622667557441,-0.18103888902992585,-0.39991920155413896,-0.24284380101175285,0.12756490291603284,-2.0117723993108085,1
0.6590259520210962,-2.632619896856411,4.292498136838457,0.2996426881084777,2.381439840157677,-0.833801455829499,-1.384227821723734,-2.06203240737105,-2.6592386004151756,1
0.8293439252262819,-0.2435981893365533,-1.0894794856644223,2.594294359583753,-4.990552731347746,-1.2290668296236174,0.47757888328950415,-3.0647465277431447,-0.7481155551235995,0
-0.44781500387176604,-0.6274336778980356,0.18125297734301993,-0.6852007631563829,1.425202051548656,-0.27638139998233735,2.426212544299514,0.02292641078852886,1.7139599950034967,1
0.04191804023862554,-1.5171991663327908,-0.09277995547171203,2.7496137438868793,-1.9415788821209659,-3.207476016025878,1.8296561531219617,-1.3613228060035611,-0.5893249408558795,0
-0.7071110812932093,1.5691104536068052,-2.4642424693198164,-0.6912193979900887,-3.356937049683455,-0.1879440866353269,-0.47475091525997026,-1.8562680775101819,1.265080954885723,0
-1.482118370434013,-0.12883061206800928,0.030348795918798244,2.6860110707654408,-1.4917160340522406,-1.9364268916782483,1.9167065067386955,0.8500482394331075,-0.14347717203565033,0
0.44024803021039804,2.549000976278843,-0.32801891286305773,-0.6788251146671969,-3.1241854508504963,-0.5174205602384132,1.2461717994989725,-1.5558657211588802,2.5890873887329877,0
0.5038599341724908,2.6215298133246145,1.3598665544533983,-2.5072681644594255,1.4714523710868603,-3.7277989209947755,-0.3333301651505973,0.9950581467811024,2.4581708614453928,1
1.021658728197938,-2.054104268813999,0.6226583984267526,-0.46109744641085815,0.2908882031422731,-4.790618399442641,1.173412303737205,-3.471846677677603,0.6916313572637197,0
0.22489579488632003,0.3507005401798864,1.132933684952404,-0.5774303799422953,1.8797239673564563,-2.7115077551864646,0.905877240871699,1.2104484464126126,1.0979155087767878,1
1.4940052477075458,-1.8346126759514858,-1.3164515431863621,-2.3003610167690662,1.469828492734807,-1.208259822509852,-1.8499369318015857,-2.441073425146614,-0.3610951277532826,0
0.6232554234584727,-0.8793939466663794,-1.9763915532158345,3.147095814917889,-4.503552984756872,-1.8596366811550773,0.11083266339281594,-2.1735566789123864,-1.4803694464485178,0
0.6365420380756676,1.2606498346564283,-2.7188342595480925,1.2563229240903175,-3.847558592051568,-0.027866689818003665,-0.1902488955986552,-0.42761083241102604,0.157334774011625,0
1.2439419249661245,2.32631505450565,1.0423201698163318,-0.4919352059320421,-2.5356170190382774,-1.3500694832022853,2.264851707196609,-1.6863852367139431,2.968725466905413,0
-0.2660636557620032,-1.9626405319559295,2.189569997484769,-0.25155622796640265,2.2659952290566423,-2.277894910171953,-3.4912695614786324,-1.0487775578096556,-3.118786236720778,1
-1.2233070477865036,-0.9907908745741796,-0.7585954967716997,-1.1335317384130081,1.919398052242924,-1.0714203537505609,1.616414494324563,0.10628690304457677,1.4419470673317523,1
1.7655611776272604,-0.6452226545006786,-0.4422165425799157,-0.12862025079386297,0.4572814787733971,-0.7906317018297255,-0.0765819749571165,-0.2047654227280694,-0.13316510456736347,0
0.2745361875832817,-0.8480006469248407,-1.6868277506631633,1.5506469304377797,-3.5584968238510912,-0.9967777245175771,0.01773584046417853,-2.8804506897972897,-0.7149912731025136,0
-1.3170981967549784,-1.8111050704594476,-0.2650318429201036,-1.6335088822625208,2.1021915564428535,-0.9307364050899696,-0.24230352470343064,-1.408158053172384,0.12130445054349076,0
-0.514864662403782,2.1556196654040685,-1.1976869145590099,-2.666941698191528,1.446633662942506,-1.5492771936950582,1.290261988431744,1.6852281917724794,3.5126802012223868,1
0.5413793726352385,2.924383628593648,-0.3707582117680628,-0.27360597522629937,-1.125603304450688,-0.5199408144697779,4.55728638092614,1.7681249070639788,4.529025368337772,1
1.8304684749987743,0.13701375629994672,0.02466883124211794,0.4666170810272864,-2.213356144343248,-0.6114529309275214,1.3903892451484303,-2.168633274576612,0.9446657287127789,0
0.8476378150694273,-3.580430763469164,-0.557762584590467,-1.0446083791053145,5.838300643842772,-2.285820120184284,-0.5102463375439721,1.8364236161684033,-1.2687258302375046,1
-1.4569375455207298,-0.17020862112378943,1.387639950816928,1.6805380661274518,-1.1220642715679232,-2.6956742813325856,1.8295933759780105,-0.6769506766856471,0.33020215811699744,0
-0.9074963807359919,-0.021039187637071466,-3.1612353521078655,0.8889625367160952,-3.4876929441193525,0.006707766095992218,-0.8422744026978974,-1.6936740291786998,-0.5239096116354044,0
-0.3798912086875837,1.0156319474765532,-0.2524220060096045,0.361752355252265,-0.7602669351416378,-1.8363546156803203,2.4288000920096415,0.5567473593631125,2.0596687240554266,1
-1.75110860587232,0.8426645662508934,-1.1012563859620126,-1.5078996786285561,-0.6151875566874015,-0.6036422103092365,-1.8343699738068011,-0.9547454502261811,0.2603828269172123,0
-2.318242980352499,2.4809057248501176,0.6798198968606581,-1.503105389823932,1.4999439334281126,-0.7633288134725615,0.17318766633107052,2.659369126771556,1.881520514150902,1
-0.6880088148448377,-1.948764005310978,0.9431208849750132,-0.6062814468888598,2.29500537012489,-3.4114290798717137,3.785012303757177,-1.131007425932095,2.2368537139581006,0
-1.0907537158222465,0.512323691457481,0.45396115025945694,1.4632371617980486,-2.5233018850201727,-1.8208569669478014,2.112924277340886,-1.30497094535708,1.0446786745863432,0
-0.30737031969723144,0.7788927071631212,-2.975214504016072,3.1751209294213787,-4.389063319002026,-1.2970227800712377,0.036720660777167735,0.5566946176497405,-0.891264394294425,1
0.015353451755977077,-0.8452224570762865,-2.0184012396820723,-0.19160870411388742,1.8013258675172716,-1.2179668160038026,1.233768078377973,1.8731046768482622,0.7889747047982089,1
2.3181022604638017,1.2492203911149276,-0.5622552949452058,0.4572648551277245,-2.9496849887132854,-1.4340671481305776,1.2379471779783362,-1.541891480866434,1.4701789727471746,0
-0.041607495370393925,1.9990772132283183,0.25991264780871726,-0.4115362047671812,-0.362763139234029,-1.1656584911025616,0.7883757270152996,1.1886342341927851,1.6664683031374097,1
-0.25128086132474453,-0.49090017484193804,-1.4507558557038016,0.45009112965618014,-0.11202550567679646,-0.7033929650479772,1.909412099907032,0.4026328569668376,1.0338662052292071,1
-0.4805434256067757,1.3285799619664558,0.8579110685262916,-2.111007535598448,2.352337216608778,-0.8689360356094639,1.2569190912026549,1.4932105417424872,2.4795014947393357,1
0.058438694883587584,-1.0422319494565677,0.6712770974316749,-1.0126682787985772,0.9227084547230995,-1.730172036653467,-0.008436113286097835,-1.795899196060724,0.26675612700931567,0
-0.6463172976974167,-2.1965644431325195,-4.5388725477132,-3.0197966751325214,1.5576454573883831,1.0456720416697052,-5.745838116559165,-1.6090150153117784,-2.57898146443496,0
-0.13897273155510673,1.638107888261667,0.9966221946008023,-1.347422409161109,1.355746295755816,-2.6901378493555628,0.49249602048769947,1.2871413623386598,1.8510209319995767,1
-0.9891420800806211,-2.712065616259763,-2.1765963313096863,-1.3768443788429212,4.0738133354797545,-2.368146915203448,0.928810328759569,1.0593888154214388,0.5588898073811516,1
0.7952672124822038,0.17604364914764203,0.8735237907657825,-0.3877324259378272,1.5004939783887432,-1.6875428301072843,0.9123851406182469,0.9841212552958465,0.8743359187715491,1
0.5341359422659844,1.4912942983480655,2.03310199827199,-3.0748035991260623,3.1138216988058596,-2.3432363310725606,1.0228349996527342,0.7740149438312637,2.9579874681074174,1
-0.7068433463146004,-1.2528969204263292,0.4852707440623827,0.22470577338989073,0.5173178972794386,-1.3956910629393933,0.26164732782363687,-0.9899198105036356,-0.394694325310293,0
-0.21328841338594717,2.237852101945805,2.896748786419608,-3.6013408458217953,3.7990523261395066,-2.406562201476053,0.2657245400724232,1.4868699539546302,2.9258123615836045,1
0.08402176093309313,-0.04557849391472868,-0.6256174057960527,1.9580935760512381,-1.8832491506850628,-0.6586652833769897,0.0866947606838473,0.13493067777920797,-0.908849134500044,1
0.22794726206260926,-0.3988291717668496,0.4220099904669299,-2.0213983120498895,0.06413879301911768,-2.231690259927876,-0.7895169092969305,-3.1689596762951244,0.7729646492047395,0
0.6306798620978803,-0.9705818967982973,0.871419488662937,-0.8585659058551383,2.8910522230505156,2.0302880682170263,1.5266819973500008,1.1440514652414873,0.6662465529156946,1
0.8541996486128164,4.085290889133081,-1.690422405808739,-1.4710746692359378,-0.5679827277073237,-0.9467372357686249,3.909107299949315,3.107690881467424,5.410678944229114,1
-0.5852068969036013,1.278260222710895,-0.6273204676149917,0.7121793326145793,-1.4426790443461106,-3.315871635918999,3.7168671695651856,0.4308161058061545,3.0450553903988404,1
-0.6932333367169472,-1.0772049790782963,0.6722665504008869,-2.1648249124147676,4.346076191750533,-3.6459001382379754,2.1503173444372505,0.8187837090428789,2.3219089767282504,1
-0.16252796467625671,-0.7128795845752087,-1.598701406928265,2.131327133904858,-3.170935999210127,-0.9593776669650952,0.43609524984284254,-1.612909718239314,-0.7973759608223703,0
0.3185008529981731,-0.768376288102911,-2.552211820464394,-1.2994601872684555,1.3835799797632224,-1.872390832362609,0.8060702307813199,0.37242384040583554,1.3858307022075333,0
1.717580205044318,0.5001682767386098,-0.2973360829770286,0.23309441612060144,-3.2152430598013124,-0.8244988471632941,0.953102419498531,-3.0968533002720826,1.0762648896195484,0
-1.2187111007693654,-1.1082222324708666,-1.6900878560043182,1.177441965947342,0.3124276827541865,-0.48989681004770735,0.41089081418092166,1.2338629879773149,-0.7037784763300259,1
0.39188662894211224,-0.5929555311758812,-0.899793351696806,0.9300498538818505,-1.750809711694564,-0.9980559295518064,-2.402149062302722,-1.3673240557193918,-2.0895750521522545,0
-0.08283837842460157,-0.3410959750579631,-0.807580762671547,-2.1074673162470146,1.5410569300416042,-0.7638717691569092,0.6772502671699194,-0.6363639546209071,1.680761261083076,0
-0.9370446851917625,-0.2876903564909773,1.2600617949662776,-0.16695847597395697,0.22071912031046617,-3.0387907656273607,1.6376913747604145,-1.2642867186312274,1.2558520701777596,0
-0.501229007443454,-2.2720517647342726,-2.43769247267305,0.2068431191941269,3.2019848801493227,-2.7277729655616643,0.4740429035120771,2.461583716428705,-0.44792736761661783,1
0.8305502903301341,-3.016744926502938,-2.044056105226182,0.435665644519712,2.943092888191549,-1.3338074803045723,0.702536226386153,1.4444776207779304,-0.8721905054033066,1
0.6010529350741034,-1.704410978273327,-4.171136561442754,3.0475954780445504,-4.73846540541541,-0.30406569680589435,-1.681732361594492,-2.2382384914295255,-2.8534199333352657,0
0.2910096272474423,-3.5115327334050144,0.4365030791694353,-1.9646124396681,5.992153723215551,-3.0923755562141286,-0.5852272268281686,0.4523066630810656,-0.7405647439913824,1
0.3612522833635362,-3.6268203188718022,-1.952415196160151,0.9850948949209487,3.3657019817528773,-1.5809641180355856,-1.6893633017041076,1.8896749411541776,-3.0820854981824843,1
-1.7772637986896467,1.0301966339874236,-1.8341804882326889,-0.42569244079995383,-3.297559129325349,1.8843015091630102,-0.17184195858196616,-2.24263966491377,0.8275190274894761,0
-0.09561302341192035,0.651693286746448,0.9259312795168698,0.6393897680763636,-0.3569349745997629,-1.6456982157861866,2.866491671722354,0.35131630160107863,1.8721492011364138,1
-0.28168832078912964,1.3234094782597248,0.530938387002686,2.260794446647907,-3.0171696205688696,-2.2134983532351065,2.557841558896138,-0.11035368609006602,1.2187344892674494,0
0.9278194561160589,-0.8328560305012069,0.44166729885702427,-1.5893517471437812,1.2291875177422615,-1.7106616016081775,0.349704759811319,-1.7293474005029705,0.9456841758143961,0
-0.3187388995774793,1.152811090156498,-1.8933580677512394,-0.8584639443571798,-0.52152102455552,1.9483597474201515,-2.6774284388938936,0.9779242004557691,-0.7837906320563358,0
1.1289065958772229,2.4561121001407242,-2.5629847152011678,-1.8686886851431415,0.6024634431494277,-1.7225513956197251,4.0531405207627085,2.5114748100115856,5.202791856635579,1
-0.8345148555721418,-1.7598042804329892,-0.14242136845175113,1.417308504046518,1.6684282754654485,0.24594997412341746,0.4942031178170916,1.70458262136616,-1.3878587294503029,1
0.746394873522203,-1.4323111565863493,-0.2326657966419341,0.7412947188234547,-1.62730717887688,-1.6920887779137777,-3.73137675034635,-2.8044825350221845,-3.1881906606921846,0
-0.5546668745880683,-0.5205422589572543,-1.778795229383541,-1.045552783891618,0.07345178710612214,2.6000732379881506,-4.615241000913132,-0.43346842850841416,-2.7275822913805543,0
-0.5206890955191443,-1.161526442315215,1.770132784104018,-1.3907373918451436,2.469873946810368,-3.2884211104976413,0.14758437129025548,-1.172972038975157,0.47601985675387004,1
0.9502416517170968,1.8839888543678154,1.112209363927416,-1.486983523028819,0.49753739427321403,-3.2469609347116575,0.700853388202743,0.22831951577880671,2.2918082472898855,1
-0.9041388431014801,0.4501471664694551,-1.8787677056364678,-0.9106600280970192,0.344657440825298,-2.8818840492167475,3.8243803585477703,0.4478909730994942,3.7551643746668772,1
0.6102442577895195,1.3853538467599504,-1.024993090389021,1.961711230327767,-3.126354775073898,0.24316945127748935,1.6640356194101649,0.5461348736023683,0.749859474963167,1
0.46496164550609703,-0.2758581680950535,-2.875996709283363,-3.215530827304357,1.1971753704595238,-0.7311512543895631,-2.420366706733288,-1.1198237329821121,0.5518212287794485,0
0.6424744465726187,0.8514310433465183,0.8433610327571446,0.4244780274951051,-1.578550896257039,-2.5573612436694653,2.395331769727244,-1.2153062477140593,1.9723281096188878,0
-0.5259527397942941,-0.7449437859573023,-3.397099885636093,-2.2283961734993643,-0.33168726186819686,-0.5327148483035236,-5.709269847870086,-2.0395171070564677,-2.297721954632652,0
0.748120032251875,1.2304305097338404,-0.30208797114110886,-2.5672352569267654,2.9376226719004914,-0.8132599120178828,0.7597171435455908,2.18525258738649,2.4526092869678764,1
1.5627487850530115,-0.9731866004360358,0.16118805375806833,-1.789999199332996,1.5139127480416528,-2.4854364165676657,1.0964006297171527,-1.736332375442679,1.6005169152678742,0
-0.5704846856410772,0.24640057780399727,-0.321873332797907,1.9976910600570155,-1.8493987270953358,0.026002216360472064,3.5255460522603745,0.3720686123799952,1.3902651759121345,1
0.9383913340595865,-1.0115823148062724,-0.597361575574278,1.2096071322781807,0.7382484903019478,-0.13799683515526406,-0.3381242985233053,1.421217997416608,-1.3699342044296559,1
-0.4372359421583744,-1.0348951614240063,0.7185219486403982,-0.7873212490958892,2.3164918301178945,0.29276133184240294,-0.009281311787006752,0.3901617775188956,-0.2004392208052687,1
-0.5296081995695587,-0.16785592334213917,-1.399251013858468,-0.36657028547575077,-0.23200999589993468,-0.81009496791362,-1.0627907033312567,-0.2506969515553933,-0.31009254778885836,0
-0.9460400182515531,0.5852835262087257,-0.3378706194133593,0.8702977863620867,-2.9767170010621986,-1.7595534524542604,1.281541479757059,-2.037383427214702,0.9997920938885553,0
-0.35641653402274304,0.2790274115527649,-1.3082414012803398,1.4188381972674682,-1.7658056959885307,-1.434657323932312,0.6548410585414723,0.2921883871027512,0.06983788172377728,1
-1.4829130411779132,2.481477485874084,-1.4143089175487324,-0.9462741707961797,-3.437830902618044,1.4234879795869877,0.31291772402848794,-1.5617109263317492,2.047948970093835,0
0.5130429233658149,-0.8373197918848732,-1.691905552633857,1.0820559466154047,-2.38429956974543,-0.018035743825962847,0.2439289923545901,-1.8590870815104552,-0.46102296727757525,0
1.38238274568994,2.7220960274362707,1.4904958421073338,-2.3045558380226643,1.4047059324137323,-3.2267222141210317,2.154585836594746,1.16947008886316,3.985542538059941,1
-1.1814412615773098,0.3461813078755548,1.6634370588327276,-2.0427186391159093,3.460091247482638,-1.1409570786430652,-1.2679099820988013,1.4224287239680211,0.21753478477091895,1
0.3064563206495689,2.5288552191486895,2.6702392674844555,-5.176796667496452,5.0516001438872,-2.459881433743325,-1.1281300183091956,1.7136654597052285,3.0133300672884418,1
0.6590680288024853,0.7859153942357198,-1.877022045965087,-2.311322318023921,1.459549098662994,1.132467442645654,-0.26444832655937756,1.140190773587923,1.5261692701422327,0
1.289593619624759,-0.5413380645202543,-1.5024510623936362,-1.818266824650466,0.8593013721303557,0.6267300015743555,-2.0053541176709193,-0.8059911316365789,-0.3919081170464723,0
-1.159282399230843,-1.538224005831076,-0.9626043165013994,-0.38280369415254,1.2876973350215208,-0.11850643391789217,-0.7208359696313126,-0.18355255716781238,-0.8310688713185774,0
-0.9587037291435838,-2.3138367733693377,0.9340063309932403,0.10083255673349223,-0.9113349166975959,-2.435333268496632,-3.8243526388786626,-4.381958861046233,-3.2804443777616235,0
-0.21752938383354903,-1.0739664942839109,-0.11511780188954535,-0.9321019296682527,0.12114738939466595,-2.0272246453883467,-1.2509758040898364,-2.326114781735228,-0.4559822206026918,0
-0.9502387211452319,-2.462595694960099,-2.0074135967561357,0.22280328311646402,3.077962799169057,-2.911015548456155,-0.5832667771615878,1.8951478161585893,-1.254075196510792,1
0.11302071029882846,-1.1500153584154083,-0.9627479127804979,1.1981297778209052,-0.4362414814762049,-1.4402798564857142,0.4412053769583445,-0.19113865320535428,-0.6232927323886711,1
-1.8104228817303614,-0.6876036273643356,0.2868427096073558,-0.28817180599208814,2.289415887037935,-0.8526240766706551,0.9434171441528145,1.4292312207577702,0.4116152405904721,1
-1.074462766356002,2.409350749083057,0.22036522824847338,-0.1840151926578809,-0.7651675204000404,-2.505819467278969,4.39083529288116,1.2108823255558834,4.27171768709499,1
-1.664665985025513,-0.9788828486211802,1.617936981224565,0.13912478991359967,1.8511398883759909,2.019830312961693,0.9652137796676508,0.6405501659374802,-0.3268533788964014,1
1.9087762733777358,-1.2870931692301424,-1.0801068181749287,-1.564817482535017,0.9645385261999663,-1.3003511825554868,-1.9828986504419424,-1.680896775456947,-0.6798477776148478,0
-0.6220648349449548,-0.40758880457821167,-2.610558532264987,1.9843049330622244,-3.278845749075666,-0.44512457603595756,-0.14436722923934275,-0.9669826347504517,-0.9223556734277929,0
-0.23436602171943766,-0.40937430525687357,-1.015376876602129,0.7992367589358392,-0.32072401072691115,-1.9520580366407583,1.2965243732353462,0.3220485855987544,0.5295645646198656,1
-1.7869675655509722,0.23047389298705978,-1.0632902175835934,-0.09889752219434345,0.33141427765916975,-0.4168297351516196,1.8057634542056413,1.0135030969969736,1.4793575003532011,0
-0.5429757067720121,0.3338273852948537,0.9496701761626233,0.33953856950886263,0.38258585375719384,0.27292011868997323,0.607076754055664,0.7963203415901527,0.1662044606851184,1
0.016440928619381696,0.3894404501824065,-0.0653437826150296,1.782491096182253,-1.708442843853983,-2.23035406666102,3.2638569434901803,0.12094912078173814,1.5887289644099343,1
-0.14726982751294532,2.858074405263971,-0.5150545790078094,-4.371219740390467,3.6268212054019244,-1.9756273466439747,-1.133951637135723,2.9445893271501578,3.010106473445013,1
0.8747546767096062,-2.365750314524689,-0.33768542488654696,-1.2679309988929475,0.44698923899329396,-3.141765274015768,-2.631742887995287,-3.8121199017006098,-1.55688551114527,0
-0.8042679214494173,-0.8689781848474711,-4.2544840483690525,2.660830187325839,-4.140939873017155,-0.9071848281519275,-1.3243098877195525,-0.9735967084151174,-2.0382245750480155,0
0.6917051136079876,-1.7628001515420553,-0.40267002698164445,-2.348781996230143,2.822324208490275,0.5539980804798688,-1.047389009165594,-1.0429803070650672,-0.14460113802396257,0
-1.0063080055930869,0.30007566483828196,-1.6086481040060745,-0.27405451898613686,0.31161849229022687,-1.5250328982202015,3.4695016529946394,0.9795593445312522,2.899563733117571,1
0.3097295030870087,2.021757991693084,-1.888552204982885,0.16267386877629852,-2.5693980326850685,-0.3503641365646427,0.6021159042132318,0.3188370459777965,1.509118937183211,0
1.2576769778532042,-1.263381277200077,-1.1760627591913835,-0.8968585253698531,2.9795852642254754,-1.0407720006998356,4.105385825477509,1.5093965201251143,2.807437988328503,1
-0.9724037396106213,4.141631241101949,3.905459366862363,-1.380847175183857,0.20387101601104252,-2.9885073663487374,-1.3731461464414791,1.3642999521892567,1.4098325033936983,1
-1.366246629397111,-0.7127574138602835,-1.8874435996834407,3.2436847407569513,-3.013864589998833,-1.6063167569179453,0.7223557336845816,-0.04554260124693987,-1.2326441015711103,0
0.3132239910065639,-0.847047888801089,-0.6105343897675486,1.832095402657669,0.5772789670629808,-0.47883479422351505,-0.6198141680247791,2.1266480976549325,-1.8432864455230185,1
0.6940967468117569,2.6514094002494883,2.163927716453377,0.9284558872732651,-1.0005899626089074,-3.2799228542769634,4.207968400808159,1.4451787778362841,3.4426005475607773,0
-1.1330751730921569,-0.05963268580386227,0.37646061822713284,-1.3548583600617397,2.086706570627604,-0.41351672254843386,1.6490883541695045,0.6587148369955232,1.7658887162864165,1
-0.38698409915769044,0.359929322548717,0.030468040718989453,0.6285947265377533,-3.1017775984194635,-0.9817118705946022,1.2837928261118103,-2.8555788736170404,0.968633591465509,0
-0.8363384996646277,-1.132871892513414,-1.0629430360642496,-1.512829647509116,2.4144698600551426,1.2807117600226507,1.1508354569754042,0.5151728845198168,1.0705433383002723,1
1.0625720057333625,1.3984182787660542,3.881828803496946,-0.9521426255436981,1.7814132661291298,0.18657459941435217,-1.1916533562084117,0.8649870458900368,-0.22314396955853133,1
-2.6244111660438847,-1.193904221311842,-2.759569247048095,2.069032323264895,-1.167653621970041,0.6611608440747518,2.9144359835706473,0.9039798270676683,0.5046230038538521,1
0.28237775119951514,-2.260011563632621,0.07519776449203786,0.14132577686270276,1.2874713557959954,-2.8392122978141168,0.8945594507407859,-1.2909682134265523,-0.1823308493675255,0
-0.11314253663097591,-2.086919568420784,-1.0584343463332062,4.217005295619714,-1.654859904059103,0.6123972888926794,-1.5206060073098215,1.010675680018791,-4.295681710170787,1
0.508368676721951,-3.130268982914972,-0.8223397971910152,0.01570966631897741,3.899055467470683,-1.4073655393429445,-1.2444849922415013,1.4445042431162671,-2.1545439943365605,1
-0.8371063267469117,3.1444176254814407,-0.27800150248840705,-0.6078832871402498,-3.380686609193686,0.028420992767584252,1.3327833095227812,-1.052933690212152,2.7911159772269287,0
-1.748713037418722,-0.26180335831363055,-2.4008163877328723,2.066810195418899,-3.8610853805662866,-2.0112914692946617,-0.15426058251540042,-1.6840513012396126,-0.741483899502303,0
0.1417765607994892,-1.9249020584873224,-2.0897208548907407,1.2290974138695347,1.589642580604546,-1.0114318699010956,1.5951367946576696,2.0186652662491804,-0.2706780317901214,1
0.19462857791741106,0.3932073785187512,-3.1124924846019417,1.732129056827504,-4.401495967849052,0.251546088792175,-0.702891905978487,-1.3564837569091661,-0.7566541518353858,0
-0.46379726964987933,1.2415677245922336,-3.733850652478078,-1.9432599621143636,1.613284160396371,-0.20973309888656566,3.0297500174631105,3.0095888532053245,3.979258894375881,1
0.12255515695077152,0.49658094271233666,0.9764201783626004,0.03901370722298547,-0.19587264889454445,-2.372168220328033,0.7217577203568941,-0.36136736361433397,0.8035561976394703,1
-0.22425879143948552,-2.1386782009936596,-1.9100612504838885,1.6828447532711754,-0.00011999850155480696,-1.4847837349507407,1.352713381125115,0.180816144924538,-0.6324971187232961,1
0.1802847729902364,0.8863034690478637,-0.19379028423454425,-0.5900106645868206,0.6822466579599591,-0.33916756610926846,4.0502407106214635,1.153256541232176,3.4252893422098842,1
0.17073711062069657,-1.9306245560052084,-1.0427017032255825,2.6026420791924996,0.051605188663272065,0.00647550679910136,-0.24333929823589795,1.3284887647684787,-2.446444365248433,1
1.7606280346244925,2.6573823616947463,0.06781744008964563,0.4173618857246201,-2.5474521472792095,-1.4703491969092555,2.1446359259339474,0.24556167416140262,2.5433041778424528,0
-0.06921940794151801,3.0369722584058176,0.11208086286334806,-0.3604372523254529,-3.807586971455656,0.8339339021988754,1.4826203628712984,-1.5481064381391318,2.615340939285076,0
0.11802771394381888,0.8976847862910224,-2.3138061375682044,-2.508148183270724,0.6885011032181586,-0.40951920691180965,-0.8748978915905351,0.17283427449752908,1.5443567586224591,0
0.7148166884800725,1.883444877209945,-0.9845890102681826,1.3880613916464202,-1.3878663041734378,-2.2309423178145593,2.0185076465303116,2.3602959196611115,1.625114314705972,0
-0.31856666806083256,-1.7321610098029785,-2.469768130815029,3.095493153605031,-1.8831984464176397,-1.8999080049493748,0.3596404421258892,0.24783170378463804,-1.7817667580022376,0
0.9818219444386037,1.1946034653359072,1.6592862235301034,-3.126669847818022,3.58919865533637,-2.3872324704470795,-1.43924580513638,1.2183422876428933,1.2209506354514512,1
0.004438522609814357,0.35324810404833573,-2.300500583531586,1.6563293012607825,-3.6277538992166174,-1.1179231432701389,0.041060925072568644,-1.1038867308408542,-0.23588483996359202,0
0.39726633562149777,-0.6184582374577907,-2.805075323810604,1.8898615691123317,-1.1274054638324875,-1.078124123051968,2.3296707006539332,1.303904908441703,0.6133368642016406,1
-0.7602623997034793,0.9261997014516058,-2.1538115859792764,1.6734039036192483,-3.8777715270633677,-0.8109545457591705,0.25149877705993484,-0.7598825098678219,0.08865133425747822,0
-0.2652287522247021,-2.2522651920205337,-2.4442221716715933,0.39701277274281066,2.114456412985285,-2.1062016273698023,-0.3618403259247016,1.4455529896838917,-1.0876617419269519,1
0.5929508094251296,1.5438816005088292,-0.5763107808800483,1.165224749627774,-3.5325396802593945,-1.687513879457907,1.311221170314717,-1.1090305754639116,1.2593451541229985,0
0.1948388189855969,0.7968465458783891,-3.2899478390906793,2.007041809582523,-3.4633224549272743,-0.6417362085326389,-0.2399948462567414,0.6029422950882215,-0.4454979187970155,0
-0.5385264535684786,0.4793925999478701,1.9365581108411232,-1.6889074565019664,2.018041362466698,-0.31172730638776824,2.006285097973991,0.03276798223830135,2.2660700893152907,1
1.3275546507092362,-1.6345939346663871,0.6038589422768481,1.8244806925736319,0.5055508343211816,-0.7975705270967033,-0.9712868077827288,0.4458221924857294,-2.4520366958781747,1
-0.8250118984061866,2.2395277406230623,-2.1543805400218474,2.497727178985146,-3.7368412266628144,-1.9501931385692215,0.9668424202807553,1.8148490992894097,0.6416800165813885,0
-0.2762103812003258,1.414480601592875,1.0324987945066226,0.5465310651050731,-4.3231613162082985,-0.7415022252565464,1.757021316682469,-3.711450853440888,1.7239614443798714,1
0.7843671357705463,0.22610632412932696,3.4229786420260457,-1.8659339716916983,2.696404438219595,-2.788744488657353,0.9454099266144617,-0.6010906717946038,1.607973169387646,1
0.2727933862859796,-1.0887284746062624,-0.7818225422636659,2.166651564633878,-2.83319072174833,-3.503855316081274,1.0623413456487538,-2.2921134201381737,-0.3994902248595788,0
0.33814032535793165,-0.14683268575030572,-1.643761780649358,0.316785048788796,-0.5164684461922333,-0.06091831186631769,-2.1757771637441494,0.4542166156482381,-1.5091137218867123,0
-0.5160481561017785,-0.5976874631018778,-1.4631501227415196,-1.5390770929367883,0.6270288169205677,-0.4115257292083917,-1.6111165325590218,-0.9737201604146672,-0.2063260989667829,0
-0.4686605094797979,-1.6972200727035087,-0.5530590568969291,-1.1170971344653184,0.3307042812468406,-1.032310418241714,-2.995670825158197,-2.647444100074548,-1.8212452458939237,0
0.5720776210049433,-3.200447072499708,0.7125959953980365,-0.42138068548633845,5.413632883604525,-2.195489278974276,-2.5360542755378557,1.9197683676560273,-2.9783411431439277,1
0.1455224922103618,-1.9771648202048409,0.5378023691590728,1.4715957575006455,1.5221445035655916,-1.1777434439947838,0.14344573668179217,0.848405936570912,-1.6535473727677312,1
0.049661355708217385,2.381370777162257,1.6140185368466269,-3.134173435357556,2.709194997730362,-2.2976625435088645,2.567778688524439,1.4338434257305284,4.442707945887983,1
-1.2275242426383912,0.1517317696644278,0.35332441615689425,0.3141658173078147,-0.9557874577474708,-0.7057426371439414,2.8365067589541253,-0.9872367770476633,1.8860294912722015,1
-1.40721109950419,-2.600334488909049,-0.562834024351411,3.0578081274383573,-1.4711205109468086,-3.863699358671591,1.5215912850567412,-1.5292996758898108,-1.3320607002474243,0
1.3255225693540593,-0.2666592219787002,-0.20070371571173817,1.7821768675949177,-1.7524043221102492,-0.6941670916304046,0.6153911049886116,-0.41001441087461243,-0.574203446615409,1
-1.6432690345702778,-1.176086684708463,1.0703385432867019,-0.833076020433206,1.3508853719011984,-2.165848506674065,1.761254500310102,-1.5190049885868637,1.2592747561044186,0
1.8384368995283291,-2.113626836104511,-0.6783930016647073,-0.7419102173743437,0.2698012649996014,-2.5869055128959095,-0.9348849714137671,-2.944384621383647,-0.6594823954070443,0
-0.7322824104302025,0.6496855244468255,-0.7181283299989427,1.515867576374383,-3.5969761869493486,-0.7093040566053216,1.0363140357096827,-1.6727442860035913,0.4382859733166871,0
1.2671821317388838,-1.042680904512971,0.09776018455913182,0.7224220683485363,2.3200856840489075,-0.38099186771820204,0.6899507094782579,2.373397710633272,-0.5644538878010188,1
-1.1032927428246264,-0.4886009955644639,-2.9073049209023267,1.3450554101550551,-2.353609604527387,-1.0657136311397757,-0.27987933135760423,-0.5637613991152046,-0.6307813680404347,0
-2.078519748890523,-1.7340706503680305,-0.5836800507829099,-0.16721344869720878,0.37207504957529086,-1.9552938282597339,-0.41794317032890416,-1.693689548293193,-0.6133070583748178,0
-1.1769198921315842,-0.12924089752303902,0.5202359297776513,-1.3172685516313891,0.33165245258731224,-1.6630699652713745,-0.16015083503277416,-1.7049227570088257,0.7624506321061914,0
0.9347481295413476,-0.41813054491618984,0.18696997894457645,-2.76026032997902,0.8303630750545622,-3.0410040314780105,-0.605268945234225,-3.067095502319991,1.392742397670528,0
-0.8373820843495747,-0.5138409894150331,-0.9800906964131867,0.7767604807625355,-2.9383820399491882,-0.9482339274671443,0.5094468711773361,-2.9823272126519775,0.10450274770236055,0
1.5246767428475672,1.0511141323461626,-0.7524200938269143,1.106045038672541,-2.37145526634411,-0.223392440195871,2.38622576015663,-0.12227515220681373,1.6050531963792392,1
-0.7746013478853117,2.172379161328763,-0.7916339041818321,0.6853165856241663,-2.1386853704949957,-2.5870506376042073,5.219917221492819,0.7101631876994676,4.416495372174105,1
0.8232949943553307,1.719257668191409,0.22507344515383787,0.7701040204060563,-2.8118640839749753,-1.6371522202411004,1.9155575494565513,-0.8855649588453782,1.8362566663166087,0
1.8044489719871246,0.3713075241149191,-2.038579374025162,0.5973435495709885,-3.4017631893839924,0.03364440623647358,-0.13544627666147857,-2.0495790345290974,0.16541068440129356,0
0.39627156358608606,-0.10332301450631665,0.44548937797935084,-1.8955735640915834,3.1907580033034884,-1.407586870948037,2.3894729643936565,1.1916750469859763,2.5837339300150175,1
-0.3350378920183519,0.93186759062359,2.0799919115310996,-1.2216332590154095,1.716457313747968,-0.9299101270653125,-0.2601824479036212,0.6857245007185566,0.6887500015468722,1
-0.16921365816554673,0.3298317690294086,4.434099902130045,-2.254617170285696,3.6512513992905427,-2.306606879846158,-2.1069696390620156,-0.10598540124847555,-0.39005900867216714,1
-0.2705367371612667,1.4997000759989318,-0.5318899438043542,0.13342236925659445,-2.287058274425239,-1.0781101264383517,1.3209636135147493,-0.7768970502675995,1.729363966260425,0
0.7463165225591263,-0.679396599860326,2.703124146006227,2.236409770746469,-0.8415846754050443,-0.9566330519226979,0.14552994813862974,-0.729368259148925,-1.6705810631296798,1
-2.0198498527638407,-3.36082481475725,-0.8329281666322912,-1.0433770712941253,4.615161927402297,-1.1775353095280623,0.8347232313557504,0.7829737846506074,-0.25562683579581397,1
-0.5798551814633284,2.9404053254435896,-1.646458498445274,-0.18579446062111615,-4.387410053848819,1.3861975747651325,0.24877227841061478,-1.1903228639179646,1.805659722623395,0
-1.2524111844855446,2.2533352976758994,1.1554656023314092,-0.5769550642926313,0.4068886766472957,-2.290777807355753,0.3822176888075186,1.704330041894417,1.5494319883232524,1
-0.8070880597375816,-0.34147891825508603,-4.575114069562962,4.716771751976947,-4.029382297466548,1.3172565635855187,2.741141786369672,2.44711429771589,-0.6050614874523604,1
-0.007564659674649148,1.8368477489776631,0.19369521590184724,0.37399914217916885,-3.3148720155323006,-1.2385278569891642,1.6470954806191376,-1.769021396970552,1.9596165769316463,0
1.1004284422568642,1.178760579658368,-0.46184993355664483,-1.352105596399139,1.1063971243149537,-2.313803033686432,3.1695962766784835,1.1116087256124598,3.6086859581485147,1
-1.255468009692417,-0.7040493186798022,-1.9423430049635726,0.014321507178745252,0.29601596853091056,-1.0722953332463263,1.941045053960623,0.3594189494761585,1.298980029391005,1
-0.432976265242216,-2.262391779584952,-1.1848378961447714,-1.573682108083621,1.8379514326651805,-0.5121524407697954,-2.164633026525122,-1.63397278520392,-1.3086933387411692,0
-0.0052265974628201255,0.2225432073015683,0.3832480601376169,-1.7517324634384983,1.6427771644940798,-2.0938140246906043,3.0296660069719934,-0.23656608999069695,3.2564628686947854,1
0.8930678269867728,-2.778834729769732,-2.4065820235104476,0.04539058781046901,1.3368764569534806,-0.5818944671938564,-1.5691369764270733,-0.3916801658805219,-1.9599595831520569,0
1.4301727436187794,0.7001573916051765,3.257512217183664,0.08342769767924052,0.32811558969889526,-2.3975580171529494,0.0553257844948285,-0.5549769885715861,0.13858102594763483,1
-1.490082675576618,-0.4161105392509633,0.7058345857969655,-0.46214756459397544,-0.18973016815581945,-1.5640252473469376,-1.1784611062984978,-1.7507941186801563,-0.5548436114858284,0
-1.3691326623816966,-0.9546324728260698,-2.2853778953424753,2.039219828669844,-0.0019543375227065096,-0.4569848820100125,0.09522137430559807,2.349311835407321,-1.3225366849461937,1
-0.8606491319147301,-2.3353293577296386,-2.320584682632468,-2.9218450627418746,3.6294724602012853,0.0007738802855310478,-2.113009201230943,-0.4351388487064567,-0.5450350512516859,0
-0.710282037151078,4.101817084624649,-0.5329240232745827,-0.7111772049726808,-1.1984650312763852,-3.7133665996355414,4.075091984467947,2.3579738739016407,5.261665969494432,1
1.0925254146784196,-0.701761984641853,-1.441509023374333,3.4565599138292957,-2.1692108318446777,-2.9871341899436574,1.4188210769378338,0.8803814824231773,-0.8773635700667729,0
1.0091034117280526,2.154431468109369,1.0568314390216993,-0.2773302876369952,-1.0469323738074316,-2.0759995538239693,2.834401829780707,0.11407893472327468,3.0891547803659973,0
-1.2825566930052876,3.0879539965721934,1.2807728619123018,-0.9056250375709751,-2.8435990649652574,0.25981736538904654,2.379788503836094,-1.6049261943463005,3.4417033120021143,0
0.5795812479848041,1.5165574138737064,-0.27143846229475865,-0.9882351335865307,-0.281989087318803,-0.2472388444203405,1.7898167712383826,0.36658718124084033,2.4783975258013498,0
0.2863784830010945,-0.31380416659658283,-3.4381383527772855,-1.3458871169260194,0.14164446774212505,0.6331933392709908,-3.2073797550313095,0.15082158012727498,-1.1638786105753023,0
1.22638994392192,2.8537119666782296,0.8534123887341177,1.4883686392681805,-2.332983554663971,-1.8471111830672786,1.5237345716446278,1.5812775877548244,1.4620424813197013,1
-0.7146128121242966,-1.8221241643140065,3.930971094563846,-3.1987349282334545,6.078089178279107,1.8121663133670705,-2.684562455929189,-0.07738728583573962,-1.5613812706336703,1
2.22815443334965,2.4491540321844782,0.2058517208303654,-1.0874000384763796,-4.067874829366855,0.5672026119458253,1.0465119140782222,-3.4853506573207644,2.601494408458738,0
-1.6633867113595329,1.5193962235159777,2.5314796154946135,-2.9262707743764507,3.332012583011518,0.5402673362184103,-0.09869321181453206,1.324040535449253,1.7690768396056826,1
-0.09844531417674846,0.5891563008483529,-1.7460002804436718,1.2706296269382196,-3.4266697856187665,-0.25568053537970903,0.34000213118030376,-1.2273107291963643,0.14262077887041347,0
0.8697620581762918,-0.5400990698181876,-1.9210401674731967,1.3325418068799373,-1.9009430609994515,-2.461019577769986,0.4634245348442194,-0.7424734101245954,-0.14090165985510278,0
-0.052611873356375655,2.2334654428177014,-0.714698386734,-0.18510626584854406,-3.356834468814536,-0.6752103033252401,1.0263073914278316,-1.4589832389657145,2.0826209970185285,0
0.2664460756186423,-2.7339439334135163,-1.0012657686064674,-0.846022772606351,3.737567773372879,-4.244618135129267,-0.7458292725441626,0.5039310679014372,-0.8128965392687697,1
1.562668505230683,-0.09121174150027445,-2.8595666829059523,2.407316767904817,-3.0455258054782495,-1.5619060409925098,0.009713594284500804,0.20703211314573067,-0.8545772465519846,0
-0.27910585635994656,0.05002167644508493,-0.4985967287249998,2.357846598162147,-3.72749872116348,-1.9902819111276848,1.2460310784380013,-1.8177700533083225,-0.06474852068453012,0
-0.5472878832053729,-0.19740174017641143,-1.161570800086004,0.906720025822439,-3.0614366980071153,-0.03438004238897563,0.492704156378416,-2.420529668474571,0.06890475910209473,0
0.8804711054283936,0.4394422506251132,-1.5612842515138246,1.3078797361551013,-2.3034842105762796,-0.5673839034002861,3.0186059815109845,-0.17845927040308807,1.778133252414203,1
-0.41085719913647445,0.6776535631595386,-0.6525845734620059,1.7908728190178724,-1.8827351990420025,-1.849409525951097,1.7949890104753337,0.6451654298567697,0.7387509593125213,0
-2.3480683971008265,0.5527032712513655,-1.3427272298506612,1.8070964007708659,-2.8643394774174915,-1.8126980331609732,0.9935817384913044,-0.32666513388172347,0.29232459829531615,0
0.9354943958784453,-1.0606656968594659,-0.9808106088724989,1.9238890236836812,-1.8273459675636456,-3.185408832876758,1.1475088722648803,-1.1584101206386959,-0.2785760110749583,0
-0.0023434031495201645,1.6716388462903033,1.3047089970969434,-1.0757967879497636,0.783840281137227,-1.0012461295158803,1.8500553333495282,0.8980587676854281,2.4597453327474166,1
1.3627408269989625,1.2925044065678595,-1.1357772740439132,1.4558289338549875,-1.3295687603560624,-0.6575938824999759,2.8189428684586666,2.010982535000906,1.7529802133878134,1
0.47787893609605137,-0.9010602690558597,-2.5364949851697176,-3.030357997788057,1.3598664609649598,-0.3513088484745205,-1.9343712941165965,-1.6015726340493512,0.4410454670747026,0
-0.278464713718385,-1.8562309442704077,-1.4770288605764454,0.5511515650251697,2.605115217730425,-1.8928570913769662,-1.5956447054372367,2.2812163595756827,-2.02445125812732,1
0.34253098972959317,1.2885560228356399,-0.08085555791846621,0.49612617862912833,-3.84615468404471,0.3111653700671615,1.175217380942984,-2.6353773735023402,1.2794674221627502,0
0.047888782675214944,2.048993820852401,-0.6675670502206339,1.4729315163419896,-3.0132658365616574,-1.9946906783717144,1.7447889510596468,0.5039096200267499,1.5393961483016498,0
-0.1304148268171117,1.3314856147531784,0.47442276821591023,-2.2978939283466824,3.281088374554129,-0.2666785178421788,-0.06056128228235602,2.735034390520683,1.608587932381297,1
-0.7474242459904361,1.8244422054779235,-0.6873341400401236,-3.557800632531662,-0.08987209468133034,0.4598124890302222,-2.5937262705127315,-1.5959722243111494,1.2287809431613772,0
-0.37440044799890676,1.5125135526485665,-0.7228317768330814,-1.1172013880111602,-2.4790972479890288,0.2972479023233998,0.6985441651308082,-2.2055193312311454,2.009153471503686,0
0.06672645623483983,-0.037556574559640676,-2.0213122086605795,2.7916850834745253,-4.1684070950690435,-0.23573480093429955,2.5830847386867006,-1.0595923643601837,0.5411983203255432,1
1.0010648425707633,2.143025570414454,-0.8628085385229274,-0.9924249803183263,-0.36905771357824674,-3.072688334855314,3.7139535754691497,0.959325050840927,4.3542932679791955,1
0.5207764447340067,1.686265857544881,-0.7350581214542339,0.3761331896728377,-1.6659268107185825,-0.4309778275808829,1.5801897161157528,0.6632808520168856,1.721411091278866,0
-0.5357146329995497,-0.4516773029125577,-0.5933818910417973,-0.5659627855487213,2.015922361309956,-2.2200433336744547,2.8014858986237092,1.296988428166067,2.1707553806009163,1
0.7848253685484937,-0.6663324562046963,0.033400421062926844,1.8674600797634455,-0.7750523353010155,-1.095839450185251,1.3300606580380383,0.24503857799639817,-0.3678759664389218,0
-0.8166061871395836,0.7632400860343371,-0.14435791733850434,-2.409458201193131,3.208248990979729,-0.14480996884625463,1.030909109375917,2.123926140118723,2.25400920411624,1
-0.15717849993016805,0.8006772713511056,-1.5765694679795583,0.08995942996873951,-1.2631577716879852,-1.6542973259754237,0.861773673165831,0.10026205049975112,1.2517286839664215,0
0.7992027192421421,-0.3022633424459422,-1.842757615981146,-2.66202363005739,1.8351211250471338,0.25019245297801107,-1.0190218652037155,-0.185753877343817,0.8806802763695932,0
-0.4334316376401446,1.0739537694144674,1.0643668157765263,-2.092096464859006,3.04467102697493,-0.338050525033608,-1.648060907691152,2.1174005516233807,0.2835156842656446,1
0.735468509281689,-1.5415688167533954,0.39214307469708465,0.09951312862517203,2.3877654193521427,-2.0115093906824706,-1.6625126131895964,0.8985742650730859,-1.8147951246166578,1
0.8854705829400954,1.591482947455129,-1.3839360041743136,1.5579529738139195,-4.316784579702973,-0.7826799270871182,0.6924717993988911,-1.0483262401871865,0.6707928645513009,0
-0.9938252888572712,-1.3264745574685315,0.10122921600526102,0.5568759323545935,0.782093781416417,-0.606406482849172,1.8719734776666712,-0.13985838444086007,0.38673478519891463,1
-0.027983992670794922,-2.4671261884495967,0.45265089925502977,-0.8083782071308891,2.956865393477062,-1.7007236584378953,1.8128187412435277,-0.6773289508648379,0.6637315101859949,1
0.040798218223812355,1.6433221299949856,1.4612032995662663,-1.4924556743315254,1.1955638949248484,-2.720820546677269,1.2830152278893752,0.6584171289256213,2.448989902483967,1
0.7442291195615972,-0.829972976754149,0.18985777494248168,2.3044560542973542,-1.3341853540380841,-0.20502703214932028,1.5023438396708042,-0.13419666351187542,-0.6439706020733265,1
0.5893696072695719,2.489168866206737,1.134263940945977,-4.486539898353794,4.621882613605863,-0.8418621026033116,-0.7716453356010482,2.8683773611249848,2.8286210181373486,1
-0.3125670580213269,0.28452175329608664,-2.1125871452716,2.5747318559234955,-2.5818163741391404,0.0817097958255586,3.179078668190392,1.1081598518771747,1.038565460060787,1
-1.292429162600113,-0.7378071081139859,-1.3833309849477171,1.7478003850289503,-1.8356063730309329,0.20796792271163245,1.8473214456554874,-0.4672039881289807,0.13240243014728062,1
0.18710153722227268,-0.11087870614748896,-0.3656964779375351,0.9628093524170513,-3.1624552674816218,-0.997199368780616,0.986847174411351,-2.8951392083473095,0.4246686600544055,0
0.8928405543192964,-0.18007626362890994,-2.1681420434085896,-0.08378755927893478,-2.589558832728642,0.9419153608539632,-0.4079531414126045,-2.3279554358605563,0.05775132704258551,0
-0.18110956240450954,1.3881083902129985,0.5916203231720571,-1.1367622107149473,0.6973687140284766,-1.906990190372106,3.474793503317563,0.5980387856474756,3.650442581003496,1
-0.16283403955110465,-2.2795986718317263,0.7048908173561002,0.2132187745607027,3.9925437808922437,-2.6225752711183548,-1.9635431962964005,1.9359342810314906,-2.4800591000336865,1
0.14853101564150475,0.08847249330534857,0.7322029465686208,1.2302559691340362,-0.8183783749491503,-1.7954705395282615,3.908835421157552,-0.15992064844944553,2.0606910476464253,1
0.4427533213091045,1.3664346781120391,0.9739702983525704,-0.07253474413284944,-3.0279592842536593,-0.6230472560938599,1.9321553610157634,-2.842231518580956,2.0957960590581632,0
0.7191833809492872,-1.1812269128109238,-1.2070890080058254,-0.596447387543799,1.9666502370640022,-1.5999256138251456,2.6463376076589635,0.7052672616210623,1.8136719569323767,1
-1.0172453692868415,0.6346666323868309,-2.707091102375455,1.994880482729831,-4.013540893993811,-0.7902063767187855,-0.16691953668275739,-0.6053000924877361,-0.44304780040885666,0
-0.3704277144696703,2.2398906561309855,3.091913060946819,-3.4866909866327553,3.2918835905897064,-1.9100756418842284,-0.3951321958611944,0.9634192304439921,2.3864157129007313,1
0.7332158376215936,2.9338357610574253,1.0750291447361349,-1.4763479216724447,-2.0417433094562742,-0.5606172348394756,2.3698027885721302,-1.4335251760724852,3.7684146945863946,0
-0.04426012027857669,0.9541492862874639,-2.97353048974453,-2.1295462638447917,-0.14143313585818948,0.11586079985428688,-2.166696974082294,0.08002506343340521,0.5421884188117654,0
0.5185128336026553,0.4381341764380138,1.5302324712178126,-0.9124242074099179,1.565786918683207,-0.326299231257171,-0.17279560046243825,0.6045314493491835,0.3726926227074572,1
0.5304234639752379,0.4271055981693811,1.711338651666554,-1.056246459726576,1.814344647093396,-0.4057591883549364,0.013441918941011544,0.6267046815061024,0.5533049283762239,1
0.3995845532077593,1.2054073146373283,-2.5248173910970513,0.9203572809445485,-3.1970102935190656,0.9197553996376155,-0.007288327185761556,-0.08593041677497615,0.303311175829811,0
0.5683521485426429,-1.1299142626770635,-1.6935500772646692,1.815411700921227,-2.032544877201563,-1.4250855599756913,0.5154784636832948,-1.0639826375074328,-0.7466262051203326,0
1.0027214151773136,-2.479418498679866,-2.527058393024979,-3.4276621232529183,2.881714791528913,-0.18331286078487163,-3.8347427902252935,-1.9856517883454514,-1.332735431699814,0
0.7845272604756386,-0.4764871601358862,0.695109122798904,-3.744586222518466,5.073962293634599,0.019325140280402664,1.104371352702529,0.9902868196052772,2.4202520578317737,1
0.9163788273633305,-1.2024430614258113,-3.0335978069501617,-3.1627647376770387,0.4498684978817974,-1.5146732438355859,-5.364567923997731,-2.999440559739618,-1.6536622273763282,1
1.9737334427358522,0.2828723033694506,1.1454744105763275,-1.4790666672560038,1.7330523415979189,-0.059406744325082195,1.6410596296428988,0.12745271890009724,1.8903317782370657,1
-2.033299111040127,0.3734194747318764,-2.612403411713859,-1.6907831803078688,0.6622612769596707,0.6964252217633151,-1.9460926320488874,0.7640869376387507,0.0302540364807462,0
-0.8411213675603924,-0.45745785784347914,-1.5971738088058458,-3.20717800481084,2.218647500948529,-2.744677229865658,1.643020426089473,-1.042912698675593,3.195289690672489,0
-0.34687439189009384,0.3696649286031438,0.9744268728620127,0.10615454307600891,0.11796844971054314,-1.8656121013475437,1.6279130243843922,-0.02279765042962767,1.2455271894858881,1
0.18911584971103457,0.40566847967344133,-2.875749356248991,3.220260302110953,-3.0856779604378537,0.08852886141696614,1.0930714918085689,1.8382045637385063,-0.6108150296174071,1
-1.2748515710123025,0.08284450083477357,0.6317743105393745,1.7482872206646098,-0.6472023263148345,-1.6566006871422712,0.29950201952182587,0.8367795815456761,-0.7175566241041009,1
-1.167396980067612,2.5273179064957265,-1.6187735657727407,0.7904048503368224,-3.072764255077097,-2.8346394958567123,5.2901316672997245,0.48879090250390056,4.7180883377813485,1
-2.5495393447366808,-0.16857573223184952,-2.5370376030786597,2.313620045710521,-2.1498362855018933,-0.47932566727254455,0.4163467671749028,1.0509623385752183,-0.767511172241114,1
-1.5168584165083185,2.078864975727815,-2.9220524012371234,-2.4573554642222364,0.18399575341355812,0.39672885247315515,-0.8800524916806416,1.409667066044059,1.978504181140364,0
0.7471865901250933,1.3260459470670116,-2.2866985055565863,1.725925600038033,-3.154038073152757,-0.7358679379444351,0.5264407236702513,0.7483599344711942,0.3325685059491388,0
0.943768784799322,0.9798077000382642,-2.0577205089607338,1.5579318347758777,-3.1773205547320207,0.025991973571225513,0.48601854750718876,0.06895114859880969,0.18645277657857467,0
-0.10798346674527037,-1.5412691979702953,-0.6267321113143438,1.2608894683195686,1.7146944079598554,-0.011171571074216846,0.8757779338096147,2.049884793227223,-0.8813881299969453,1
-0.9604169204092289,0.7221866078730339,0.2455020619471383,-0.0784168686842549,0.6320408383868518,-1.6246372826996196,0.5882121000325649,1.2547754144783703,0.7975207851598403,1
-0.11417026776048074,0.005467980505905468,-2.55924659056609,2.1632127384044324,-2.9334508489162863,-1.339990045111504,0.1611630899811246,0.041678274246820024,-0.6222285608711084,0
0.5304518530891508,-0.2870659672512066,-2.414723896684679,-0.5277488045969503,-0.24532783564019486,0.2750650761842144,-3.0340096076521728,0.09296505064242067,-1.5859568898868213,0
-2.007303899675303,1.3096271240378332,2.0218667126118133,0.18254890307085936,0.16676958055603452,-2.5852347410409386,-0.3566127838145534,0.7146518483467881,0.18088632769734694,1
0.8064755550022653,-0.9285940251131739,-1.4482480370831032,-0.5880310274852962,2.8410616520733307,-2.820477886255082,0.9912939406774932,2.163663477596441,0.855826542253762,1
1.113599751186509,-1.6576792738376356,-1.2258928123340653,-2.0316434347169485,2.3352040337103146,-2.524803895962776,1.1325367673303783,-1.114110243755071,1.5857880718478443,0
1.6904526695858395,3.6721560734949485,0.6461189995195391,-0.5172105460290992,-1.848871172636989,-1.5093954310058453,2.739733418874737,0.9228479854626392,3.804998487621556,0
-0.12652604952864957,2.56189465327825,1.4732929598959719,0.5826057078983917,-2.1518739814920185,-2.818413647380109,3.181514059831116,-0.06812687131022466,3.0611297728459803,0
0.38986515806571725,-0.3991421487776181,3.0065035634202384,-0.5872118776821795,1.9691570041064252,-0.6545772689836697,-0.3774565238032499,-0.29470142800812305,-0.4336307182514524,1
1.1392418183632884,-1.3109023760117848,-0.34369374342448766,0.9865819988986126,1.610184572678348,-0.5485257564102206,1.7193845016531215,1.649645913251443,-0.01840025354128137,1
-0.5160601765303474,0.4415278437305612,1.0218776657837974,-0.603904573928967,-2.352629305519371,-0.8828704234402097,1.6866408408149374,-3.7717885383318976,1.8800322311713595,0
0.5141409907607227,-0.7376003783489715,0.026451782053269257,-2.2099429710896468,1.3050950653171836,-2.1055183348517694,0.8792822151817923,-2.0905925635778755,1.8038638579041395,0
0.670167262130463,1.568491974122395,-2.9537694300575046,-2.6928813742749895,0.690720266140236,1.4321211317793523,-1.5206804618631373,1.2951433713800928,1.3610424839675703,0
-0.0596098453885342,0.610102738453772,0.9186976885850844,-0.6792844513485511,1.1582673564638077,-1.1297888931260827,2.4030250348535174,0.7205003289491225,2.1970270109861296,1
-0.2891204271668269,-2.2848361728098574,-1.2732036025754745,-0.5264897192520812,0.8119668392196929,-1.6041823570368687,-1.6089651109463774,-1.799137024200183,-1.4009448608673238,0
-0.8169012518275693,0.31972169316753307,-0.18696622150809672,-0.4746398248803738,-1.519911347484631,-2.1501237538294737,-1.471021524495664,-2.134616612971974,-0.2045176572105357,0
0.34463050463451084,-2.330917606008208,-1.4796626941137023,-0.9556158765190979,1.1007394836879107,-1.5655347438740406,-2.347112309235163,-1.8618690640840514,-1.6521094614171783,1
2.317353765614861,1.2143796028534943,0.38436800692781836,-0.16792573590102977,-3.0411042475183687,-0.07277062093318898,1.424936124649895,-2.7800589704267313,1.7620389645327943,0
-1.6510533950619155,0.4809257040367405,0.8783474332200506,-2.450856031107855,3.8831156388186256,1.7091691799922648,0.6447868494588418,2.2548578059964512,1.573130940232878,1
-0.5740647135680381,-1.585265167698691,0.2626367114570849,-0.5132939611652997,1.211926170068477,-1.9214043422529021,-0.1419189299619239,-1.309917594955357,-0.31170721494519527,0
0.07069702166483936,0.03498418133316261,1.5719497254673496,0.3643837001417858,0.15439364278369394,-2.467350109979914,1.5719774482225262,-0.43961926686961106,0.9157994142807973,1
-0.18859185110631663,1.2940029949197802,-0.07792748869736055,0.6169800693880998,-1.9331784539612573,-1.3334643690240422,1.896510782229683,-0.29397499104577607,1.6820755801326712,0
-1.6792080900537842,-0.4139465119201311,-1.468023967815034,1.5772175572216973,-3.198652045719623,-0.6622960761361991,0.38619275714866985,-1.9712743997513846,-0.4061778620587487,0
0.8616488623231527,1.6323366007950533,1.8498015236774994,-3.5373825267072037,3.6677074445384,-1.61855751374762,0.7793304464144502,1.2669203346396014,3.0383675092712537,1
-0.39199362478771504,3.1888301209893686,1.1419581849084053,-1.4075818613818094,-2.6138884681283736,0.13649051459949724,2.234552330189969,-1.7205259356578213,3.7056380422820556,0
-1.3093939454332773,-2.5617984884133023,-0.36720257116313326,1.8846237394642955,-0.5060372327881062,-2.817375748933541,-0.06655639843731387,-1.5925469152390805,-1.8490584805312236,0
1.2515793826826966,0.6636273026985187,-1.7414665861251337,-1.623336263352749,-1.2736929561314718,-1.6279952617808835,-2.8495026652013165,-1.8666657168249552,-0.19601293763213004,0
1.0394413922305916,-1.561599102746753,-0.9183414985158774,-1.1848672063025543,-0.09097336073407464,-1.3644906261045155,-2.7792455196624113,-2.943649415170284,-1.4761593406287858,0
0.7300800925375974,0.3014972396012249,1.3447812332604103,0.7333007583358742,-0.8318436456863003,-3.0128350528852996,2.785011135296186,-0.8974475360385672,1.7613078767858654,1
0.08543868521990976,-1.8552610777585903,0.1768455175855297,0.6947370011016862,-0.12509794274283279,-2.7200779815503537,-0.3459328175312889,-1.9182535519649697,-1.111977716307374,0
-1.0847564341588138,-1.4576499488579366,-2.4224529036028635,2.5238306628511245,-2.5923886763175137,-2.2749437725198325,0.10717538037883023,-1.0271425950703377,-1.3905828998466847,0
-0.2608708012458902,-1.0277130397329102,-1.1277243742927974,2.5555137016759586,-2.546160232001727,-2.4217234715469393,1.018112777310378,-1.1218412094704608,-0.750946272947657,0
0.9910470469274518,-1.032127521862856,-2.226650696648573,2.865756070768488,-2.073381534417819,1.099953743834023,2.81248143622058,0.6751784806092054,-0.02295330605951063,1
-0.22239415107965607,0.9891196485783202,0.7421432333909168,-1.6421800378925027,-2.097840199986098,0.9072685803655651,1.3596014357060233,-3.678137084438326,2.353868727006735,0
-0.8033419752904754,1.0147859337982457,-0.42709235565440606,1.0488141598447263,-2.4196037018504377,-2.0613153068219745,1.6447801376674853,-0.616879809193609,1.2818811125150278,0
-0.9634990605160515,1.6031446073106665,1.17092804198361,-0.1642724968210082,-0.6060725106480822,-1.4888974052652892,4.007863791320375,0.09585512998750567,3.491455964068339,1
-1.1700036864398626,0.3123958030122036,0.4234458755325088,2.9996411835466796,-2.8321518221108244,0.6112205677258549,-0.2520699953113015,0.2011413934433135,-1.8049021743724083,1
-0.3752951697134206,2.2112874633024004,0.05817947609123153,-2.0161331362749237,2.004868758352769,-1.648978562514678,0.9942353777002265,2.5673671751924374,2.7602658780136777,1
-0.6827428448042349,1.526206785665647,1.2531567168112097,0.6947550511192773,-3.8257156206095235,-1.747321822611556,2.1257719045637886,-3.0097637972372127,1.9534902507649203,0
-0.7054337240572864,-0.491054827242537,-0.35779103896514797,0.40567376473303984,1.245746617226758,-1.0336100795301242,1.3569837015773158,1.4709856158730612,0.49653733440725834,1
1.0126922045509361,1.0431290806947209,-1.9741684930852976,-1.4821751871539017,1.3083599178746836,-0.26151156803566367,0.06465921368013472,2.127496475088714,1.4783045945429238,1
0.08190541260407326,0.05279012906695235,-0.8301053669554584,-0.5882429974643972,0.41349624124568063,-2.428156640078641,2.4674324323513535,-0.009874550510683422,2.3354839775552274,1
-1.4477067680783553,-0.1412171439866582,-0.9296769229434257,0.15813430807908913,-0.8464265815434187,-0.5042062842448893,-2.357826922762529,-0.5372351362205583,-1.5254271972234277,0
-0.6055696553034319,1.9069578352803593,-0.24201454325671756,0.19670507240516089,-1.1776587028544026,-3.3962766024083026,2.5435032979374212,0.7476430310123154,2.7666119451937914,1
-1.8581250137335916,-0.45849907095719034,-0.07559030442865244,3.5020051032950263,-4.700944232300947,-2.207622944839577,1.4594150812961142,-2.548703859290898,-0.7721773737050072,0
-1.0043183843830081,0.47046551292413763,1.472628696503812,-1.7054686013404465,2.153946157281801,-0.7897316040483413,1.0744728016378782,0.3918117518920128,1.7261426383139669,1
0.10094697028958102,2.488643255306052,0.13535850049452702,-0.3904295962097395,-3.379045543081666,0.5785674771944651,1.509084188393088,-1.7445979765301516,2.430331006973919,0
-0.1194544012563351,-0.4825538550436226,-1.3131583958064588,0.45984685155556826,-0.35376704175565965,-1.7813368437119328,2.233280943618795,-0.06555915153909253,1.362584610168754,1
1.7634040459185218,-0.6608313893542115,-2.1895861204959086,1.2546754690106168,-2.9939750217412264,-0.3871778234745583,-0.11241123794297025,-1.9770469677014864,-0.6052784737413618,0
-0.8404347626697068,1.6047385672421839,-2.7779985455437535,-0.6563006577578849,-2.825406871924437,0.16441988664195217,-0.4483590704994076,-0.9164861742552891,1.2229454098624526,0
-0.3280703703646766,0.1590338223371235,-1.5930513616784183,2.3279949330588927,-2.704183879063191,-1.4859140993721454,0.983507370941179,0.1695569687907379,-0.2152279444690655,0
0.17044705041296596,-0.7340016387860315,-0.16339109289936826,-0.23144558896321277,0.8363227858340163,-2.1422287355958916,1.6114277859970305,-0.29211085076165744,1.106432081230733,1
-0.6272574628615696,-1.9766151159599872,-2.5094412965077866,-0.6212979513856887,3.7302932084763976,-3.208197172129925,0.8981454362019821,2.4816473511254866,0.4814520661916227,1
1.5909413585541052,-0.1655543252672762,-0.38536222872952675,2.1911428541265545,-1.4200728091903252,-3.176132120267527,1.9761141779986109,0.403760518038665,0.35220157778065675,0
-0.767729142768612,-0.020215675406347833,-2.7892375610478366,3.7753310098968362,-4.9154252416746385,-0.9766056560875968,-0.08537635758305728,-0.4149094404783794,-1.6583127330257161,0
0.31162882372473,-2.1779047771088202,-3.0547503251506174,1.9727369284220737,0.4607553606543056,0.49434553746697785,1.2111175674232482,1.8316114323254584,-1.050423176846549,1
-0.5116938719117121,-3.6361304042570177,1.259332616029726,0.8921204167492309,0.9573531203610427,-1.798674163729646,-0.6743914247403187,-2.922220094325903,-2.420817665422683,0
0.2919658624579071,1.210186709611315,1.0478676201057004,0.12459052867140241,-0.4263984520772141,-1.867903131588959,2.8633265807423607,0.24902612883562059,2.4232323435143104,1
1.389775295320786,-1.6319525727822162,0.08420214958603078,-0.39145628644184716,1.869908315370657,-2.023858187834354,0.731397892792759,-0.3523356745884789,0.1501686679361604,1
0.7311108396894743,-2.135991625317171,-1.9910472886275339,0.09671705375339135,2.5986162683147027,-2.809440560245295,1.5641552597587098,1.4723220299578907,0.4247680679456511,1
0.13074385901824978,-2.3517897152753204,-0.09399627807935262,1.0554500053292983,0.9465855788365717,0.041884304898127445,1.6878236849968626,-0.4115384528830006,-0.49921244820804717,1
-1.521442092065485,-0.752366404789341,-2.4084628345525423,1.9220285793502367,-2.7085668598498134,-2.508327872487675,0.03509207400227077,-1.0570912470402882,-0.7596428319122743,0
1.401069355627171,-1.4132927063430283,-0.5145055558621403,-0.6997380047020075,-0.02335280083427404,-1.7716332544537052,-1.3454734991427557,-2.409499680724563,-0.7684377350134816,0
1.031018217042444,-2.013500284826388,-0.9768498592619793,-0.9657327710010475,3.8837922625730825,-1.5291464544997175,1.6644929609502395,1.5877736954483581,0.8745821378956664,1
0.2868638428193504,1.30521475766062,-0.14439382006342383,0.6987496107098443,-3.0186712530410964,-0.9885164225740741,1.5216091070767825,-1.4567255585293377,1.450818440984426,0
0.3375737334390134,-1.183762574978581,-2.5060366891896466,-2.5191447375604596,2.3138259748211496,0.1825477132770741,-1.690308491219954,-0.12552318484652425,0.034671046666491304,0
-0.897930893380057,-3.0053716850394263,1.9906219365976636,-0.4531673705856557,3.1718516092380744,0.6458815202322736,-1.7077156842171064,-1.071872525703029,-2.5318166034417393,1
-1.190709431945161,-1.0466580969396453,-2.2048397707724874,0.47318922790478735,0.15275388192772407,-0.9082889571819508,2.904007384840546,0.4238969022317941,1.5487287672328296,1
-0.39075176990461724,1.231218748256814,-2.487668766610792,4.337570691504929,-5.552281755109987,0.9658913330524133,0.5279451889707021,0.9674796367338312,-1.2940132749441726,1
0.9085910951875514,-0.46710593707298664,-0.7570115943732361,1.8267614010607873,-1.6836426111198712,0.5019489600929357,1.21433047640021,-0.1298605063666216,-0.3445838565832113,1
1.9172595345040717,0.28088748919547624,-0.7137097479065784,-0.6413673940296587,0.5544897792205729,-1.2224709018659283,3.1413571908715796,0.4156124435296583,2.7665129284805445,1
-1.161244452480358,-0.5184470849767413,-0.11291013266390548,2.8613538049089398,-3.1490685112581986,-3.895536328255782,1.7980618330469254,-1.595560379563973,-0.12858345250093298,0
-1.0771668261585279,2.017227885370335,-2.1313240475279374,1.8702313354237632,-4.030596300685536,-1.6197759167193069,0.6375574290396995,0.48211505947571,0.7256353426252566,0
0.1862524599012663,1.0529027120602956,0.9865117343230543,-2.4546757789898432,3.221844777315677,1.137908437114235,1.6595691538642112,1.9661249248289803,2.5780772363081783,1
-1.6598678502577902,-3.628896480168304,-0.07505580997856653,2.165798874173931,2.928791477109915,-0.5455230903125937,-3.809340635849437,1.938811669956003,-5.503264927650187,1
0.7240942025060932,0.8500949979698091,0.7514784625112849,-1.9091753085951852,1.9491766270704072,-2.761932283457665,0.46325881803106694,0.5449647817242321,1.8688793042941814,1
0.6511897695753841,-1.7654032260558927,-1.5485384385732446,0.7372575056222219,1.1797017149640492,-2.088004844955181,1.5177612591380103,0.7444784238236426,0.13879672836952023,1
-0.5948203104540761,0.46708874246383103,-0.9718363501837726,-0.7110694709219014,0.832193318056406,0.304025794629041,4.026899100075786,1.157573422719664,3.3273930330511794,1
-0.15824637244161582,-0.6413121651071132,-0.5594100513074325,1.9194218838660775,-0.4934548925638121,-0.4545929241639576,-0.6137071917020489,1.1173178004953173,-1.7296034499250732,1
-0.5888015666195007,-2.6432688310571506,-1.2330072743711582,0.9586747346372059,1.9392409313351655,-1.7659969338748827,-0.4889513585127383,0.8354517419278602,-1.812236823483884,1
2.0365823566720804,0.7237529021769857,1.3106008054230718,0.8275434076840131,-1.250557397148006,-1.1731211447630898,1.1074802276792606,-0.5461603519283103,0.5917988061883707,0
-0.8472699442196283,-0.7976577171471644,-0.3085824723776024,1.0818714293567164,-0.1133595584094358,-1.7554277463192807,1.1799053457419348,0.1084244706544637,0.019229158070305268,0
-1.1341276624784327,0.8225999839656328,-0.6984731182535506,-1.0652409226985378,0.6349219836278196,-3.5428104887814293,2.8712837257964487,0.4401282746308375,3.2770406952317237,1
-0.8784004773393012,0.14665782885407896,-0.8099066308096043,1.7220936003847784,-1.5660702796901216,-0.1133757598966193,1.759816821422063,0.5774324947928942,0.37535813143855434,1
1.3782298466701495,2.621180944039881,0.29608303184913387,-1.787681184091326,0.9341585674609554,0.06549391285147288,2.506234128914979,1.9906595302721257,3.6906138070563963,1
0.8740934027649491,-2.316548965175695,1.5605727175731587,0.5076472915453365,1.2543122859335167,-2.3353299694770815,1.306675110149952,-1.6925727827642068,-0.34932128512661187,0
-0.33342370828241286,-0.7387374491857326,-0.7545884475200669,0.8109822260732027,-1.1364923331200751,-2.5838140077125704,1.4300931096706715,-1.275661059439368,0.5966976439466267,1
0.8301176644952266,0.6688582078900739,1.4715903524474738,-2.8784839047925717,3.7638311430848286,0.49006832595935923,0.03737268471236799,1.4287896503862534,1.5791875391747114,1
-0.31611628063041075,0.25697566700035934,-2.2832313730146314,0.9468160829354688,-1.8964283211465869,-0.6933578893058592,0.31704763540363046,0.13386235590605455,0.16700773945684513,0
0.31140835118933086,0.03778650773990555,-1.273568834630868,2.1418908435779356,-1.1619961329749695,-0.383003796487851,2.4810434512130835,1.6256640775708573,0.5890124942715802,1
0.36882441224866147,-0.8542482125844573,-0.23958247296637358,0.7763505787743674,0.1309253916321598,0.06528758814591473,3.3301840274346075,0.06296928512073319,1.4314602533446128,1
-0.8991960960480192,0.3350570668589654,-0.6070677813677527,1.0400711080406762,-1.1783671634300446,-1.8339563387660782,1.5471402222313326,0.2222993348011162,0.8507810339057778,0
-1.1721730470264382,-1.692546041318849,-3.0531681684547873,1.4723861889141223,-0.4501750735740656,-0.823056178830962,3.175574273850226,0.49658085626844195,0.9814505943573852,1
0.6528803714722882,-1.4368699869069401,0.1268207880872183,1.6120207263241915,-1.5754254044630347,-1.0751946293086205,0.8488148764756311,-2.0033146628431346,-0.7604436313617937,1
1.2429502030420623,1.3966140995719631,0.8173557415054513,0.663922940721307,-0.007403936124635587,0.20232379569045844,1.2361996000422284,2.0022552008367374,0.8387197298736679,1
-0.6945031613848099,2.1688383865782974,0.7985783701478872,0.8447505161931661,-1.8662026777519958,-2.236740607489896,3.3684000599622705,0.5181850684261542,2.855497321965099,1
0.061770871376545564,-0.8764084634939076,-1.6081144478395921,2.4055457640882048,-1.258613565301487,-1.0769443506856333,0.04035224994298581,0.9000358258962795,-1.455975351640922,1
0.004210520875785671,-0.6523475875106391,-0.2214680478148352,-0.6678244703474718,1.18580337882916,-0.8630305855256102,0.7694952909732882,-0.08298621718272603,0.6966634122155241,0
-0.3797311250338392,1.493124948556667,1.2843717036597448,1.4723604192304274,-2.1524918593636264,-1.3320121414135215,2.1731985425937905,-0.03308066146011024,1.2878815132592725,1
-0.21506203606086322,-3.1707798766645845,-0.8877337253828568,0.41768498153060674,2.1444192040611667,-1.9896746603332731,1.0028642908152405,-0.42065375553930084,-0.693917202020861,0
0.41015156771359396,-0.5979844887610597,3.249333024228166,1.6037917750798094,-0.5600731728866863,-1.0066860598762006,-0.0682079678241796,-1.2956437030851147,-1.4554288935352686,1
-0.22821753443453083,-0.7633629243862652,-0.06964182987210421,-0.33953934878933256,0.0561717368024566,-2.062042860359502,-0.12822301514869439,-1.4071768155165234,0.045468928047169226,0
2.1284677685016002,-1.5790862079791559,-0.49505647277438847,0.38836169648063035,3.2779778510687874,-1.7516617163285317,-0.14988065258565308,2.72728359760624,-1.012585638897137,1
-0.932086413557357,-1.8228428001405859,-0.48845296153338835,2.5697136024432563,-0.5569124465667626,0.977793475473576,1.193015601929441,0.427677708110912,-1.5137458024278205,1
-0.7681942350054822,0.9704520278289738,0.37947297400174307,1.2053083263185558,-2.623219126153778,-1.945280716786639,2.0375252232147014,-1.153416038139218,1.3585459585434858,0
1.2838887832702683,0.3385331983318869,-0.7262905625941908,1.2693273670192111,-2.298443664702316,-1.4513036075098518,1.323927737634841,-0.7950695281354145,0.6296008052839898,0
-1.102091955592559,0.4579984985869162,-1.0297464483489136,1.1256015080693074,-3.979065512787775,-0.9865638883944318,0.5221444938428086,-2.685860616302181,0.3588444233101219,0
0.031417473466550466,3.795253812450739,2.748989509072885,-1.6481833092602924,0.5745958809609625,-3.8512584568210686,-0.49418070992309837,1.572702019144803,2.204281188059962,1
1.5253032920745915,-0.5236962983463542,-0.7663784408193977,1.979853839017948,-1.5735576454571933,-3.404476249995127,1.5431123720774056,-0.2775905453678936,0.13280120255457403,0
-0.1975293374691683,1.0679769413887823,-0.27180798697815745,1.021879262020266,-0.782250477059604,-2.3957569713057425,2.274460904799515,1.3219328452334773,1.615591866719136,0
-0.32447515749642497,-1.724112295750826,-0.586764216647971,-1.5771498256900833,3.3674469951283186,-0.5777391193175463,1.6946413325804106,0.4727287619727947,1.306234314366786,1
-0.8523336784531098,0.8172482596452338,-0.6913663995211454,-2.066370017142442,2.0418493254726777,-1.2653114378672767,2.149680508446348,1.265517494934307,3.0757657018741917,1
1.370695988904976,-0.6150282149618111,4.374093495984483,-1.8320570668469782,3.9282120760398898,-0.6846204988046908,-3.3558090813659716,-0.16609608389217856,-2.0324714003992996,1
0.222043548146072,-1.2114882418388024,-2.4260757465976193,3.0007588825457847,-2.3433887789950245,-1.430333941879303,0.3555922327755894,0.21264492814784586,-1.5377129993301852,1
0.9846766948245461,1.4840011959043076,0.9484084740675236,2.462725733518189,-4.236033780681808,0.2991763338465665,3.0849988318896,-1.1804060538559358,1.3266083611861716,1
1.9688588512048761,-0.36618133155232124,-0.5635082624481456,-2.2192107170530475,1.4720524519853755,-1.515430664137964,0.27300244589705613,-1.0686359920289394,1.5263809605074559,0
-0.5910457207268417,4.173331455316468,2.2637242871458407,-3.2733046070700498,-2.1742169103815567,0.03695007994850319,2.7365131131170917,-2.768840124737302,5.459979410820206,0
-0.4089155349199863,0.7409135487324583,2.570142024688554,-0.6373492670988126,1.0434380301963977,-1.6028283992395318,2.833637355108798,-0.11962334781675898,2.4058703929456273,1
1.6716594366486115,-2.0883335147891904,0.14495425046192434,1.7192448683010464,1.150442071473487,-0.776715813932663,-0.15125932468815062,0.7911018198311154,-2.0191940095200587,1
0.2707565235498433,-1.7900374344764671,0.7041770511853429,-1.4063058002761735,3.657636705157455,-2.243032251012923,-0.18577397969384868,0.19376758423484286,-0.07965853709397137,1
-0.6189775684070953,-0.10432346814227123,0.6411374917854651,-0.8927376151120021,-0.562262575852458,-2.0807521525779213,-0.8054237229840056,-2.3749152118739576,0.17676901528841366,0
1.161908619628045,0.3589701110234258,-0.23538106956593796,1.4014921964136913,-0.8384332562526974,-1.169769923849956,1.3692307574060503,0.9792224489987508,0.3795264614950153,1
0.25094319323665915,0.8450978399605814,1.5362231483858104,0.3926636853986316,-0.5894774570531227,-2.1428046480689122,4.093798297679773,-0.3960354945818003,2.9375093222043205,1
0.4464467833047774,1.478503540059156,0.050322465415914674,1.2601193514151823,-1.756268516768463,0.892592892384924,2.586466028870725,1.0319743333203897,1.561351528530698,1
1.6259779600063986,2.8743976756757115,1.2968752733639142,-0.8205773902398092,-0.12636677844903693,-2.1929934531753488,1.9408365694288103,1.3856254890420323,3.010680131579765,1
-0.6282984920177531,-0.25464224916159783,-0.4251649122609711,-0.7686221160145372,-2.5581438738643287,0.6490570128994482,0.42775301985859093,-4.122595575403567,0.8831935855379461,0
-0.29369252570562915,4.898308249709004,-1.0310856744710373,-4.47231491295152,2.9862854756005075,-0.2392376703950867,0.19194984079094357,4.865606395992325,4.671857476695654,1
0.5497512216450848,0.27201644110485157,-2.141631261485877,-2.598506236521878,1.3748266704535352,1.2937060679723555,-2.2442008281392636,0.3004049767217434,0.19984507165840987,0
-1.731324578876315,1.6102454782904216,-0.7314749842933284,-0.19574563039860116,-3.194643995795254,0.56609366050251,0.8310021604327991,-1.8774270822446502,1.5884304279256207,0
1.3957074818675057,-0.5776257877416913,-0.8977551244103961,1.0948471738178451,-0.4267152234782286,-1.4793157171330158,0.7529633250030476,0.33878719805638513,-0.13553311359699707,1
-1.1400826010234435,2.386636385022392,-0.2656451692293932,1.299548433036454,-3.3012511219562906,0.3929157918629953,2.6666245052064887,0.34999072249821406,2.1490528710468113,1
-1.3883045083134937,0.406708227956331,-1.2228885372602636,2.203664931242369,-2.486357943843163,0.03244867206225921,2.4783417697359114,0.5056289720299908,0.7585840654486186,1
0.6912624910088047,-1.605729384510651,-2.0895992120480145,1.8658615015931024,0.13818150372359628,-0.5259615774440318,0.3103607671884303,1.4273873159563484,-1.337921654700925,1
0.5251129428858157,1.1158648368501616,0.3208416961209777,0.6701649978794018,-5.192077225857537,0.22798227963195394,0.986092478353024,-4.522678096322277,1.0650002522643534,0
0.08380235961134057,-0.5016409372335224,-3.6126637050724333,3.3075874669207357,-2.616214983572426,-0.15510311190717374,1.0922065659242914,1.7887249957920077,-0.9549959173167779,1
1.286050103863426,1.3680724318080115,0.6534885138138566,-0.5139862569583655,0.037278456853676124,-1.8973040409121587,1.9496307004335702,0.4989648121881134,2.2731327965998105,1
0.006547966636634446,-0.1501871975675395,1.1974342302541068,-1.0867416497596518,1.6138715722518104,-3.414959770958688,1.141093880879673,-0.42650899729962033,1.4766888465251111,1
0.4354156527309408,3.4353168213440948,1.6929567231252347,0.631471824402839,-2.0044562312848866,-2.791215554117266,0.8757725933300495,1.187170059851734,1.7710053024446684,1
-2.965210529885341,-1.0482776549606416,1.2370305591160138,0.6199507399028388,2.145429167737024,-1.1262937100838943,0.11471659498767273,1.3939905755364952,-0.9105221555860555,1
0.3625110113441724,0.20754342243838608,0.24545176250244527,0.2822417825761766,0.3465237883936382,-2.0496845507502517,0.28402092363133025,0.6710371255841141,0.23704870110231555,1
-0.47083037650378173,-1.0676463700070538,4.967827884439898,-4.770983408613482,8.072287109942893,1.2242446616548976,-3.8979973291009875,0.929765837553383,-1.3154656730615966,1
-1.0348051634453777,-1.1547279818017564,0.5739679711712835,-1.8306386405419364,3.726167090876357,-2.107441245776897,1.9921029066896696,0.5524168190564238,1.8876388400492947,0
-0.22598320335224872,1.0851610186351994,2.3547357526393213,-2.8178116243946274,3.429133329735315,-0.3046347043922125,0.8114638274436166,1.0266094089201507,2.2404472988474713,1
1.6736906973213392,-1.5931905727752493,-1.3192608173224463,1.5282807123408875,-0.49300362229519074,-0.6385106032689917,1.264469094013629,-0.17352522369091616,-0.484946153717028,1
0.04380455660721462,-2.7458491284068263,-1.9172602324299974,1.046363025192733,2.0449867598249614,-1.39538321318249,-1.14061647660442,1.353882931383587,-2.324354924881046,1
0.4567707777004593,0.32326236900433336,-2.3739862491747434,1.519397583957899,-2.790136924837998,-1.1723545238703765,0.19698532032456728,-0.22928713087541164,-0.11706369704329982,0
-1.1103541609416774,-1.9330851498450525,-1.4979039399009246,1.7727302681104493,-0.5607165525295249,0.15852966129381474,1.825155574314096,-0.22812972805315668,-0.4457981637694615,1
0.6249394903158797,0.7926318005363295,-1.498058835161201,3.7882013307457636,-4.430754601069551,-2.9270660235936456,1.1246688586266071,0.2855687147323833,-0.5225334311563927,0
-0.7321087746883707,0.25575207476720985,0.14537193424638106,-1.907290826470987,1.8969584783942246,-1.3879965144142616,3.6602698808873817,0.10884703899529757,3.72325486938486,1
-0.8944442001871804,0.3014271969449811,-1.2824331449639388,0.5897814753286115,-1.112809089594835,-0.24700624020346418,-1.8544373799689153,0.3538322951758983,-1.261076933495004,0
1.4605566355835455,-0.9505842269458389,-1.497868818645531,1.2812245841697991,0.1293090702945884,-0.6473690180155424,1.8290823554110116,1.154853955528145,0.25706185925329333,1
0.6613399641422925,-2.6833826752352903,-1.3903789620944944,-0.9589344873172252,4.281475700788271,-1.952494518605858,1.0636547131619891,1.4767897019633707,0.25992427664991963,1
-0.014970418030954094,0.5162904896645621,-0.6963640378722586,1.497157940357339,-2.167832784906882,-2.2937630682166876,1.503363411336153,-0.2585835660689527,0.7410771379293801,0
1.561022930447959,-1.8194867021449843,-0.19682214421170163,-0.9082217175531502,1.3471409018398046,-2.9903311918359985,1.5104879838623027,-1.8108880515421277,1.0998189441173554,0
-1.073107414098677,-0.5862257685759903,-1.967024382502041,2.175038387421687,-1.526359575394864,0.5076989383229513,2.764988620613976,0.89509812682287,0.5358554882362804,1
-0.13170025385990994,-2.34880780506064,-1.338721806664849,-3.186777883018925,2.7737517973923795,-1.2907142049795426,-2.2491830839027416,-2.4511138105882004,-0.366471959953563,0
0.17270441657695362,-1.9929129624743325,-1.4724096543915042,-1.3286976731292635,1.7203166788684976,-1.1395160715281916,-1.8082012690993734,-1.0995410333640836,-1.0227745782942945,0
0.405029604444193,1.0260074907678647,3.1247988897425487,-3.4354221478167726,4.739436235954981,-0.31517471646282236,-1.1208645306726677,1.5384072031584495,1.1201224349026042,1
0.05762276315959555,2.7902669004943395,-1.2615534899556835,-1.0789636327738674,-3.4556814260953903,0.02578430619923222,0.4683317629177288,-1.5911384952205987,2.4770516009100496,0
0.7275473737906202,1.3909401932724956,0.6896828434193181,-1.599447824981262,2.064322024461023,-2.255876589874136,0.6036586635887953,1.775465292792991,1.9169395140786614,1
-1.113844377401017,-0.7974360237355197,-0.16575315766438237,-0.6963068633436673,-0.3518483993450472,-1.6006425818242698,-1.4880277757912912,-2.232486508699436,-0.6558919462564046,0
0.29378668827472265,1.6199119724529887,0.24789325588763877,-1.1451011297383742,-2.8789497264336106,-1.3948458073590435,1.1943800048695767,-3.2873226119444183,2.508258594633041,0
0.5994410153062589,3.9687892126797912,-1.051827255550008,-0.5326597769957571,-4.328447724099376,0.07523608083310696,0.8701657699955317,-0.7436016609986051,2.897264981398086,0
-1.5068016448352908,1.4849247376871557,-3.939504937319563,6.2362715828682775,-8.185191877472393,2.753231236008043,4.325641395671759,0.9987478361882537,0.3509610263928939,1
0.2600545154607801,-1.5539155762445214,-2.0202206209995723,0.6733722854567703,1.690943252632664,-1.9691166422872224,0.64406788042112,1.8416186696260017,-0.33995333633996794,1
0.7443146423626893,-2.243517965533864,0.0060130366549859815,0.5238049015796311,2.0595751310905865,-2.2569726839251514,-0.18900390571216974,0.2667141724144988,-1.2665291006565633,1
-0.12812841441978132,-0.21086715236015463,-1.4895106744682567,-2.355146117484624,0.3505076584619542,-0.44057759434021027,-2.5966137320687324,-1.763839129232367,-0.1760902462261591,0
0.9385958031751119,0.5356695256734048,-1.774112223360633,1.0098264123999392,-3.5825274374158367,-0.3734918387509436,0.1878657139242389,-1.7823987993245252,0.21359165519699044,0
-0.7027270654272929,1.8774692577946475,0.11421582650016848,-0.4209321068940237,-3.3019127431150954,-0.47608238094883637,1.352764057080488,-2.505807050446756,2.212819993042408,0
-0.10500150290412151,0.23628480352894932,-0.8645533562108267,1.0221523663678758,-0.9689845753393823,-1.9987411271324267,1.8363564274187754,0.4489477513847744,1.0421318247905618,1
0.6394280421925499,-0.16498991333203672,-3.3448120729464144,1.3337846143802756,-5.186882139518559,0.5822622981957009,-1.4387434356903879,-3.2931371799750906,-1.1499967559435291,0
-1.5602419775537173,1.1609188340637595,0.5406706495944515,-0.45226990185642957,-1.0443865617146637,-1.1649545423157857,2.1129639527948645,-0.8998600181083258,2.3005476404805716,0
2.163474853700142,-0.47968847827332994,-1.4535827314504364,1.126023420744696,-2.2060951897325727,-2.8200536905353997,0.5975831928330426,-1.56974158205094,0.12002383507781465,0
0.2532424223641424,2.4888920785527855,3.181133791551203,-2.564033785964382,3.78681312352923,0.06170558748998323,-1.889839576808237,3.156617511048001,0.6433886474702322,1
-1.3232573567685475,-0.9239734314522207,-0.18002312753846716,-1.0813508259165552,2.897061159655469,-2.521057548555924,0.6807579579840505,1.0572816954894373,0.8041530013106802,1
0.28107222501761947,0.4557496360596687,1.0184894190213236,1.6414597391745105,-0.5243292909657108,-0.6815439037114825,0.9210350454446684,1.1916045954239671,-0.23510392899674795,1
-1.4820732754824262,0.3770785047176666,-1.8494794695066497,-0.8563880749544923,1.7998237499708132,0.3344845598873565,0.6549524729085023,2.6482580465262524,1.11336861061068,1
0.9062811201760208,3.37180412548432,2.8470359090639077,0.20772319552042973,-1.523817142227227,-4.295950695417902,1.6020180992928643,0.45302559405439935,2.4976989556160047,1
-0.3381867169824685,1.5547403450244546,1.7708649439343458,-1.1169269899222107,0.5422114423437339,-1.8943607553148,2.2618259210829974,0.06862610311455575,2.782639156229652,1
0.9512773888765313,-0.3190423411504675,-1.0535818910942145,0.10685200998431876,-3.32392576887781,-0.1533619181012702,0.11550737178388215,-3.881367027344987,0.30100941861831093,0
0.6488018161515753,2.30284378741856,1.1969215220406673,-3.261764106301465,3.582986775036986,1.9968871896337252,0.844425578639638,2.9776938608776193,2.8761000067881763,1
-1.2826966226103667,-0.16643921570022113,0.7450926056362432,0.797262773575312,-1.119463610006321,-0.35142572528322846,1.9999365996036955,-1.14487150049339,0.8384759636921164,1
-0.6541843257603286,-3.4726723125421137,0.21384211612639992,0.7469314457746561,1.32118994185882,-1.9869265510985166,-0.19938762442681457,-1.9445441235908043,-1.85979071763005,0
0.12513299076967724,0.6221135526171269,0.05485912917628899,0.08697918402535576,0.08352225827618207,-0.17763797475818988,0.9411819393097345,0.8741502874239648,0.8173740152755377,0
-0.4281522530879146,4.2856644129642,2.130013792861406,-2.294150691844811,0.7135252620370269,-2.9072422466122756,0.4065448555244948,1.9588892231005273,3.360035499006331,1
-0.7395105712940526,0.12316833127355986,0.1750055972038197,0.42553310396498234,-0.15418637837376226,-3.3551584046584586,0.7676690437796649,0.0029052848857242797,0.6190459133386529,1
-0.4562340046084945,-1.3048037340058043,-0.3730389627517522,0.6742525173572107,0.36341695537602225,-0.8668016504549714,0.2317763850025234,-0.22813346378219967,-0.6745311186511558,0
-1.9416940474929452,-0.5495168518431668,0.015049383380414616,0.0590900680158879,-1.0953210754587306,-1.287509414128844,-2.106984450804994,-2.0200430965141916,-1.4405042920498932,0
-0.6086282874660651,-0.43606381846844566,-1.6160705252096241,-2.1419513982245473,1.5552190186431138,0.11088658118741779,0.13250491809478193,-0.25553602792508046,1.2916146287665276,0
0.7694573108029035,-0.6555850526484319,-1.3730374368928169,2.163301613287933,-0.3085835981859835,-0.3289715221792415,0.9989876183839201,1.9884077565629834,-0.7543368732237116,1
0.3560324671271402,-0.10876007784114705,-1.9211990554168912,2.223683814489843,-2.4328862116205263,-0.2375701444993218,1.0802578352993781,0.3532604303655761,-0.2996338039581621,1
-0.440791696011914,-1.3722574930250255,-0.14521031919601846,0.3604262597019239,1.101459633337633,-1.2350101132233546,1.2195104216246468,0.05846259511987484,0.1124205016881262,1
0.10550074979627926,-1.845241390387954,-1.748679268038874,2.822805785025249,-0.6258178350478089,0.5809631440684973,0.839205760752209,1.2246242489650172,-1.753479670677254,1
-0.5455537804115271,0.45330442742850763,0.15267675913038303,0.9358783453046347,-0.3011636635334005,-0.04604967884798916,0.6581599352722229,1.1562490503228746,0.03649844709284718,0
-1.1391821242637497,3.8197533942347204,0.40216206026722734,-2.3769075375955104,-3.393612598267022,2.462295287294721,1.2513363955485368,-2.4257331001651066,3.8092361992018082,0
-0.3892111451967638,3.257500579779275,-2.1053549084899843,0.5780337077083461,-4.6030357208622705,0.9323166943440542,0.25623616853903575,0.0009832279714019343,1.553903644397658,0
-0.5148196623973748,-0.9639404155895772,-0.6677257309804199,0.8545244178972454,-0.10471310346954531,-0.5485839242892611,1.7607153319102458,-0.06157242355162773,0.40714866787963516,1
1.2039589650102338,2.059767797963646,2.0336704752760504,-0.9059659772191888,1.0078269415890302,-0.061984979237887594,0.8955981282289078,1.5947458138568664,1.6734318537748136,1
0.9435168181527083,0.18257414590926746,-1.7020186827123174,0.8309636592548806,-2.5757912607936455,0.7049733423958509,0.38747818092609243,-1.0959374074652992,0.12630029172328855,0
-0.10559295928867828,1.6181248089134361,1.588500707331891,-2.1463128373638463,2.1488121279262153,-2.745286024968558,1.8438661108699954,0.966584190347059,3.1372903095752225,1
0.8898594886509348,-1.1034724694589657,-0.5240496337381783,-2.340942815462445,0.6108578064901778,-0.8681046415870558,-2.810474117158799,-3.020012972477351,-0.740251284276255,0
-1.2169625768435197,4.382190251801397,1.5411249450891762,-1.285476779785494,-2.405617494122799,-0.47060470037700886,2.9769311664234457,-0.1768739691499338,4.580055683726309,0
0.60666651348988,0.7288645234796292,2.576704229333305,-0.6059331720365306,0.8446332057672582,-2.1688759753328926,1.6632143835208133,-0.36581507121203605,1.666402163690994,1
-0.2542156502880655,0.808749337816751,-1.1455975374815601,3.2910025645909204,-4.019772420894945,1.000685039875946,3.3022626057581186,0.3760073465467715,0.808001772860678,1
0.28347660401898234,1.9641106594047102,0.3923911224728247,1.1330710468380591,-2.759909870350463,-0.4058058136479694,2.2446314131912635,-0.07707825588829709,1.7780764133784712,0
1.5628898196781764,-0.10317986794275891,-1.184691041041871,1.9170830558584044,-1.1439959456888615,-0.1682230709266087,1.8152416492575492,1.2150715665642788,0.199177253112185,1
-1.0584504894210378,-0.9919976724903543,-0.4575416939178384,0.35230279269155385,-2.5129936900787158,-2.1894244933142324,0.6774002061634548,-3.9164853028368114,0.3399569503022294,0
1.058871846575562,-1.6648090346086468,-1.4876639836568781,1.9578053644829039,-0.36873215782667995,-0.037739167042287414,2.5117805747563007,0.5009452295229213,0.001236394471399246,1
-0.7926228303711832,-0.7105391928874238,-0.07789131776739333,-0.7650707370542523,0.15512211953944544,1.4636409356722249,-4.122165128451508,-1.2282418846141423,-2.706033069098454,0
1.7924508231385923,0.7451523644892828,3.030501333355396,-1.3969942024829756,0.4970454436818333,-3.1557751843173762,0.9496442255300308,-2.0085676099724212,1.777769188894029,1
-0.8607379884731032,2.2297631227794628,-1.9635411089944297,1.510008369437963,-3.7625836352193907,-0.4680248479983433,0.6736331309506032,0.6784419505478136,0.9054783476388657,0
0.589228284886637,-1.4575974316552498,-0.9171960206382925,1.009367542390946,-0.15681783415349174,-2.140763368265299,0.4322487277522531,-0.5247662139150028,-0.5859425843182993,0
1.3083383670543278,-3.758173228986898,-2.129917261192334,1.180111893818141,3.1263664113034273,-1.0212343761160032,-1.32960800407468,1.7959436708686851,-3.029787916224981,1
-0.07892667577455567,-0.09473521811252494,0.07736654932104914,1.7152080375158691,-1.1183406665265987,-3.6130020782709447,2.2985005359137896,0.01894403667967892,0.8689857725558231,0
-0.611730036418545,-1.0168619479039265,-1.1584083306691297,0.8248197242009451,1.4898276033933602,-1.3753472719720465,1.1951605567282717,2.0133332708364264,0.013177540265402127,1
-1.275870999901924,1.4363684316845267,-1.305323525446929,2.113290045441969,-4.570436888649012,-0.9630678961515665,0.8244571321264611,-0.9644274029242528,0.3814053869238226,0
-0.1732786482934271,-3.265091986748659,-1.4050564480655157,-2.2627805996488632,6.131216180760265,-2.7737971886843913,2.2190966181016343,1.449145449116978,1.5634127366914825,1
0.2230380248264751,-2.2948896232922347,-0.37289021439401804,0.6377156077037339,3.0926872483628975,-0.4608489382982687,1.3709251083570249,1.945344232385262,-0.5395063892045331,1
0.8292235856371121,2.9948509714430145,0.886601510618638,-2.641593725161413,1.93207049590308,-2.287750692804635,1.2736431476080188,2.190638690223807,3.6291704120343615,1
1.112268293035107,-0.31215433566463857,0.21215864082627234,-1.7779577025990578,2.9318315700500355,-0.5624966665277662,0.9622732351441372,1.0068505896866857,1.4327107442739242,1
0.3079615520802954,0.20563504326861126,-2.38292693823323,1.962973764599071,-3.193105851811324,-0.9571833245000152,0.21289370214528647,-0.32903482767625003,-0.4166545272553708,0
1.6968540737122817,-1.5841370746688326,0.02769944878013353,0.9685183711408494,1.1091275199261423,0.7054700648123131,0.4892972122763112,0.6537302752115153,-1.0523971171783908,1
-0.9810872632946813,0.20610010618427355,0.5531161058599257,-0.7292359590486621,0.5473936474513832,-1.1570618118025284,1.2521898641990181,-0.36119353631443785,1.3942492773020885,0
0.8174857806561917,-1.6508713833397062,1.247677527405254,-0.05063631590267115,-0.43208361896808384,-3.599240550970475,0.761340131389894,-3.5959781562089344,0.19244887629071675,0
1.413372924685207,0.8169703835427296,-0.2056730168955483,2.2002303998946853,-3.5906673385883057,-0.15591018015130576,2.036942156123432,-0.9047472610265355,0.6359625567530907,1
0.9580352686288295,-0.9974150518598073,-1.0541902688689402,-0.3852859839062065,-0.7170003297088305,-2.477393313469606,-1.0756676101036327,-2.212663648013733,-0.44655513535538505,0
-0.2888924143340474,1.1558488289450741,-4.155995429674289,-2.5492290201708947,-0.0030089636698285307,1.6481135700624718,-4.040988425581688,0.8220160201313471,-0.42461849126104423,0
0.6734588757272225,-1.5021211854031011,-1.104064632205324,-1.110554355313246,1.4167295409296805,-0.037052720272114925,-1.0565104389381808,-0.7376755722042814,-0.5874116549581916,0
-0.0588264091680503,-0.7137223979580276,-1.1066386325332704,-0.08583943388796988,0.06169868375487516,-0.18372046362745886,-1.633125842015965,-0.27885364748150365,-1.193554862624012,0
0.2317927626259248,0.6686208397261635,2.7894619927754514,-0.7417732383126656,2.1701392492618687,0.24031907317135048,0.3981215727752677,1.2289475755827477,0.5042476457243548,1
-0.037217858663773945,-0.16524236100005352,1.3445717378832045,-1.35928354511401,2.4026140309740254,-1.9259792117701557,0.1473153797108241,0.32668730507742316,0.7450100734779619,1
2.561297776771106,-1.4909502225643436,1.5531940076817992,-0.36398407428417423,2.475751119795681,-0.9292474890569795,-0.8640805998739653,0.017644019192287974,-1.1911523037085416,1
1.8418780020912402,-1.576239668558177,-2.395962014438722,2.0361728644238677,-0.37981094024985257,0.05044876205175175,1.6527839921598324,1.184926411559528,-0.512612677131347,1
1.3542109252450831,0.9898339118589581,0.016560096773978072,0.009284861547663947,-2.5799086189615115,-1.3728234162989896,1.4341119514997236,-2.210309116885365,1.6936368999427813,0
1.0346996960872819,-1.0802608465496752,-2.1314478764896134,2.5804922407047934,-1.7673590419223557,-0.3079600193421147,1.6311279035576756,0.5162801426582952,-0.553150658612741,1
0.8381468968971604,2.0038081590940973,1.7213367067104768,0.009100085872856045,-0.19223804493372532,-3.0238383075189317,-0.6544047234223791,1.0161775649100617,0.45622056459063465,1
-0.9904263620394158,-0.6607329724188458,1.39243773595579,2.8985433014395494,-2.1520580116571866,0.9143834836667266,1.6269105104805734,-0.7619527451159371,-1.027334460706413,1
-1.2444360477486953,2.436194212597538,2.1879132187734918,-2.614122842214575,1.5901807372635894,-2.822218378206035,2.5638826566135497,0.3679320496976821,4.225725484079996,1
0.4790770554974521,-3.9811538047924917,-3.5676493569649215,1.129793346728705,3.7692333530805278,-1.7536595325730906,-0.33402814319872887,2.897017641629368,-2.2575866991566387,1
-0.47933304396488147,0.2427336028899587,-3.0318692093540047,1.8309066393745597,-2.51196235874907,0.5068149136243572,3.9494479071607005,0.7617720093241467,2.0542066888224912,1
0.2787457541300641,-0.7223280717089409,0.036892741577158716,-1.8530127563588703,3.0095707249938783,0.6652862526395282,2.1602070977708268,0.6962290180056978,2.0213067503194546,1
1.4357400609348814,-0.028430851959411085,-0.8569129980052734,0.8786004732961779,-1.5930581929372407,-1.1570864386096034,-2.0524423711973796,-0.6036126738854884,-1.6113147242300885,0
0.2694234520549011,-1.8289771315736454,-3.941802024153019,2.962117038234971,-4.288950222974979,-0.7885595529346954,-1.4202321517151413,-2.101135664446203,-2.684681703553681,0
-0.3197402142675043,0.9872218012748439,2.138209426253386,-3.072111627936162,3.8846804944322706,0.21441747721255178,0.5046132896042419,1.3522350306130995,2.0881065242961943,1
-0.03591040363842985,1.0592528538733443,-1.2415172856296792,3.4919728858986865,-5.3014665202736495,0.20979845385983742,1.9416549377151164,-0.6706157476570969,0.05983410071415931,1
-0.13613584886697372,-2.811001941843254,-3.05647663626104,-1.3361348794987393,2.258647953741549,-0.3012966144661795,-2.0907547814591663,-0.518077843431537,-1.4928460871775564,0
0.17192084890744544,0.1154337217866721,3.011113219379591,0.4649286200201035,0.58437295030269,-1.5181572257468379,1.1876697378164374,-0.3157457217825552,0.35295743098618737,1
0.496701612242392,-1.4414956380939647,1.0111445603749338,0.8976594224713978,0.9159601414406721,-2.838882321968657,3.06472538135138,-0.43906902489292365,1.0487728903037326,0
0.0876251551699639,-1.1377233778830125,-0.19839019031323013,-1.5729827750204297,1.3683357693950766,-1.6448381102695122,-0.5752650223370752,-1.5387907743432798,0.24131824084775957,0
0.08208689962743151,0.6916077077991443,-0.19665501424750276,-1.2575713565127855,1.6524816399150002,0.26532341322592745,2.4154395882406527,1.4657401715002791,2.5304335809309815,1
1.509979610415489,-1.207169617658974,-3.5383596206342856,0.434057171874917,1.7620647174990771,-0.7118143888673873,3.037351356029482,2.8853121052803434,1.5704426742060453,1
0.9002056534504943,-2.4656536318432423,-0.7648022678069264,-0.1555167631218528,3.9032444050478547,-1.1598689298235854,0.997337018434434,1.9669659166644398,-0.3172148832030474,1
0.8392478453905953,1.5900204889789817,1.5470112689371758,-0.9037016531383729,0.4810664804931266,-0.4499572165412795,1.8467642513937217,0.5555652955236834,2.2667758601469057,1
1.2285176064149128,-3.5970361300809146,-1.5820049867028354,-1.829548053971839,3.1951123824744614,-0.4662752817700976,-2.118990982401451,-1.6360227432473473,-1.704933874449417,0
1.9359140507224122,-1.3371769720425555,-1.041451000979064,2.633692206255839,0.6223145573746732,-0.1222141325644599,-1.2856244268431674,2.808357631190016,-2.981677526782974,1
0.7888642158521251,-1.2763685170509946,-0.3871096743708231,-1.251344039625801,0.016338096031108057,-1.4445104147591723,-2.51575150612749,-2.8330772227146825,-1.2023408231939132,0
0.004529291051558021,-1.9686549951790617,1.9196509856298287,-3.1447852171618362,5.566636593043579,1.3911506391908302,-0.26004058549204534,0.07442663293045282,0.26217092373100287,1
0.6072550177549216,1.4742164764672159,-1.524289177126366,-1.0393338015959488,-3.3768683112996927,1.7476347248565998,-0.15577589140851744,-2.697636181223381,1.3853177688194824,0
0.5389630726557222,0.24256628981974349,-1.8457405492725258,2.258755445378811,-2.2916068389321236,-1.1855429270774995,0.9265673812795593,0.8634498967139979,-0.21960343176473582,0
-1.2715440721267672,2.5671181981504763,2.2930094921902104,-1.8613485602259137,-1.0135496539666404,-0.07090533565092172,3.1599656925553297,-1.6394291132044192,4.148814291349414,0
0.40388809474061865,1.5257771045970157,1.8943439486644187,0.6636847240331885,-1.1040287628163652,-3.7250301859144495,1.595848348770084,-0.16177641006274723,1.5075947023790595,1
-0.73238274559508,0.4185189633533283,-0.24911583150847072,1.402061486318528,-3.9707702741429767,-1.4290994402593977,1.064181550359942,-2.8599927818657394,0.5002920012433494,0
0.1809378270039994,0.023929457121936393,-1.138682792204856,0.7543538639541777,0.6971648341837852,-0.7443510276001023,2.8083345121672085,2.189967954730025,1.5419690011146618,1
0.19028290992242175,1.9473340130381442,-0.5668888641073888,-1.5149500528373836,-4.307988101066992,0.7750801749120675,0.1861117337638003,-4.441976494605381,2.1803676100665816,0
-0.5249019628689985,-1.509525462491054,0.10007861966667497,1.2373359568975846,0.35484055242561424,-2.418888414451282,2.1018844164693333,-0.285066905966072,0.2566370074635382,0
-1.3983570744602225,0.025598650924405386,-2.508717119736755,1.2885997826155702,-1.9829879692763894,-1.2789058337722865,3.145787099183137,0.10975639783259783,1.8532991143025654,1
-1.6840937293474054,-3.323839411323135,-1.473193657041551,0.5571792036679191,1.0140947571775958,-2.302693854644647,-0.9399100824354384,-1.517678176599569,-1.9597597485749343,0
0.5697833505344024,0.5392255024325139,-0.3329135624315174,1.5225025465753177,-1.2932852296064918,-1.1725333648862293,2.299276325470081,0.7881986883124292,1.0464853881951244,1
1.3430080837361311,2.846968429775636,0.6040267068096155,-0.25328601355725566,-2.655930949194022,-2.060353932307911,2.226516913185639,-0.7799635081573195,3.110740936271329,0
1.5676503597875036,-1.7001213214509705,-0.9248417749838853,0.16154647032950264,1.4952108393974939,-1.4508491036508107,0.7962369101412072,0.31366353478727604,-0.10786609407113891,0
-2.344972269521205,-0.449065838875797,0.48469024873202327,0.8429007089181959,-0.5515739429947124,-2.311740952591684,1.2984031319542209,-0.7622357046423358,0.39838111940799387,0
1.2922937468847076,1.1897439498963789,-0.5304700166204593,-0.004162263697693458,-0.663717934619284,-0.019439418070961167,0.7545776161594622,0.837268118379461,1.0710011812263724,0
0.0074371388099146235,-1.4008636956269689,-2.868457876250742,-3.4714521774711757,1.6722437103278671,-0.25079675182707917,-4.161730196512794,-2.072869690721617,-0.9715839249017628,0
-0.5156340340803272,2.308823374904766,0.47506519372638767,0.12089695773450737,-0.7577293097591556,-1.7225112968977387,0.5929202535275201,1.5307149994711002,1.3827623138623424,1
-0.5384998869943409,0.025512198458808477,-3.5791109009185123,2.0431683768344264,-3.4913128521695267,-0.642321519067395,3.651108926618641,-0.29683702753532715,1.889472711318186,1
1.184695797881003,0.6099536414573983,-0.8574929404093823,2.376903429285871,-3.1598843142752373,-3.427496522958023,1.4180785744411573,-0.3834849176550308,0.37569531228299663,1
1.1184694114433438,-1.0289211289392766,1.1671264170133342,-0.5251516007922942,0.2838193129427977,-0.2804881127771085,-2.477461144728827,-2.032454505243789,-1.8325809118767766,0
-1.6677834605474777,-2.169287310139601,-0.9998047498651255,-0.9451065437052097,0.4995966146739377,-1.7143727502197965,-2.844490317348601,-2.647528384096483,-1.9112489448915444,0
-0.3563013177320619,-0.3759572222365859,3.6856898159318585,0.17902050300236527,1.8294082126568443,0.29057586808909885,-1.8717467330346804,0.2515783608059242,-2.062606642048313,1
-1.3491721041435163,-1.2015140064887126,0.9730672471044965,0.7126548194853999,0.3473926321226551,-1.7832164396308245,0.7538473152064695,-0.8739937272200299,-0.34788785369631353,0
0.7555049064655893,-2.9158306190504746,0.4563792606363781,-0.1892895946874088,2.2318677332828245,-2.879422156290862,2.037862927417207,-1.522650923131121,0.43278997146113457,0
-0.1975286042912149,1.5066394194410992,-4.290765454623631,2.995295495449795,-3.1626876557670576,-1.756023005123935,-0.1652398549803522,3.3780497090252872,-0.5745541144424635,0
-0.4866628073236956,0.3230265579099998,-2.8505977501737716,-1.8927854785457718,0.6350864712262089,0.4192714769722763,-1.8384531765298036,0.5241303261395966,0.2645187735574401,0
-0.32051772366596937,-1.1298138022824111,-1.1198829973641167,1.103621931786059,-0.18683642933320857,-1.9991088602044398,0.16630183022538136,0.06697170667750707,-0.6926715342364411,1
1.0217252687600726,-0.6952604206254678,2.2300526358734194,0.3144766284277305,-0.5934495712019868,-2.4239221557444335,0.6823088185407071,-2.606053999757095,0.07159229492886107,0
-0.2874302082262078,0.03022862016221306,-0.5878638456756453,-1.626535830143863,-0.050254776614136416,-0.5753046182595907,-2.1616477433914048,-1.6108947649567016,-0.2934486841635577,0
-1.3770401894370583,-0.47967682500371256,2.3383409030635245,-0.4749882363833591,1.9581510930703223,-1.6928989670895955,0.06963584495519837,-0.05203722769586849,-0.06664339390658662,1
-0.601652428889124,0.09963057538611286,-0.7331873230112178,-1.1275955951771468,1.0718480209570724,-1.6642977968592962,2.886601460317658,0.2497082872732843,2.8346478167840297,0
0.27127303010929316,-1.0677933725560385,-1.2314622060226847,3.417009507024273,-2.1174974137973184,1.0444868211123022,0.9295290946729777,0.7713273389506655,-1.7401714184532506,1
0.159036264731735,-0.48444997897009157,-0.8708239049979305,0.3639064589293095,1.186711845505053,-0.8316276145332725,2.688772426928515,1.593632877619335,1.4567716557549937,1
0.902491655557847,-1.100861497634634,-1.4891568493625698,-1.930868899367643,1.4492250914635443,-0.6724996248956422,-1.182153368295569,-1.036870830033464,0.09648866293336278,0
0.0790738579626132,0.4623046044176671,4.1952471901784065,-3.581144148999706,5.222279497599066,-0.15347072546023333,-1.4258337146629736,0.7752696791075295,0.6323918988980951,1
-2.01149132546182,-1.340851233544563,-1.8442046993269205,2.0664927831748194,-4.194295716844504,-2.462967352398209,-0.241887135616774,-3.7185003774134753,-1.187243398455293,0
0.9231533505050442,-1.8621386835051958,-0.16909761113867927,0.43281643145862947,2.4890442665422294,-1.4957648703011919,0.3075307803965325,1.3012121608808846,-0.8266671354749604,1
-0.14165919770220706,-1.5512079446180205,-1.436917128146778,-1.506138422171734,3.549825961371715,-1.596468260346169,3.3393966467415788,1.2666691139141815,2.5993748995018224,1
-0.798185893896966,0.2165914360304576,-3.4813659783149187,3.4081572769127084,-3.7089623857142366,-0.5507203294713757,-0.12292362634532528,1.3397148357352222,-1.4428128021211597,0
0.15319314055807765,1.904390491316252,1.7019303287379937,-0.6008502601333179,0.2787150437226551,-3.7414659428013923,2.281530564080104,0.6121000710356373,2.8116927023558063,1
0.5605292848705127,-0.39372676939306217,-0.007887788109871785,-0.22371611121593793,1.4047550022527089,0.7984088919168892,-0.3988084878468474,1.11407752870009,-0.47677297211488856,1
0.904149594851582,0.42791585002556587,-1.1172049451034427,0.11337718968688915,-0.2147802392886928,-2.1629008339682576,0.20431469483442122,0.7242192363972468,0.5665725575279383,1
1.970678391466491,-1.4148102219781804,3.446600270018239,3.229182029484032,-1.5322369312236892,-3.396654007031002,-1.8748241673735584,-1.866994224856188,-3.7084328876013517,1
0.426367818973557,2.7556029155806456,1.1858125327436366,-6.0619586622057335,6.0324907769987375,0.6484667553725876,-0.5865437753335778,3.222302711931251,3.7767689379822516,1
-1.743694507057237,-2.5613028876220634,-2.398144734443684,-2.433049986677159,3.708489821139331,0.26616413656071347,-0.19370123530177352,-0.035007700841246825,0.3256190619232263,0
-0.1301955328047618,-0.8360345554130535,1.578798186782407,-1.1741279529074262,3.301427351114539,0.4399763263505798,-0.9602737125569027,1.0122821827769841,-0.7050417950211958,1
0.1396819652852321,0.5866790329968521,-2.291867058269646,0.4743227107204748,-3.3583169249981686,0.9066117960559332,-0.216850659299739,-1.6621288826507543,0.20490671300449523,0
0.9639512510547117,-0.5889303262091066,-1.5109311825726235,1.5916728768231505,-3.7207362653128353,-1.519408271477939,0.13954877120436993,-2.8699748170242625,-0.5127872459767766,0
0.13505570478369083,-1.404423766344841,0.824590596176646,-0.4445480692091006,1.187460462158305,-1.9442582466462168,1.1592758396115594,-1.3753659575617574,0.5382657576187126,0
0.013655663837457525,-1.3391499390196882,2.9679216817319114,-1.751450034398518,3.095965177101786,-2.044836777470573,1.441754126926599,-1.5562188302289672,1.214963774771481,1
-0.0939523656322844,0.1837490843989651,1.0508613187357132,-0.29287464190794466,-0.6483688160080607,-1.5720070917832447,2.3642170956202477,-1.7004338540082409,1.9555137320976244,0
0.012963941471759196,0.6810527121014309,3.452767619515417,-2.0136580425637254,4.074435837191791,0.019811745366334454,-1.199869208696673,1.8251167024105173,0.029267225586211226,1
0.12443759790694424,-0.5617518806783377,0.9393456392431778,1.1310652888094583,-3.7889696554227976,-1.8909068962243474,1.5432706603145907,-4.7921684515896255,0.5389022789923555,0
-0.4030922897540097,-0.4466694102220463,-0.9307937703108592,-0.8688250162385283,0.2892725037914935,-1.4505125148122446,-0.17404092128762527,-0.8538645810014855,0.4726402417294737,0
0.9910594242225638,-2.37279211945996,-1.840855984051308,1.0264654025507995,2.484129525338939,0.18284838737247266,1.4099650871396878,2.3582570230612365,-0.6561170911985672,1
-3.1992646452121782,-0.47624529384281455,-2.1309282667600953,-0.7430449645557391,0.3227805359802167,-0.06121995742932729,-1.2384231012589555,0.08468255222586407,-0.3573612929118999,0
0.7665037670055789,-0.9625661043038776,1.5900084421164533,0.5185603571137816,0.6675847839531218,-0.1968781797893261,0.9090405005464488,-0.576507669018621,-0.274155047099471,1
-0.10833484736929419,1.0273005817798395,0.13326163782207634,0.15300099740439788,-2.1765319370370837,-1.3615652826037377,1.6534494817857888,-1.5607165860473389,1.716072134108109,0
-0.32648262377955634,2.0496098497582245,-1.8868756879346744,-0.8211338287450624,-1.6812299203218752,1.0218473333671318,-2.282713912823196,0.54259694038526,-0.010855737817768283,0
-1.8046029093892233,-1.7653993044164957,-0.047646838753752085,-0.8873729601766942,3.245391693371531,-1.469070795110107,0.18089584115528112,0.7633865538683816,-0.11936323786832669,1
-0.2329550134485338,-1.4798295710285716,-1.2730757013354626,1.7537103464214217,-0.46526399100430216,0.6042990124199263,2.6322147262425615,0.3148276396604913,0.20616715322441936,1
1.2154705420797873,1.3405879647931278,-2.481200821889721,2.74587887196486,-3.324458502835699,0.4280604250042177,2.904304238918277,1.8799059432888718,1.2107576806125255,1
1.2284664904235425,-0.20767927140991305,0.24562000375649862,-3.707182344884963,0.1126990167533985,-1.9498303248959723,-3.349053012730874,-4.643881163361064,0.17725495411473816,0
-1.3068213411611485,1.7230886381909567,-0.6642547991047756,0.8557138166820522,-3.5486556606171833,-0.4460628946691144,1.1710912142737038,-1.102351432883141,1.3170403734550824,0
1.0696916817396078,2.3912731676586887,-0.20405805445275826,-0.6401147214088576,-0.9061206773757869,0.1499873727798271,1.9532223335226888,1.043575247884704,2.70702114396391,0
-1.0551016302666845,-0.9037946316364687,0.38153230503635494,-1.3774262084651179,2.709152468599091,-0.034193972153002905,-0.538265502526287,0.5043558407362199,-0.10260791823540345,1
-2.1530094386441214,-0.033095480800415134,-0.5112126991061428,-0.03213585528859175,-1.2944164923102066,0.3515266222108695,1.1490739195561122,-1.4327649680136056,0.9106665672622213,0
2.339996321932448,-0.22121976198694215,-0.161668224210767,-0.2437135951731524,1.0720462869184277,-1.2594327296520322,1.8245845069819842,0.6818877522196904,1.3432892851777407,0
-0.21855833833841642,-0.8013502633747195,-1.107005913461908,-1.7536751384737856,1.747626761748467,0.7114710426351618,-1.5744455900110361,-0.1428318598666971,-0.36624712714501517,0
-0.8799134047231368,-0.9203201663894688,0.6480659602289547,0.02427168404159552,-0.8329051152054742,-3.3421161516531974,0.9302339972382334,-2.806877434680223,0.6024003623511308,0
-1.5024245976435517,4.0995929030815015,1.133690083463921,0.08142116190843152,-1.3419430798706247,-1.932911832035051,1.7942960203310627,2.506482399530709,2.8997440705658017,1
-1.066653368918774,-2.2300024645123724,-0.9124308272523272,-0.9730870031305977,1.8119963331112543,-2.068983281911238,0.16383887693219745,-1.298110539121811,0.01795896478032802,0
-0.49548368109930824,-0.03439524703961572,0.15678010120401287,0.8185641311699856,-0.10578490404483193,-0.27297855877542965,1.157701721075235,0.6368085319928034,0.26773883647272356,0
-0.16168910802506112,-1.4673812393493226,-2.1822056565807713,-1.5534927253246185,1.835854997426705,0.2602787578590231,-1.6423119084166955,-0.09250857197818363,-0.6492039478031719,0
-1.0025419620049292,-0.4228539849229326,-1.4228258864841399,-0.35766560976215356,-0.16511414007959152,-1.933753908435151,-0.43506686225853475,-0.583576919482084,0.11714171408568226,0
0.3545902786046827,0.0168143581970015,-1.7339804354022188,-0.12488684836498509,-0.4809820591461682,-1.7565873328850061,0.37897293701731316,-0.02941892334993723,0.723724075467473,0
0.6871774750986485,0.5462025114125212,-1.2756770736935925,1.866536726660941,-3.2269130314886585,-1.5971761398073636,0.9266465693377759,-0.727226453598665,0.21155590330696605,0
-0.19518167291457722,-2.277986149002964,-1.8830507763970907,2.512349788395099,-0.5135656111119109,-1.4130756278026488,-1.5198884990107029,0.4317269195347512,-3.10819491559129,1
-0.041679778129414556,-0.22175311505157358,-1.6360156418395602,-0.022313156387069766,-1.121282654942012,0.5509309884228779,-3.1817073076821774,-0.6943193148154234,-2.0064099371798867,0
0.63936284348663,-0.32546642605666687,-1.199086276622317,2.5386085294388936,-4.01936935659592,-1.9337422687973662,0.7024065649675317,-2.0398229705824313,-0.5985146651345259,0
0.10062211083544212,1.66812756980615,-1.7214318338222707,-0.681418460454482,-2.0200916646292995,-2.380839834686933,-0.5344544459933832,-0.6556661273275805,1.2809301621696327,0
1.1612222731541635,1.6807060359418502,0.2394729460623105,-1.8105111164679286,2.1394780640053743,-0.6788746005439079,-0.1629116659887655,2.3821978732671334,1.5265091707293132,1
-0.13244471969957244,0.03684336314133674,-1.7932825161290942,0.3120327428033791,-0.2772602560002912,0.39796504758742945,-1.2497132713446983,1.0578641711785655,-0.8654545206771185,0
-0.28770705554947656,0.4093353067289952,-0.31324734989523495,1.4557077837794328,-3.525445113000058,-0.9845346706860397,1.2092755613652169,-2.181385705500481,0.4836130161565809,0
-0.25880086360891674,-1.1423654853882559,-0.8063598724954537,-0.384633157359624,1.4593480273543493,-1.3913729076432928,3.1472751841331594,0.1670086447863558,2.0165691732123827,1
-0.726992992618417,-0.483433696869502,-2.2306822091702836,2.166480271213472,-0.9119300740417114,0.20258392673231174,1.2134461461052486,1.9294792116567145,-0.46274596377574956,1
1.3537098399765113,-1.646698193497769,-0.8481194863896865,-0.27917153572790443,0.8727920868527206,-2.4997178212597784,-0.20994578909257722,-1.0223519730771882,-0.33461561978683196,0
-0.015113590085947844,0.97510600646714,-0.39020962425595185,1.3227436076754975,-1.0358012449657592,-0.12907520425219476,1.160714064666477,1.569467151016795,0.4518029189138217,0
1.2328667913867144,-0.4196814558285191,0.06798346045921266,-1.1006822282701465,0.15534811273542903,-0.5580047365391856,-1.6892358346982959,-1.6282417335763553,-0.5622587774588524,0
0.7582447761547977,1.9886864078891002,-0.354596596537502,0.17211042265147547,-0.7867325109045139,-1.6979805702746078,2.1596282118047783,1.5434637724525273,2.364373824588135,0
-0.13609645868164935,0.19328961042904702,-2.8607145605611644,2.3309387502816388,-3.6028041769766106,-0.4990931694412596,-0.14886403447258978,-0.12358773606593965,-0.8604712271614188,0
1.104263067260668,0.46773106061399883,0.6126100275434081,0.2993703871727196,-0.16875002501749783,-2.374206133527798,2.227429377893448,0.07665051183326821,1.673718010082983,1
-0.12111939812264694,-0.8944748347265117,-3.9760615970489983,-2.7979897987818916,0.9110348033138291,-0.7157344146563855,-3.2867267244666465,-1.1395180974137273,-0.3986507549524054,0
1.3344823507435037,2.3721903350338716,0.11076930379980765,2.1740239204112157,-2.452082389264918,-3.513407320379997,2.8111146544287298,1.8253418838927584,1.9579495174415276,0
-0.6799666949320253,2.6842845386141247,-0.27528502437203106,-1.7797652860776316,1.0757363299480123,-2.098791247804998,1.4287674676949509,2.363100156409548,3.239752786501491,1
-1.547278551246919,4.261908559262638,1.5163495822930628,-1.92070403734773,0.5920474989518206,-2.5113391973678385,1.596761643527632,2.527375384403495,3.9464616383074107,1
0.3535139844484254,-0.5977555260392069,-1.1419827616628768,-1.4266067066929866,0.9905527113611787,-0.7615734714607711,-1.172040429543778,-0.602760967612038,-0.01121873648531422,0
0.16261562358226733,-1.067225184486244,-1.8061170281376948,-1.693867664964992,2.045747553949741,1.692883613148311,-2.4165325776688245,0.46185349009130783,-1.1259030861580872,0
-0.26812703062785004,-2.235025124381022,0.6951457427114531,-0.3847929280976161,3.8652623577724934,-1.1877567397181183,0.7918055973647928,1.1887928392543534,-0.3586590528727471,1
0.3072039458978721,0.8428191086265366,1.6824522985410215,-1.5197123695662176,2.1569047015022647,-1.4442639993153734,-1.5316553835130686,0.9734294960203519,0.03881776368594412,1
-1.0819458791789647,-1.6439848558138492,0.7924121168221141,-0.922073681131967,0.7417405368127461,-2.9415097566901327,0.11340980344961116,-2.8234057603578786,0.18756476408087633,0
-0.14291469199318227,-0.003800755639133069,-0.788691514922924,-1.8912939858043902,1.3528339452216926,-0.5572716410981259,-0.13723395728900933,-0.17609953040890192,1.1173365240496793,0
-0.901103286984357,3.161496447902747,0.6512968706571556,-1.329422586031634,-2.336780900790553,-0.4597263285827222,2.0599531189071376,-1.1204879067688855,3.6098823323123534,0
-1.274287223050924,-1.7365373256027197,-1.4058131789151151,1.5976343275958866,2.0636079159448957,-0.6956006030813223,0.10830400615919533,2.997879448825616,-1.573100007573043,1
0.48107036951077237,-0.08612969243496715,-2.372624007603865,-0.16842454483004077,1.3227672918003068,-1.930630645419376,1.7910472030241884,2.304506244255242,1.5820796180609864,1
-0.9460645121255687,-0.1661983324739975,-2.877018704967046,-3.438239820704686,1.3295824354393004,1.044022153133759,-3.1526304927420803,-0.8814190456130039,0.05586542018082046,0
0.07619242144872226,0.7087061992892663,-3.563216774631463,-2.7861338824581905,0.3180096121175494,2.3639322719043787,-5.019303126858887,0.2115762969833206,-1.2573595225835197,0
1.3253089972677385,-1.9084674399624046,1.537545207246718,1.628802650043487,0.641760572942884,0.0023591728244660715,-1.2305974490752747,-0.32833993342353307,-2.7867982164438345,1
-0.16596840779492483,0.6977436641998724,-0.04056803492893901,1.4480805971706552,-2.641380570575221,-3.303701085489672,1.8428615228513023,-1.1344971488173479,1.1464575501923404,0
-1.2035668962288326,-0.5739045073675264,-2.0247870641132595,2.102483979524419,-3.246569347816302,-2.4013140563775854,0.20518495387664237,-1.493288481190023,-0.6924934514152853,0
-2.911549919320649,-1.414139899625269,1.412897332464468,0.8331283656040158,0.4902862091765106,0.06361504640395821,0.2255122533852112,-0.8324101797244401,-1.0965374454757377,1
-0.07460538911875449,-2.795585062352174,-0.24353574870020034,-1.300091843828827,5.89106018429034,-2.2016673179964377,-1.7721614468000246,2.4350178912086387,-1.7032610682190896,1
0.7769218547601916,0.8386409789901903,-0.07177591415756257,-0.3964519279223955,-4.430335541112479,0.18255955113196576,0.5002957682667388,-4.939321915525948,1.2852889699443413,0
-1.0992485575665147,0.2778383266573252,-1.389123745315855,0.2537326260034891,-0.11281176012269663,-1.2365499537767266,2.746567738507718,0.9812913348792247,2.0579383200270773,1
0.508267321463349,-0.8814744845797511,-2.892959805578199,2.244278469765957,-3.287842672268592,-1.3330998260472338,-0.3506671575841265,-1.180493648608587,-1.289370922424071,0
-0.7201629036798193,-0.5735506061444966,0.09578558739945275,-2.6902203268238596,4.021740784021754,-1.345907635311698,-0.28674226502951106,1.009378211894145,1.0641409272508986,1
-1.4127885777912768,-1.340649394636412,-1.12364602766314,0.804995022076086,0.3251403344287454,-1.2385069971424087,-0.31996702699053614,0.19754183888224564,-1.0295234356833762,0
-0.9260621643490131,0.1956135887300463,-0.15305618997047765,-0.7355985812263848,1.8394435891119962,-1.9787354271052773,0.6746516704244556,1.5256265565087568,1.0405767741089875,1
-0.9353972599822935,-0.5863829068678854,1.5702543265169462,1.5249243574820084,-0.525659343812999,-1.4473287966584591,-1.6313766086889503,-0.46738216433464275,-2.249711153255572,1
0.12209209645108472,-1.8657364530591758,-3.0175554433027596,-2.9885022200297913,2.4919167231239765,-0.17147417747514904,-2.4037211910894003,-1.0198424401345343,-0.33614890188866536,0
-1.2977140246150385,-0.942117367285291,-1.9541762406595304,-1.3783727024220063,0.9115235473919845,-0.5867863541823324,-1.2261794606477212,-0.6246762747903072,-0.13944544736486472,0
-1.014477491016303,-1.6493508155088792,-0.8555119570253815,-0.9383937263031571,0.5954349557580927,-1.3316758778604094,-1.8078579846537104,-1.9670581594055725,-1.082028830609517,0
0.20425494265702587,0.3556685983019543,-0.9023996159319404,-1.6801401813194006,-0.8825941597775058,-0.024817654000297562,-3.3807497401042332,-2.0646218106848853,-0.9068957788732162,0
-0.5944136985779728,1.7237641482067345,-2.857586548856629,1.8056306059476137,-2.9963923231269627,-1.4309440871255992,0.39802849911387794,1.7402717257478275,0.4552175451233134,0
-0.7656532852453778,1.193483392380241,-0.6008940166244001,0.15604009301610922,-0.42412808648894085,-2.1567351202747522,1.6360308068461005,1.1205817636675706,1.7592999087835646,1
-1.4573047689855358,1.161791795083084,0.26053094332084736,1.3677689142647753,-1.761570545317758,-1.944844463414369,0.3063018856038807,0.45748917353455154,0.09805613178595066,1
2.2448984141487265,-1.9267784820421583,-2.4793117509180336,-1.3079111294813348,1.6386210036745916,1.0301831335020477,-2.4469088386788966,-0.34718922425023735,-1.548837238071421,0
-1.6117850634872015,-2.3497487558417016,-1.8649279406008406,-1.8848706217919537,1.7086322477945568,-1.8050138148957955,-0.6374854954398683,-2.096512072610118,0.08759844425391285,0
0.8818182802006649,-0.4985507510638364,-1.0788728538824466,2.4536620600986963,-0.8553871264292466,-0.4584501885028627,0.6785806442980324,1.6822424740138882,-1.0623309533185472,1
1.1908859328665193,-2.6927205450546046,-2.4762704822359582,1.6105452627460521,1.1412741572654157,-0.36536757840983447,-0.39508568059498095,1.3128257145990596,-2.127457905113792,1
1.1859082554298621,-0.7438949857526792,-1.278070248587995,-0.6009774852009433,0.2839709254199832,-0.44343181147030764,-2.2867050222313505,-0.5561961179893143,-1.295494307569234,0
0.7310375253855356,4.397499273257983,0.8904740430974585,-0.31049043553510325,-3.6921421861312043,2.1320898679397717,2.436994407603156,-0.01423553496010932,3.5256066907558745,0
0.2749307810700873,2.176440975663187,-3.392373669222245,-2.1596062512910295,0.45683790130126123,-0.67404407750643,4.4132225148890125,2.1702818161408874,5.514575501339721,1
-1.2372549828746278,-0.5661381857567218,-2.590955857981382,0.7549161941567286,-0.8686294242992366,-1.14645880025781,2.4687719068641343,0.24361330136985238,1.4095595299711954,1
0.09888721585518365,1.4278432154825462,-0.7511886809045087,-0.005492529314400585,-2.556866928345978,-0.9867210543137783,1.0812681954448262,-1.2325117086748922,1.6652796768614768,0
-0.7532324766646197,-1.081107616965163,-2.0645408697095355,2.212795649033467,-1.2400163733714171,0.44273272842115263,1.683957785697454,0.7820668424697914,-0.4115366385107637,1
-0.27813433828981726,-0.9763668313121574,0.36686833502015714,2.1495405184533123,-0.8533603785942907,1.5472558229683253,0.46449334794724995,0.22777511854869026,-1.5309259579284658,1
0.1535479764239154,-1.1846258477833693,-0.279224537495119,-0.9139878619354862,0.5998941405685513,-0.2323203785737037,-2.341267654577305,-1.5421511711267457,-1.4454062045510718,0
-0.691930840617639,-2.6612504288005905,-2.0188264591017893,-1.653141732970822,2.4080901284802465,-0.2792062587559808,-1.9758158877670333,-1.0526771623962308,-1.2740329601063312,0
0.9132806180402842,1.2778031271714831,-0.08260301115109714,-0.5285270042536665,-3.181953739781281,-0.8460993310286149,1.0656056279619524,-3.1277288883498398,1.9065639759733715,0
-1.4198575345849727,-0.20379713218321127,-0.7099289261752139,1.834096413615572,-0.31962198870265124,-0.5129609452937932,-0.006169494826065103,1.8092467915504826,-1.0968035882957947,1
0.4634449381160623,0.5071054679798825,-0.27957648375542454,2.632855803077063,-2.1359753730916053,-1.7319372823411006,2.2065815603271153,0.9161038921861879,0.39203415604484276,0
-0.6603312628001164,1.0063715024491438,-1.569213350743401,1.0920454329391787,-2.6168871726445255,-1.8846559334758912,0.8857364889421593,-0.1975477174352248,0.851479438296541,0
-0.8466048423882574,-0.9071380104224152,-2.840917172421536,-3.909084975694485,1.505180641216541,-1.2171100032822524,-2.6813650080407605,-2.359933352820538,0.5951515614956188,0
0.026428906200492753,-0.8002052261829842,-1.8795939404324988,0.7520420265930181,0.5071992463734908,-1.9842365122300338,1.6047197206672272,1.2567777294640614,0.6332575569429074,1
0.9188046467023571,-0.7854872478868291,-1.7283263057244458,-1.8894585647165871,0.8473090668748117,-0.8069760216577494,-2.8024367889810673,-1.1979754913257614,-0.8114168544429984,0
-0.8561008274372305,0.7270989398199823,-1.954135433944276,0.9236174588352664,-4.135516015630248,-0.8935502153195162,-0.10775883603421188,-2.2928601500051107,0.2589713692493237,0
-0.506402418274334,-0.026687850118085166,-1.0628793816068687,-0.6871378375815956,-0.1679869394452831,-1.0742988229693673,-1.2934386630094106,-0.5659496535409172,-0.22109516227063372,0
-1.1491833674036658,-2.00946364257399,-2.1528091803976857,0.7549448844604332,0.46084560449993556,-2.196211039994616,0.7069193549050543,-0.0989244462122485,-0.3771659018299609,1
0.7456358328028029,0.36917175398533075,-0.2889129774566157,-0.8618899568540209,1.454431855209055,-0.765016281047495,2.857778211733309,1.2239225376033858,2.5831303373650325,0
1.5325330906092762,-1.6988833403890613,-0.13565782326599696,-1.6668722856041942,3.7242527705262938,-2.269492391525235,1.1616129357314329,0.4620540682459815,1.1047334805775737,1
0.41092099388177106,-0.9188308379435146,-1.0532595396242668,4.778622684641164,-4.469419616058025,-1.0366429012794833,1.4652207656908471,-0.7071036522720735,-1.792127412685168,1
0.8601841202180764,-2.084195135705391,-1.6397136330402062,-1.5701963284384277,1.1890078764136827,-1.8806852532511356,-1.7901666662125326,-2.1421049671106998,-0.7558918931912192,0
0.7134290260171423,-2.2597071512711056,-0.9882529481942492,0.8379162879826294,1.5182268443845655,-1.5178903261534686,0.9867668181577187,0.4804743304831969,-0.6089501691543833,0
0.30369259392119685,-1.5660788955155587,-0.11565666676853037,-1.3432340686684971,2.3046299979329503,-0.7540187632466865,1.0881090485260048,-0.6262827111961002,0.8749845154267848,0
1.210382609061763,-0.08333648873640165,-3.055579793383824,-1.9497199222269406,-0.4508869064906618,0.7132063392231298,-4.683582503252207,-1.1537053441112717,-1.6797884390469822,0
0.9104921319436958,2.6752031919103514,-0.7405935778429797,1.4828458627473833,-3.653461963242694,-1.3300714194822567,1.5911955913620974,0.5770032755154626,1.6643473345906508,0
-1.133006565781397,3.431964902730797,0.923488566489062,-1.309140756611057,-2.1640419491369953,-0.4289365561152305,2.3820869672814533,-0.7037660143416526,3.871025739916177,0
0.22459063324999182,0.6090643713466062,-0.8491149505282778,1.4905159800070251,-1.1274102828756931,-1.3829736606502332,1.4502633932559945,1.3115262429529377,0.5779055904114306,1
0.46042226798438896,1.5111842099067552,1.237661406057751,-0.83952114840862,-1.5686930330029107,-0.025179129595979344,2.314162364732036,-1.8334413607790272,2.6805029543808803,0
-2.2059351799143783,-2.4776663001474186,1.104647220016881,-0.6172042759156513,1.9129638263453246,-1.5072079629590687,-0.13501535804311227,-2.01521560092453,-0.7619697691343765,0
0.2223777489305565,0.7906993489825739,-0.05512029501890603,-0.5991183870366112,-2.7417102228333885,-0.7297961082290729,1.0573252828613044,-3.2475712278106736,1.7090859959699953,0
-0.33632037182952107,-0.020598074789504373,-1.33307898715351,-2.3499344090926684,0.9263637781082948,-1.9519271561429647,0.4018022157791943,-1.142721983293717,1.9920282945875416,0
-0.14842264715919978,-1.0846006318564383,-1.1396409112515442,0.6383604475097392,-2.3773732397377993,-0.6271491679992505,0.3534554970537619,-3.010503185681832,-0.1935342437397622,0
0.24322157325222585,1.4299015585697177,1.4575451059021076,-1.0657370703261226,0.9060456786075582,-0.7382369686134626,0.8171556222339712,0.7551697703624394,1.6157899960799247,1
1.3627595622962556,-1.564915703460073,-0.12102710322126109,-1.378379511769055,3.851873189772609,-2.6633963661820155,0.8803751812601665,1.0810422175617067,0.8089828636826544,1
0.952649343692441,2.9046040698489213,0.7674107346394005,-1.1138514304513063,0.5747516760445022,-1.9756007985567328,0.016142890748112038,2.30861498590881,1.8810553976073252,1
-0.5235537426274511,-1.939172660785584,0.9854605300789536,-1.4110894700136067,0.6593224982049427,-3.017780581387317,-1.3516305170650171,-3.9077899565357437,-0.6032511459259904,0
-0.7531115801973117,-0.5461182082412515,-2.134663737628294,-0.972927549603103,-0.6865792397777202,-1.031705047159479,-3.022272895185058,-1.5603232826746385,-1.2532250233858435,0
-0.652398460462478,2.7694043901555214,0.23828423587829817,-1.3793665637128742,-4.428047403457048,-0.09828325870205457,0.9484217703970805,-3.9706981355515216,2.9354629803586056,0
-0.18977829956798103,1.0523953000310289,2.3657271630689776,-0.4258083463845318,0.7179831578972585,-0.7274951874198765,-1.2696926976329226,0.4235121487062192,-0.40906548624846595,1
-0.8708988204679343,0.08936349472953797,-1.3312253841026656,3.7558473171087448,-2.4700057816868592,-2.9602219283448887,1.752310083209934,1.7385617593286127,-0.5312636241173918,0
-3.856375329240597,-1.0351866542099215,1.2994460405828514,-0.5134372804643876,0.9453145948581286,-2.3735880959068516,2.036656290570817,-1.6289156777536642,1.3290108976621129,1
-1.1384625911543043,-0.8875394995182515,-0.2335992045081594,1.6232770595714758,0.9446190925636182,-2.3046985884139954,-1.6297417938071215,1.951626644207358,-2.295478399468254,1
0.2457850173811903,0.38605177866830975,0.7453155333875103,1.6462009909989703,-1.4091537161533552,0.24445014247270258,-0.07819066745039738,0.27605086810920487,-0.9228165952496802,0
-0.8419130408340553,1.4542905160272726,-0.9596377253786632,2.6411959358883728,-1.7216462325758057,-1.7484302089890176,2.1552989371790297,2.9237743409536696,0.7402774713889254,0
-0.4127440942215489,-2.867487895195113,-1.0655493434175087,-0.27853103077840036,0.7234676275110854,-2.719961550226441,-1.4941990650648347,-2.5391521053075277,-1.6034637590431322,0
-0.40294306860950446,-0.22494655312826184,1.242312088999105,1.4782367622956445,-1.3962624226097604,0.057410515286287156,2.717478325906067,-1.0013806135783958,0.803416375554455,1
-0.7821867440020989,-0.04838321551839386,0.547965875892862,-4.17575977412138,6.414428934540708,2.3070713172931177,-0.9263646546140216,3.041005323697037,1.1598869858993066,1
0.5931709909980298,1.4643080791736203,-1.09114158444135,-2.849740212544802,2.5242302658192037,-1.4449239357235344,3.8140875225245447,1.8577612068167506,4.950207381834882,1
-0.6626433938280276,-0.06110031127975579,0.9340502172156979,1.6772450924937394,-1.0363755620827046,-0.9766566853075552,1.3598357730253916,-0.025099728985340408,-0.07495703210323486,0
-0.5643604246840334,-1.061465912079492,-0.03923503760631286,0.38146380860496576,1.0633007155298468,-0.2773865777360849,2.24755085662785,0.415181691422127,0.807063006272983,1
-0.4451405126313417,1.4111539251066811,2.1879230527426126,-3.009141313712317,4.556828596040821,2.1225056864665235,-0.5474866892718184,2.9713376113953105,1.2485167151035264,1
0.39452360516187573,1.732814661863486,1.1125426726459995,1.445417734250329,-1.8597428904886242,-1.7295543371468005,2.7574160764272317,0.6158674702526055,1.8182136118173253,1
1.605198015209525,-1.9776813951950416,0.4708487406738271,0.23704249888367235,1.7058971848889608,-1.4448725833134155,-1.2496171480948872,-0.3104764883319404,-1.791558158559751,1
1.9468219623461143,1.0398623716292608,2.7729061694690955,-3.1661503594042015,3.585953249078972,-1.7115755258532355,0.6853756867006362,0.4119487395210626,2.4431299248327742,1
0.3782589823179224,-0.5780063734010494,-1.4614164434368413,1.863890171068968,-1.4071925867923665,-0.8715598460017988,0.39304997903675265,0.3742495569866283,-0.783849325993565,1
0.5763560176138087,0.5760509617734313,1.0756869583339004,-2.0001264441195166,2.8114193512223653,-1.409150051434791,-0.8512566477165562,1.1982284059459887,0.6982611109177203,1
-1.5234705093035474,-0.24249315010308392,-0.8677204189405633,-0.9832613040363793,2.30649510020492,-3.2393518290640744,1.362266566841768,1.5087184168348582,1.646885603163135,1
0.06876175084478278,-0.3893238322075159,-2.093016529770378,-0.12618832964672522,-3.0723746744090525,0.5535840926076108,-0.604480337095713,-3.3002176948412063,-0.05293076423326339,0
0.10933690359734571,-2.4281602417739907,-0.17990672029832522,0.30355008068761724,3.998626696238876,-0.2535226095375732,-1.2388054290124488,2.5336924920850326,-2.2529688670039283,1
-0.09976027531426664,2.3501959323760673,0.059973135366574004,0.17758467411048462,-2.8313590228937247,-2.4560963081917713,1.8887493015650656,-0.8420028137632865,2.530036943723574,0
0.11416908348812836,0.1956161172617613,1.746354426567803,-1.1609002268642228,2.6098206173535403,0.10288515737745296,-1.8675426031564872,1.313827827799717,-0.8569062399612278,1
0.8675794775062722,1.7855551856820688,1.124994038576147,-2.6893905827224787,3.0737550612031166,-0.5712074341993173,0.2591940331656398,2.191481013566573,2.2283664297392423,1
1.5928520643719872,2.9020581925744082,3.386746903563626,-1.6335270095275114,1.1598782329376995,-1.8946098438171295,2.0626270121929284,1.033417307507012,3.2728610313539885,1
0.1968519264748205,-0.8051555945298823,-2.035964529153539,-0.9770415705635931,-1.219538510156585,-1.9329686303268498,-3.327622004106896,-2.6695692907652155,-1.4276866730348428,0
0.388214991591073,-0.7004120767107449,-1.5146345442548768,1.5407774197239088,-2.6086507374124626,-1.4818912250270846,0.4934352246194459,-1.683641130555976,-0.3861430347646357,0
-1.170435757497502,2.467171198935693,0.5170547554933205,-1.309746212540115,0.5595761582251042,-0.6561600987996101,0.04684058634585353,1.7948418446893146,1.7571593669281587,1
0.611106095446024,1.5051385900447405,-0.16160820162336298,0.25224686467323754,-2.719394570277771,-0.30451372874934035,1.4687945751146807,-1.2867230325877994,1.681913995115867,0
-1.053930847855222,-2.424550305232287,-1.9610755126819668,-0.5421077175263608,1.0598049762057513,-0.09389908107168377,-2.829631202363844,-1.1342882422046434,-2.368473153046559,0
0.16509955149322578,0.3848972117016628,0.7975406665581893,-0.28725854050072297,0.9366720761207739,-0.04939027804034457,1.5478506986529665,0.8301296268207292,1.2133828643130857,1
-0.7172639058443472,2.117692983989164,2.8800535229558992,-1.5825939910485265,-2.740441692378887,-0.7237860676508014,2.8731557329429416,-4.358782828367838,3.7695136340084523,0
1.3548929315218388,1.1821154254349233,-2.3945906072277094,1.1269036093246738,-2.2829486263819585,-2.001320958407552,0.530110757066719,0.8905130553614862,0.7183211979934874,0
-1.8564315499362027,0.20032402478206135,3.059856867076518,-1.3838049378474229,2.7997804642704827,-0.02944498033207832,0.02987020666448159,0.5503174410980182,0.4316766038911326,1
-0.40901784781493944,1.6540583542606733,-0.020736745261364264,0.5321996895548694,-2.078725976304954,-2.32783389753474,2.0355662224611724,-0.27567967012098504,2.0700917989903393,0
2.0079560958623213,-0.16468910510863255,-1.8605646933771687,1.0308969210413204,-0.721438945819013,-1.318974177529887,2.5910585871326903,0.8369658509620285,1.401203733491799,1
-0.03347481032690589,-0.6584592462359389,-1.4799746226877026,1.4576422663640949,-2.600932408675876,-0.9165323125580098,0.513643914458692,-1.6827401640297461,-0.36353643568008515,0
-0.5887048335567698,-2.203398910804077,0.6988668851772353,-1.3566822006612649,1.0118706390923558,-4.249370087765857,1.062633972189278,-3.779119894821054,1.0045420365356696,0
-0.9906473100920593,-2.4104137850688367,0.646190971426168,-1.3276340403314182,2.684457642131482,-1.7556667400257635,1.1650371352589186,-1.6373534230456066,0.5893257411691857,0
0.17451566154579515,1.0345397502825924,2.0983760259137862,-2.2628714615268644,2.7730941007730316,-1.6426276795430252,-0.7371946638681093,0.8452286377193922,1.0416170978242278,1
0.7188634195406998,-1.0196120192492888,-3.4463626847595736,-2.2189239530916973,1.137939058823634,1.3677271597719969,-5.03163993975483,-0.33465324751817527,-2.2631325073706634,0
0.9530880549924937,-0.4035217164265591,-1.0952358389625483,2.5066933631923174,-1.9704263042789814,-0.1871212813350337,-0.4142591198830057,0.5406843708058534,-1.7218403589674633,1
-0.15843664412723335,-0.5276997710167076,-0.04823678843058188,-2.387227554395553,2.7207111884194144,-0.9039980112018532,1.2563425964863968,-0.136976462928462,2.013210794890753,0
-0.6757115301586923,-0.7462375887660087,-1.5416929307273948,1.8444820672136026,-3.696718764293586,-0.48164023195654126,0.17084359033511876,-2.6153550439091955,-0.8123910994150028,0
0.24822550741034183,-0.1052766015973603,2.3379079437903014,3.4826351414517127,-3.1366105925610115,-2.0287925411858487,1.0682784589320826,-1.3975227158876335,-1.2799819955673155,1
0.7128048049548621,2.3324300399836253,-0.19034871945878495,-0.26291754273453005,-0.2692249406511556,-0.32347553194828016,-0.9835333533535664,2.2506790369023877,0.45840335389194037,1
-0.7914676425128536,2.5699876354758615,-0.6411430005595067,-0.9408904437572692,-3.5210598534094966,0.7071806658124131,0.80555829351223,-2.034764548537419,2.412044770411141,0
1.4746939853456824,-1.7886363491886415,-0.007159012068585935,-1.99944102404229,1.9887159763591864,-2.3783756776543683,0.6098127601515146,-2.2539415367244953,1.0623348416983507,0
0.6422919936033016,-1.4724164726094218,1.1309760961048445,0.10558633687039243,-0.3027592595737247,-2.0260100127735403,-0.8741221890160813,-2.767686402512786,-1.0943111596195978,0
-0.3240721838017818,0.7894083349056435,3.3429944531079476,-4.522478039536806,6.066803731328906,0.21734969792091285,-1.931935292937062,1.6086466495785623,0.9838057663901938,1
-0.40916506921394147,2.988305981972467,-1.2226349148651403,-1.1136310899905064,0.5808642167560574,-0.08754149620230789,3.5505661892990434,3.500880095364892,4.297776287068811,1
-0.3868409579865057,-1.4252832682121155,0.07378387429337674,0.08871629148359472,1.9185446757805735,-1.9426381726559798,0.21158438444918348,0.5472427844960017,-0.4374909281376541,1
0.8656341848196735,0.10732556174361796,-4.930571621623555,-2.159773814077754,0.8147250828162454,1.9347629603272596,-3.7781462950265725,1.453152803652051,-0.9154471755962257,0
1.070882292171469,0.23486643509106875,-1.7660355202026214,1.614929593424375,-0.2921147960857285,0.24395492850472822,1.7823536607631203,2.667207916268855,0.4367116497714334,1
0.012390076194007553,2.2368029723174505,-0.005492304169693485,-0.8999308908287471,-2.9653946181823723,0.30602483746166786,1.2576219285471273,-2.0728752005532805,2.49316577365353,0
-2.876032282046417,-0.11118056715955016,-0.449145659441188,-0.825241688218747,0.7252501497754087,0.26999227639309487,-1.0834020403332,0.09886230410586094,-0.2945497766112905,0
0.5205607958438698,2.262732035411667,2.0352948697977196,-5.345651076958411,5.2667474072016525,-0.6228428800649887,1.957310942169815,1.8693240924768584,4.958362222022917,1
-0.4700451851548686,-0.9621702141005875,-3.093425994743491,2.9773198679989648,-3.8518344591201243,-0.9329749796609029,-0.5117737085417169,-0.9767731544739681,-1.8630686637387333,0
-1.726803202706756,0.2746067517668749,-0.7263196214837666,2.861269505388437,-4.120073178006091,-1.961627075044733,1.3305260897732862,-1.333993632690953,-0.1885182160273546,0
-0.18488498309868595,-2.8429151463648115,-0.26679259413020173,0.5285603904247282,0.6801446237931876,-2.8825372904046276,-0.43103003335684664,-2.0800993131476453,-1.4484614445006798,0
0.5546322006406813,1.5182587259292828,-0.6786552086371874,1.3538872830751933,-1.9664615822715596,-2.858416310625329,1.8640915524144286,0.9485802007483852,1.4883138189590066,0
0.08165522477277443,-0.08523555561149909,-1.1719794927618892,1.023959486402154,-1.5582639648907504,-0.8266661329392496,2.7945274423991386,-0.42696216213624494,1.53138156954676,1
-0.8229035909764744,0.7077267304608732,-1.092594790545996,-0.7409682478271689,-0.783269977910911,-0.20357671613504047,-1.8995097390878373,-0.39295104842948037,-0.34599995333690936,0
-0.12750797890915333,1.041435326285706,-0.5213985673741357,1.9661331628768148,-1.5968805434991717,-2.4626985962494006,2.180736555185306,1.5010452810211694,1.046469055594798,0
-0.5076678492097068,-1.639194336724663,-1.6914486433487776,2.3468260771515146,0.18855954029237437,0.23121853852092134,-0.9985752959015461,1.927870230932628,-2.6537127993880465,1
-0.14113682151636595,-2.505038981007342,-0.44438672365611953,0.06370050384311321,3.054700338845659,-0.6298042611761656,0.35059533510651264,1.0296902185088903,-0.9142983488997982,1
-2.1193013676882075,1.5154277098378643,0.1011186850511494,2.211920666058865,-2.2137182480992923,0.47485388303881404,1.5945160867732127,1.5829463314236878,0.3806938357795167,1
-0.4002229523995679,0.7668226378113774,-2.9190808262976864,2.7730779647501986,-3.821395718388172,-0.061615298235148774,3.3221318521595142,0.7651280288646076,1.3928277007370782,1
1.2249814080558845,-2.3818123094764383,1.155825385045787,1.2371825556475142,1.4751338927486137,-0.6039908666828719,-1.18697040597575,-0.18199648617984177,-2.664699138370531,1
0.168692744809392,2.058549299835175,-0.11506304706953041,-1.5927102168882075,1.2056113817108929,-1.9161583743281718,1.7938360878432276,1.9177181070351912,3.0858692950129933,1
-0.13841785233997445,-3.532041767862374,-1.0079880887625166,0.5890488982506719,4.047553730833351,-1.0929549466747104,-0.4224848693043415,1.9157598751039027,-2.142584687446618,1
-1.6686294265007857,0.08067371994929817,3.115941888599544,-1.5683234430856052,3.530853801286068,0.4976832053711764,-2.4643825617710755,1.209590595921351,-1.2965073031920056,1
-0.753264211737142,1.7061610802898888,1.203367893307151,-2.176762200249212,1.8749143776968684,-1.8577708480278572,2.89850869379371,0.9448062502339927,3.873885643529945,1
0.2932713754434303,2.750385109939423,-0.7212861074736949,0.4345992512460167,-2.284779710718522,-1.6993937054537716,3.321293397435908,1.0442756618338787,3.434932750089474,1
1.2460589249202312,1.0206155895219529,0.03191374254706325,-0.7085296999305009,0.8765430397697458,-2.4712029474993926,0.4016047428072762,1.2121202635771142,1.2663204145095281,1
0.2984278994828184,0.683943913437068,-1.0964959910817367,4.0374413882243445,-3.797296565296844,2.100419718218291,1.0373903583167017,1.5352009465473002,-1.3687952233766838,1
-0.701063530979187,0.5590976506500349,-1.6891814462729382,1.4033472532107187,-2.466178200454281,-0.8021594313984204,0.7851632655913607,-0.010033872192443005,0.3097798194534142,0
1.5511470813980186,-0.32332719976760727,-0.757669538946649,0.3288152269303346,0.3866364022749131,-2.0745408635634917,0.6831816113835464,0.6343068549127726,0.37213417840614477,1
0.34822110414416885,3.5849032104856344,-1.6017461726115436,-1.6970543098834905,-0.05048356858568543,-1.9637114098260993,2.701531726034351,2.782620299716843,4.598277035625866,1
0.033937885134963125,-0.05423399814855134,-3.580756147378512,1.4983535522464062,-3.6675540494760472,0.7399767171242013,-1.0453635223878441,-0.952567675335832,-1.07495494471875,0
0.35706537446038417,-0.07684044411315172,-1.8076471019622828,-2.9266558275682417,2.2827642944611695,-0.27687940616799167,1.0115387643658496,0.1950116230236294,2.5084917739478136,0
-1.336269636551354,0.6725173807582283,0.8456218296899747,-0.7546412251923561,0.9094817748773595,-0.3769964211865845,2.3410901676200044,0.5117423252781628,2.181892980689597,1
-0.2265991640145975,-2.5514096084095184,-0.1003826969427174,-0.5354613742314394,3.573162598023168,-3.6595016065997186,-0.9570493151054165,0.4868949990185968,-1.2134544346197738,1
1.0958734549768259,1.1210584663463272,0.8021100480647219,1.2728756958049456,-1.0103329649885981,-3.0320013410027036,2.9404789731820005,0.7616551510112688,1.9029838282966118,0
-0.6392161407867218,0.5542605932409486,1.7431240595622988,-3.4038144786483837,4.949927067540366,0.623928320514999,-1.7648443341257072,2.0911198917524905,0.5121503641247731,1
0.33760622247297195,-1.762765781105644,-1.3690499764560018,2.091945128122795,0.7976331035209759,-0.7871465718261312,-0.9105605156398371,1.9723482040836964,-2.4646241753372924,1
0.5664654841095343,0.26043470512154776,-2.518467875196933,1.920779847086446,-2.5107759353547476,-1.175898954721906,0.2813379487440054,0.5824504788604061,-0.3489331744724258,0
0.7975103068781241,-1.2937531798238335,-0.06296107358838077,0.2922686921229143,-0.7094897756240036,-2.4105293321951473,-1.67004507490977,-2.245965130975337,-1.4913415245742305,0
-1.135119419411239,2.393467714927947,1.8492482731012827,0.2260301874211036,-0.5254419930297052,-0.8484252142548274,1.633902299881485,1.3967162766296264,1.8087568144438386,1
-1.0264341106358852,1.3926236048113143,0.5229517013297817,2.2559619970327764,-3.0694521187599766,-1.8158784643864314,2.5232581139275916,-0.05330251000252906,1.1909975457776198,0
-1.1328828133542732,1.8679869046588822,-1.5454732334427697,-0.10247664545613899,-2.2164954820698757,0.6721647252830201,0.7184331253348103,0.18801970620414554,1.532713711689215,0
0.5552941900136158,2.2832186206855196,1.7458784007375958,-2.246918244445385,2.2518204848321624,-2.045969891367987,-1.2560205319892779,1.8676352565373144,1.2730909968714372,1
-0.7841627421933196,-1.4128590947684985,-3.495602020977416,0.22442235045192283,1.156649401927851,-1.3057658583631613,2.5081811937354086,1.5764309454708074,1.377526589447284,1
-1.7356308758550187,-0.7344892596365087,0.2183774751152725,0.18324828591507436,0.904563228616048,-0.4798362748000987,3.385337608013362,0.18853022032610278,1.8305410941256695,1
2.133645604681897,2.746772091849174,0.023918159377280923,1.201594998568916,-2.561992349828685,-2.199420399963586,3.1263973936454814,1.1669492702072235,2.817269219140987,1
0.9047498032588243,-2.389430093798939,-4.311411667726305,-2.53663704623517,1.8823682289641541,2.067246308632926,-5.782750221209187,-0.8843441315431058,-3.1340542979443753,0
0.9291895615477108,1.9635846544436726,-2.1240326128463876,1.228775655358319,-3.6822919062821393,0.04920555694128237,0.4393237704208083,0.272311491024561,0.7835441375084519,0
-0.6186299507467191,0.4652842221634881,-2.286757347975434,-1.2439731277908268,-0.6391384688435715,0.10341646824725803,-2.55573347564604,-0.43031372447139105,-0.48694294164842733,0
2.2067827246151004,-1.7959096313469676,-3.0506123232984765,3.8134231932175693,-4.285190152124588,-2.9054594169268526,-0.5147108397578903,-1.7583479526649792,-2.4818990527319156,0
0.7561151761751815,-0.8444966600892578,-0.5089780481751368,-1.8424058201534277,1.6815146650408546,-0.4506158875563291,0.08035855226744593,-0.8562415430059138,0.8490917486664342,0
0.34752549402671107,-2.4556149057444996,-4.352117399803532,2.2176433828027875,1.2604015872447292,-0.319156455601326,2.2009269434142413,3.327656474337813,-0.5095210911422552,1
-0.7376183625734388,-1.3094343072604442,-2.6031321288659584,-1.0918604761883053,-0.2759414393787519,1.1454979392636395,-4.90847345755385,-1.5837012580882355,-2.9392841046417537,0
-0.5921663299833791,-0.981145195625618,0.16543633000923585,-0.04899417117532845,-0.062037171785700194,-1.672211175626452,-0.3761376865466389,-1.548904210051999,-0.4383411355095161,0
-0.006853994901490916,-1.999463104895829,-2.1080688073950418,-1.8982706077132236,2.6060422312155307,-0.7508654279929134,-0.61177374647144,-0.34612217753968944,0.08617869938511329,0
0.8710452931452174,-0.9028462335927259,-1.6503377355157611,2.6073681010981313,-2.139101730643295,-3.1675151733376663,0.9564225278896581,-0.2105954115273344,-0.6903814163093167,0
-0.3663728472664642,-0.4687162660966486,-0.03839237449962085,2.113560188319197,-1.6438182627837319,0.8795783223492777,2.7245009141858474,-0.12618161117554183,0.37870943881842,1
-1.4758710971014117,-1.4426784614453008,-1.3348228487542515,0.5894810987413743,0.23132506254941063,-1.6479197379385897,-0.5073512966158142,-0.22020940732813632,-0.9884044582413243,0
-0.7062233540680766,-0.29177649157029073,-1.826789904575325,1.5319936751451693,-2.449365818572536,-1.614251365630233,0.4851848087676802,-0.8595910159665429,-0.20287929618825706,0
-1.8399922494136325,-0.16402534492693066,-1.753873913648155,-1.0088998080426435,1.3624082044500294,-0.8482872884758001,2.2273346252878685,1.0575919604470638,2.2095860636755615,1
-0.4621159637998562,-0.5060444468603285,3.439047976534501,-1.8521924774385703,4.519812401702643,1.7245556564266002,-2.603307037835193,1.3695504871237931,-1.670403352027052,1
0.48052966252196005,-1.236297985255531,2.0544804669639096,0.9113331852891579,1.9318051657965094,-1.3762692188543628,-0.907469547095193,0.8354059847725676,-1.8898588985847773,1
0.9368143169226666,2.6544238226388828,-0.1629382973753838,-0.18940858470038768,-2.737910233711002,0.0736736716839157,1.674335705164068,-0.41636761847422454,2.4982894738070227,0
1.6271180521597577,0.2551846568834616,-0.09521801094191917,1.7905824173176526,-3.486381250542304,-1.7350842846179055,1.514842073672432,-2.1226659374344425,0.4677561219371777,0
0.15751749733279974,-0.16457081536048135,-2.263829434308501,3.992335361739775,-3.4574380667520237,0.9013692563267623,0.63039976897819,1.3776485301238515,-1.733070261555157,1
-0.5836255854546498,-1.9994016225898457,-1.701658693983355,-0.5325365829015336,1.7343094317259613,-2.210840748553685,2.495306726595549,-0.29415795844867754,1.4915453686456517,1
-1.9327341425689386,2.543291679701925,-0.6897443185003469,-0.9181432692150471,-3.9823664972412005,0.8334522369545543,0.6033636094703552,-2.570849105700165,2.284641909585522,0
1.0112954479729197,-1.4013892777285333,-1.5108231802349752,-0.22583455269599728,0.11386655720042932,-0.7765269287768228,-2.023365706120212,-1.0416758702291797,-1.5338142242604058,0
-0.2461598243185216,-0.5632129633418617,-2.4052717133993484,1.3224604900643837,-0.788243354368412,-1.2207568477692505,0.8375284320016475,0.9622334108151618,-0.06472003947358804,1
0.08479763391309508,-2.20642478807102,-2.699784601518997,-0.6342510087131521,0.7274708608289411,-0.5339334818231288,-3.541287725932499,-1.0383090889072695,-2.5623701409240884,0
0.6708721945019316,-0.7891008148975691,4.766748581473836,0.5040044616606196,1.5415058418361276,0.9547035364069003,0.7698657128470401,-0.7955304420065972,-0.7916889604840209,1
1.103626910444787,0.24900390949430096,-1.1673846446951768,1.6442550193026757,-2.7442398249116984,-2.3389969759973486,1.0566366623773569,-0.8750295471897961,0.34755907245494255,0
0.9969574815226198,-1.4284988559360223,-0.3491428768004359,-1.1393204832954,0.06559477198198478,-0.2776557802517976,-3.0721584331039895,-2.7076782679895754,-1.8276992523321665,0
-0.20906398167250848,-1.6038505443903799,-1.8154060950488708,4.174654936225695,-2.3230442796267385,0.9406741084703039,-0.4540414304869298,1.0904720110270048,-3.2687328364432036,1
1.6424192459283222,0.573342342661789,-3.1877681556892368,1.8685399377473986,-1.6597894610080068,-1.2930849126584694,0.279885433170056,2.2860435772711436,-0.1976670549611685,0
-0.20367863457235547,-1.7941637757969056,-0.853879464973689,-0.6741108287572102,2.8718583078901943,-1.6217746516986558,0.8393232289572665,0.8859742303139182,0.303793589970886,1
1.946698462365562,0.5370936308681844,-1.1723367333181227,2.7037197950682805,-2.5275735881147625,-2.0535858161036282,1.5510921239878868,0.9914493160746207,0.07017412840553493,0
0.9600608747015225,-2.4686083135679366,-0.922049313203068,-1.576622108769108,2.1865964068635906,-0.47602248279215764,-1.719732156157073,-1.5952955014835513,-1.1451129356813117,0
-1.6476935347695922,-4.1628240339986,-1.371157159838077,-0.8067227632819303,5.963581552996952,-2.428523571340349,-1.249395209559892,1.996967794216553,-2.0546875234118085,1
1.1312990502497464,0.5541490015347285,-0.1969155028814471,0.3647618710613727,-3.416917723589828,-0.8113068741450109,0.9912567794686433,-3.1808314044958257,1.045582885930901,0
-0.1455676497428844,-0.9932481839880527,-1.3192123205276625,1.9444634538207997,-0.640161265678144,0.15519148956468953,1.5477946868600045,0.9176861002708131,-0.3969853734829574,1
-0.08412958314923621,-2.1974900302194484,-0.32260850936449337,-1.1074514123717358,1.6546262786146562,-2.1105660067183782,-0.10030438347094983,-1.907848662606018,-0.1014991541419831,0
-2.741489429477377,-1.0270134370772022,-0.08928836921983652,2.5211482141500925,-2.5112078185077906,-3.152864885964118,1.683649904538906,-1.7416763079217565,-0.31314595407772783,0
-1.5974542183291225,-0.4036315443279672,1.4629903587214848,-0.8977138497452835,1.9446524202094346,-1.1821879940369002,0.9178008158834227,-0.002649013394434352,0.8368140038827396,1
-0.23145221498765425,-0.004574987158203481,1.6887142148531633,2.1180949405208067,-0.5767893768288106,0.4161104696545339,-1.5397716423689403,0.9811006644471593,-2.5348268968191627,1
0.34183032184610596,0.22576143283291672,1.541871490841776,2.5192114394679805,-2.4570228094012845,-0.45669314231518177,-0.34773999898489083,-0.6691838697575636,-1.6340782804171552,1
1.0428654095596086,1.159621248812541,2.263062291143993,-0.05230987574202017,0.7043678919451093,-2.1895170355220888,-0.812361663891894,0.8623007768877335,-0.14315723538323025,1
1.196260988306875,2.602581002118897,0.3385724676398574,-1.115948004606182,-2.568197862231594,0.5947180810147157,1.661502452007975,-1.5517345464498535,2.9429770522067624,0
-0.35370504225558225,0.8606425609456612,-1.376164728094737,-0.03035702000576812,-2.9905413819525433,0.10124514357083148,0.3312772607062301,-2.0297693948255864,0.9547859179880833,0
2.331486092556837,-1.3342531378350122,-3.05962429688785,0.9171536067013107,0.7874108927425795,-0.7131031224087703,3.3300234744755293,1.828859539834059,1.4529583207728958,1
-0.25212315877207636,-0.3928613984341125,0.8894982412990192,-2.3009160426008295,3.052035122687032,-1.9982350409788354,0.42562770928040594,-0.020902748589065157,1.437483568609971,1
0.06916979303598314,-2.4062084517205387,-1.9939257878314431,1.1510930575373204,2.2629781929004658,-0.7907492033264327,0.7020586282943247,2.192663778683719,-1.09409520599525,1
0.3851080321263795,-3.345465058404329,-2.2287431048587827,-1.9134804410035087,2.245650887863666,0.33838587920731,-4.546320717149449,-2.1247175557457796,-3.1223038535521166,0
-0.029954646126529826,1.741752844720839,1.8358974218167385,0.010626734094812518,-0.19544430817190267,-0.24973840838779138,1.3826405959717807,0.8501962669162251,1.4439457425238442,1
-2.342246870407298,-0.7195038306623671,-0.2657118255633,-2.4223054378351923,3.753194967940082,0.9478933569775043,2.2221480557065543,1.141792375937772,2.3609561522754348,1
-0.6348026834673863,-0.848095927995256,-2.9632478650324963,2.58824476893029,-2.463732609670581,-1.6307202442041966,0.0023793677360304244,0.2821385876149525,-1.2942923173712881,0
0.4732152090075886,2.906138879671653,1.802760657696541,0.3702705213371309,-1.5712476960550361,-1.6511068881595432,2.5160468048729436,0.7907783872014092,2.679928783267909,1
-0.7988988980931305,-0.23498224827793202,2.7782163438912666,-0.319791893636851,1.6662601543136697,-1.4115547113666258,-2.133081401445016,-0.063768920879413,-1.5993724665077116,1
0.8934728944259902,-1.5210067777650775,0.7436000657518358,-0.13262503487485378,-0.08392331058778875,-2.7215986901680744,-0.6501046845244138,-2.7108663841658145,-0.7243191483208239,0
-0.2628824730353762,1.9102878042842621,0.7347553838884178,-1.8143001674878878,-0.08152225406498895,-1.2273526419687535,1.1388437805204097,-0.46463482814840473,2.6936450295633096,0
1.9786512875485034,0.7824294000612797,0.5174215653238108,-1.7903760926667038,1.7372477167016274,-1.607004368084537,2.7713013870438665,0.49588719224935607,3.249065013218258,1
0.27845878944741026,-0.1513451663846026,-2.051390926209673,0.7580090407713027,-2.6284637179081614,-0.623067031520435,0.006000690753280691,-1.5886774383197424,-0.04108994141410035,0
1.6056901078208434,-1.8140928203749982,-2.043656004465944,2.843621619617754,-2.981815945605488,-2.0848230845515143,0.1799552399533375,-1.7426579107967823,-1.6997855225700902,0
-0.2245550415906529,0.015215364676081089,0.509039411978206,-0.9211160378700332,-2.624743652651171,-1.0378723609080007,1.047142136535178,-4.72493724099677,1.5792583102115856,0
1.2609516854809275,0.1429948160976945,0.9729903508667794,1.3019036482117332,-2.5740334006049927,-3.046968856719953,2.218526648318937,-2.389355817927084,1.153305501114759,0
-0.16306127972697482,-0.5021163961422898,-0.6026738570606862,-0.775945470579589,-0.37882475927980486,-1.0409456721808608,-2.344002889002934,-1.6981628427077244,-1.0801420410628524,0
1.702147323502177,0.39798278709465573,-1.5257978696272922,1.7643901585604853,-3.1024374320736303,-0.7122353028662859,3.0793210181686272,-0.7252036153933041,1.5952669686750987,1
0.6745050331548218,-0.6428531883686108,-1.3269548673503975,0.8777158042629026,-2.3539205572411435,-1.7329488002165583,0.48002959738640183,-2.1915058395669598,0.03099715714109334,0
-0.5412944891384287,-2.0988534464886017,-3.2583680157117714,2.8836354445841583,-2.328293370226497,-2.3664735064659195,-0.436802144816707,-0.6117516774402421,-2.1598471798680574,0
-1.1476626279477486,2.4072955902426054,-1.6136746627033003,-0.5390961435872423,-0.9949401369524923,-1.2190806566837946,3.150998188021442,1.6116012820226162,3.733888371393682,1
-0.6505419960415696,2.3608447842124995,1.8729358751187422,2.4766833969605346,-3.171206824661136,-3.0634556922630822,2.562419283593358,0.4246196845915753,1.442887979949518,1
-0.3169070486057018,-2.6469681225634476,0.5277422028873369,-1.3977655219873781,0.905931153826695,-4.342506876805203,0.12893813626189154,-4.3816590491280945,0.2702491830802041,0
1.1073116693407743,1.4453096622557375,-0.10786137145513741,2.0417435650992957,-4.681268430845328,-0.9332520079696248,1.4964668331920739,-1.804756607715519,0.773030848518363,0
0.617838218879222,-1.632882050254833,-0.41587956557339145,0.67575885438378,0.5414140384809241,-1.6083044219022276,0.24681621565000866,-0.45044773379435765,-0.7278695152248106,0
1.8387545009121138,1.018086444849127,-1.6853954843447294,0.24857334300279543,-1.3923453027668595,-0.17981334604068688,0.8507372157708795,0.5878861830442343,1.1029252212907337,0
-0.6994895050506996,-1.1973756418306836,1.7951058439119665,-0.6195553596543824,3.1083469476600643,-2.5902005849662597,-0.6556231478662558,0.5634841088150038,-0.694514666718346,1
-0.3457039056270759,0.7102067820613506,3.1910165270569597,-1.3262482852115516,1.888809461050554,-1.4588333030465177,0.21872115133420933,-0.12201917470166856,0.9226509979243795,1
2.2785173159559986,0.7039397917809433,2.652418248880142,0.3177277473216913,-0.08679224533812553,-3.8157356716415785,-0.8807419305261441,-0.5958210426001915,-0.40382104293371957,1
0.12798836367726404,0.9044933457980164,-1.3721029872763721,-3.109686275172447,3.7862231858022644,-0.09641466674850807,0.5002626940815462,2.8438575784829005,2.4575692869735413,1
-0.8845889468094964,0.3180871740083582,1.2364593375463984,2.008120815914008,-1.6256505026467147,0.015502824934090054,1.0765019411861347,0.035792707447058536,-0.4070846922796011,1
-0.9162930470045603,-0.8653817063361467,-0.6935891287620689,-1.8127820889658472,1.326678579085342,-1.0842322793377432,-0.7157665691004729,-1.2313596536518547,0.39825587810739277,0
-1.2988035540518614,0.9866263832487905,-0.15505131116372295,-0.85013475309171,-0.9649698191915617,-0.1842876177779934,1.5459005455007429,-1.0031344935976843,2.069851121277712,0
0.0921212820729715,-1.912192526378337,0.6087820112385405,-1.3302179219878782,4.158122488754787,-3.6122908876613162,-0.5668714272821955,0.6844966217812946,-0.3310208462337017,1
2.1380552116340046,-0.744904102126742,0.3306362903127087,-0.4078774921786962,1.4454062575567168,-2.964197884725504,2.978668528255346,-0.13153692642769654,2.113033839273555,0
1.3703165001393138,0.269309647980426,-0.7836268605001855,-0.9667245694075874,1.9532729214024285,-1.9569606126262133,2.2218594864507253,1.7577216803794395,2.30494991529491,1
1.820580268264966,-0.16821889548667834,0.7882708241909087,0.6768362531627452,-0.4359840384675401,-0.053043987400707815,2.5262340277636905,-0.4458417892697326,1.1743559657541223,1
-0.8956885116957725,-1.0855283371554325,2.4577637983465936,1.7461630810987958,-0.3603609686667268,-2.172978874387376,2.1066199993212935,-1.250622811394164,-0.09262764392983074,0
0.7733416946447087,2.411822082505285,-1.3792157882274032,0.8356195201831524,-2.0737765659992595,-2.745203755948755,4.251793419048871,1.5693196086328376,3.826820896760271,1
-0.3211521871301564,-0.41152566959128567,-1.6972424552603216,-0.8102369536190234,-0.15147467485497462,-0.6279736856679584,-1.653470833059446,-0.7706474394828302,-0.5140858685362752,0
0.2991956221800896,1.604324360853,-0.11145130400016767,-0.5774267927854971,-0.19768327780512165,-1.539508132089949,3.7346771437849777,0.7810995499812561,3.663375633842201,1
0.953594950662517,-0.860893921379668,-2.008948066174173,-0.7647016981755753,0.720422541587108,-0.12093881159263675,-1.4765824340788485,0.03366312337578847,-0.6900426208134243,0
-0.0952011155410625,-0.26394963656498394,0.9722234888631116,0.2564746808972558,-0.6471271272432334,-0.5645557351866924,-0.3186029962650958,-1.364130628091363,-0.458202137950653,0
-0.712777884827594,2.596028000780297,1.2291563493956028,-3.3264825285994535,3.291536284417337,0.7802232526131667,1.9958846251762807,2.7142404120107377,3.944519212071302,1
0.935268755244199,-0.8557545290626619,-1.2317213318114228,0.7131749357229422,0.4237367660156553,-1.1490235092086167,2.677862953170859,0.7582960013085658,1.221580806988515,1
1.245821554963504,-1.4127634776158442,-0.6644457064777367,2.710199039381199,-0.8571381783216697,0.38542381036346063,-0.41273654873334564,0.7932791746090372,-2.4268855957691797,1
1.0654147782383516,-0.6269790530753483,-2.351049581249665,-1.769681149588874,0.7065428090048512,0.6711793352587356,-3.164240839961731,-0.566856126114601,-1.1432902874876985,0
1.3252636031273886,2.031403692104658,1.3540417574967036,0.9464222598348201,-2.3488413726155044,-1.6787835970885767,2.949244833401786,-0.3424896734205728,2.3912200240333212,0
0.3499755356256891,-0.8823166216068636,-1.3451288319182217,0.9003095512564689,0.8512970455355106,-0.35367614003316594,2.4243134891668108,1.6231551810428861,0.8173778458030634,1
0.39546944004558404,1.425169995786983,-0.7835987230494402,0.34337097190605204,-0.41052133526081036,-0.16754209222006256,1.0887889661995418,1.9436047828456329,1.1808936928040294,0
0.7939458036321722,1.55106450066097,-0.3371100488011298,0.5240995454785138,-4.023353992767281,-0.934183332428503,1.066980357936986,-2.498914272210955,1.4506426379566453,0
0.10428632223219882,-3.2513385343299914,1.3753124939730381,-1.2943143600336224,5.431273552993222,-1.9306575010002105,-0.30924837502853997,0.47624420108961096,-1.0374014430722671,1
1.901384665586316,-2.8704593731403674,-1.3564561647333386,2.1085612306635135,1.8714065249434166,-0.8117065633782538,-0.6257846496178774,1.983579267769396,-2.794990413816083,1
2.1145434623013015,-1.535527998493866,-0.5382584605776799,-0.06762500159647122,2.343804944437491,-3.0602486164230074,-0.3253400375615614,0.9806744633189104,-0.6097131282523154,1
0.26170728347633937,-1.8738601325296202,0.8382957860829752,-1.0411769175585839,0.7466943423687242,-2.3570145785049172,-0.9650828900551022,-3.1608756286144875,-0.6114772276490743,0
-0.4615131352549084,5.936498949289452,1.082839096326493,-1.0715757555617014,-1.67472613987503,-2.4516997823543463,2.4078458503843585,2.9012048543608886,4.821727479923977,1
-1.5886441685966566,-2.5690335817332235,-2.273360127185745,-0.6167555425755773,3.756457303050204,-1.7936077258186671,2.3787156611081817,1.7809169889756862,1.0873456703783553,1
-0.6123998596057125,0.6283211360227705,-1.8046784853148057,-0.04382468673321538,-0.3020035703810134,-0.4109674934037544,0.4098978709143801,1.190283306167101,0.782609733174192,0
-0.3191180896979034,2.901500021869446,-0.7622607536732974,0.27277637907116936,-1.5054664583464035,-1.9991397925816785,2.0185250215622643,2.0418861967382256,2.682430284632316,0
-1.8896977865979003,-2.300651130866155,-1.6095078482197804,2.5083857891380124,1.054519038935224,0.32036531569129667,0.5200914003021169,2.3190540334943925,-2.0770574093326033,1
-2.4857949122861833,-1.0194787939065786,1.797866090155527,2.1210750951911836,-1.1662833606659755,-0.8490996928253497,0.5450677454931683,-1.2176140232135944,-1.3508281079093933,1
1.2651988879529492,-1.569566024487702,-0.5210847935592704,0.7469244715945345,1.0254773648960838,-1.3846245634658216,0.31620652069943767,0.38518892913439995,-0.7570255566843503,1
1.7662424096718539,-2.8275831809729923,-2.451852815765955,-0.4859943380233651,1.3043165698754833,-1.0769167354568911,-2.3063323847975186,-1.1126891818024114,-2.0814531487523324,0
0.849381577377611,-0.5175621245003361,-0.9125743081826326,-2.6757296915199724,0.77932750358699,-2.252552471957345,-1.0016386330529463,-2.499210126913111,1.0687334124163415,0
1.2411343200148017,-0.768037386069841,-0.9851669770306863,-2.5219539154109367,1.7012866306938823,-0.7854842524128332,-0.7107394940028346,-1.2976624373542958,0.8539636904555296,0
-0.5391106607016489,1.25376219685408,2.7488182691533325,-2.5490924784731996,3.073442555179117,-3.113101956244723,-0.7297318545927278,0.6698277063809244,1.365493876029397,1
0.14820296862789786,4.101721136560062,0.2145692158121284,0.29838558454898034,-3.2518624118793125,-0.6772296173310337,2.388210869013692,0.9563516401529364,3.2974384162636614,0
-0.41456386324869343,1.1288117010379983,0.48072542108137417,-1.2763314578147114,1.5172555671780164,-2.705392495278861,-1.1792077175471531,1.2780084494104085,0.5263722576348668,1
0.20498914730890982,0.7914808167865817,-0.8582066947350497,-2.9325200715340003,-0.43789410193012157,0.736626158717627,-4.18599092920939,-2.3699055889753304,-0.6084121037713592,0
0.6080926239670689,0.9187079251002988,4.427143491943034,-2.287490215193822,4.596314765106848,0.009613042947025585,-2.2632546102186977,1.9786241413350287,-0.5626363120212813,1
0.4760108000656256,-0.456584722490857,-4.71608569119724,2.293809254614398,-4.020362069491271,-0.2706789476816134,-1.6391824409135047,-0.44841936854005493,-1.890179485207173,0
-0.5046045954849743,-0.727748253208885,-0.9489078329109644,-0.26142097619103155,0.24244170439146126,0.30929964326979764,-1.645688459228409,-0.3062043853723866,-1.175614305252011,0
-0.7216221912293651,-1.5540985375969498,0.9874405117566625,1.6646917230940685,1.7562999389970841,-0.2677701808202956,-2.1167474844904315,1.8097351165522861,-3.290930949997168,1
0.36605591546079125,0.3496686009712582,3.887989909484245,-2.7273810069948503,4.716381681032175,-0.14820030676452534,-0.7632578696086425,1.1415473826532039,0.5682683874097741,1
0.08186134108175565,-1.4070659991842198,-0.8537995428612856,-0.1773205056225453,2.2147629591168885,-0.8220789435289337,3.056858893883921,1.1168871642825005,1.606329672878015,1
1.3773665787811513,-0.004654026156600155,-1.7321859867334597,-1.7306809813365167,0.03491292304930251,-1.581063807138048,-1.3996442442834016,-1.2109759508672384,0.47435877354671574,0
-0.7255183044419155,-0.5499731840016374,-0.8702961261073087,-1.709592807901084,0.23443087920809724,-1.0135298927914076,-1.5568126122021022,-1.9685686847098154,-0.007331394607590291,0
0.8782055654366451,-0.8470764560043107,0.6746493713506128,0.8791803298515746,0.927396637999686,-0.04875513733668957,-0.5481196948870235,0.8362623878619752,-1.3885158228057974,1
-0.06274852556915117,1.8758460802607575,0.9128706106853883,-1.3152826867801464,1.0861629698358792,-1.7295634144562197,2.820928017446186,1.334478912406429,3.4246313825642183,1
-1.3247859103992252,0.4074912339763197,-2.487583695668082,-0.7638876575903365,1.2561468396783386,1.1509927365441892,1.9184391637935372,2.479638399839885,1.946153913892878,1
1.2647695267749652,-2.4021804552101775,-0.6060610384834326,0.12090489771803614,3.605684589990782,-2.0947252467892303,-0.8151920329117945,1.8813865024488443,-1.5854718248630797,1
-0.018166881405454506,-2.1271066852906992,-3.064621884770088,4.086485304196746,-2.5536873253382373,-2.273123214505473,-0.0029816243511815443,0.3738519841751202,-2.6495538230796223,0
-0.24132138793785318,0.2982604547048623,-1.411333043985151,4.188124262875423,-4.137046974296755,-1.6500469278597003,1.302279724561862,0.6030732681482438,-1.0028211995359602,0
1.445635046658087,2.38838620266365,0.412051827627125,-1.1039828143083534,-2.8667493616353013,-0.5005420407805624,1.5907328409971568,-2.3107450882283356,2.933807438092568,0
0.1559185860511121,-0.6237804042000745,-2.3377993317121457,-1.4823995100800516,1.340988080191408,-2.2269348756844636,0.6852911205837808,0.13855903568276196,1.4928827353066287,0
-1.5452291149986712,2.5689362599093926,-1.857143614717355,0.9354104963987901,-4.030234689967195,0.15259562950175565,0.5186099749344247,0.09359668354100203,1.2459400902356055,0
1.7032709260173449,0.31826237297941007,3.0818535593377536,-0.646556407426975,2.348661232812836,0.15520648153719319,0.4344424448254951,0.9839576655331074,0.30039572072777554,1
1.6834148447426684,1.2938730227800777,1.256076818432767,0.0893698558655569,-0.3257753590436548,-0.3325260277403852,3.7680857835239405,0.4504397310529984,2.9060797985521174,1
-1.6647890014327629,-1.3610528622431977,-2.216683883436885,3.731692706715081,-3.5999275339795807,-2.9330376516477834,0.3497121353409931,-0.9352011808646146,-1.8233084636279593,0
-0.3364355776120064,-1.859777127085258,0.2874957519099881,-0.6048552663056332,3.511361884433513,-0.7077032424373738,0.5987096846752731,1.2027023898515266,-0.1837901545154614,1
0.29445459730197204,0.4620426565784451,4.5947170500204715,-2.7388557033217853,4.115888497777193,-1.3514209834370803,0.004731305511645134,0.009055994499635345,1.237324889085587,1
0.4833206786258894,0.20478844329074875,-1.671605930090001,3.472102182024724,-4.527917096963236,0.9672305068002194,2.9228866142089602,-0.49227539759247874,0.3094391343940422,1
-1.1208492678116218,-2.4298625492168027,-1.5904285396273878,-0.6739619996024182,4.555660332737483,-2.817321136220669,1.0256930569521896,2.471836820126909,0.22924851764611046,1
0.020692582854259692,-0.5580298803489092,-1.755035935523483,-2.833423230845078,0.6458251334066345,-0.599373771796635,-3.2410440434243704,-2.229378543995973,-0.42200550041562007,0
2.208348264339871,-0.39708857074674175,-2.8529974691923963,1.9943652932446136,-4.292073213249377,-1.1617496802655698,-0.6892140807707521,-2.1348147196363456,-1.1078691482018381,0
-0.24761153644145104,2.9352967362181284,1.0341724913100947,-2.464781829440244,1.7580358022102496,-2.012568336139516,1.8476328274778435,2.0419482865659933,3.8548484520532327,1
-0.2867063218036532,-2.346196650889854,-3.1083157235093095,-0.4496645410869696,0.5846471067807654,-1.3059542935661217,-3.2317145120924926,-1.0475117402419185,-2.395805178510309,0
-0.8934190858392855,-1.8787092586636205,-1.6834039769997422,0.08858022932278486,0.5050090154002703,-0.8666387081937897,-1.2836842141450902,-0.7051627254521564,-1.4245271753012585,0
1.0162879427566356,1.272442237411778,0.5603855461118163,2.0598079209300737,-1.8510047961844776,-2.1760279216203875,2.8259326720368723,1.0266486621365547,1.397669300893286,0
-1.359066496888782,0.1707733406982439,0.5940819420670456,-0.38348857000547754,0.33901356119093246,-1.9161676953306808,1.7994078082029452,-0.3743774951419956,1.618798240857367,1
0.5403741309310379,0.1543943088353834,-2.226516391344636,-2.4346254787449415,2.1656034947078546,1.2460395623855454,-0.5439905263992861,1.3177117121745345,1.1384792757862638,0
1.8209672252662306,0.04630245272252065,0.18111181372876017,0.33665073461527406,-1.0803297251276995,-1.5641884925838476,0.5491274364987395,-1.1640677205539471,0.40495430796114895,0
-0.8561076526564303,0.30169153017386574,3.1286086017875125,-0.6195847809203257,1.15355638528816,-2.7051718213410436,-0.3184462694556687,-0.7773394886959926,0.15242776115207352,1
-1.6199198031884334,-2.649859643846664,-0.13715015949899134,0.43934490860102726,-0.08028897858496377,-2.494700348419453,-2.5901202375012637,-2.855594090165888,-2.755184531472082,0
-0.8776965135165605,2.8095025994618785,0.5493560210605711,0.4268452584550342,-2.1435912534083794,-1.9986301731570657,3.7049048817876895,0.5920743340848533,3.6138679291823053,1
0.46313847997504015,0.01401681413221767,2.7112475665328803,0.5532597067304255,0.6428385976179681,-1.27005842200456,-0.2621253984736429,-0.035466882432185765,-0.71722694850302,1
-0.4267864709234251,-1.1169032947046795,-3.0972283901369955,2.604165911754169,-3.658574814379918,-0.9786818750638939,-0.5521521848425981,-1.3583191945868067,-1.7241374818198187,0
2.7859119139940556,0.7504963839557185,-1.8434590224555758,-2.108520917848571,1.8867232614566163,-1.225762054849735,3.890335723403052,1.4757716803178769,4.3701290790647205,1
-0.03496069615338034,-2.2024203275725576,0.8847803674774044,-1.570571794622691,2.477296333929276,-2.237687139932391,0.17536254681259877,-2.0663420205325367,0.19843131834930405,0
-0.37571790905371677,-0.14033810123743962,-0.0038844271712189515,0.5957457356171255,-0.338299898849933,-0.8285923647109367,3.3903895794004257,-0.08803724402307012,1.9620694071547984,1
-0.026899852489384587,0.5701248561547734,0.4115863410674845,-0.5475333586259608,0.6731106657902497,-1.409557592549505,-0.4515442630280675,0.5476135310164996,0.2972869726167744,1
0.5520083103157789,-0.9252111573127219,0.650454349771743,-0.48041782393529353,0.6218273599402776,-2.893572275820343,1.074926120852679,-1.5507570155109343,0.8450529413368874,0
0.8542675615783623,0.705372543427204,-0.5542619237821544,2.063679185945883,-1.6611986777675793,0.06051779933976964,2.0356764685057653,1.4052103848496216,0.5215058221284026,1
0.031769712697634976,-2.7847649536844137,-0.1451583330831212,0.33630337975074487,0.23495724479899008,-3.281107920765787,-0.5463960774200913,-2.88735103234569,-1.315507009403636,0
-0.9466099102115474,-2.519385979585244,-0.4190455690778383,0.29093313851244496,3.6102853144652305,-1.779982074274125,-0.9515247882793916,1.8857977056716801,-1.8786778865826075,1
-1.3082191978963706,-0.44705375172842055,-1.4509603623467207,2.544374337125288,-2.0082433596317792,0.3031876062341179,0.7450008085744325,0.6767977691488045,-0.9924234514573294,1
0.013835723222394625,4.792773167633122,1.1381854582071531,2.0373873351411067,-4.4115891048617915,-2.018128616940632,2.908805619923039,1.748137625328745,2.9498862884952435,1
-1.7548708515422513,2.1174469236697466,2.0344393003988888,-0.21002924479468876,-4.159129539965553,-0.24484555754228265,2.3749570367884996,-4.029207515225323,2.7241741371141908,0
0.4504119599294666,0.01511692361106598,-2.964002824333434,-2.936984003045495,1.502953233188538,-0.7353302579637004,-1.0106693501773587,-0.06758106561601196,1.4152505112589018,0
0.5063634710620628,-1.0813171390475254,0.3352313717360934,1.5305918046119782,-0.10242257970466274,-0.6319264876539841,0.010784883929330746,0.12898588177842385,-1.3326622297904853,1
-0.9747351819124206,2.1026861589871473,1.674064766035102,-2.160042822216504,1.702810959164281,-0.3968705675182673,2.5082263634359876,1.1440889536409427,3.5763507184235657,1
-0.08096142473677351,1.8327074237469811,1.1082468845725253,-1.4391352070591878,-1.147732722474013,-1.2020636059412255,2.294740640520404,-1.674364869092276,3.259799472815959,0
2.391873389457284,1.4002322105496194,1.3349869512355668,0.2609921318615014,-0.21086979373918643,-3.680557366501831,-1.6118446392372294,0.7268705794026131,-0.47172764776472215,1
-0.02794777127829265,2.490897831118713,1.1204124828124677,-0.04786476744516266,-3.108381771076464,0.16773508190149333,2.3174409432730916,-1.574518447288872,2.678620511429287,0
-0.9311578501566012,-1.6300640774642972,2.7111508630719356,-1.2938703562917742,4.379097961238326,-0.3082166845529076,-2.2486306625974426,0.65505307949498,-1.9270777846258127,1
-0.5221301862257478,-1.858927662279172,2.5901676286191684,-0.418263158411313,3.0527853861612826,0.8362065344174487,-1.1399555749914039,-0.11079579972955744,-1.8060167574697474,1
0.9427637251523103,1.9894460930409452,0.9021594768396007,1.1797347899726027,-1.7548226008261687,-1.8976959265609203,2.149541678312947,0.8547106996666335,1.7021083727274977,1
-0.189751557259683,-1.7076378055197665,-0.7340420756836201,3.039256932312497,-1.9289999912423217,-3.149924434329478,1.465881809910849,-0.8912443620039667,-1.0341544807858976,0
-0.45039444081544955,0.10941743704790152,-0.13333910738871568,0.4557897190903717,-0.08485297934150458,-2.65075768198055,0.5276272571637762,0.34345516921356944,0.3877968067805592,1
-0.21016364755600753,-0.39666478629643864,-4.275740636664108,-5.11596069329509,3.0753762882474223,2.0739409964858635,-4.124514476554454,-0.09339621922387242,0.25931075498995165,0
0.684083978776116,-3.667529845394321,-0.3505987446376333,-0.8777562132216263,4.690939974816248,-2.0400361117724035,0.47450276269332203,0.38343460686390296,-0.6875168855873431,1
-1.6515397134301908,1.1296830945566847,-0.8764763494703305,-1.4616826381798838,1.5955528259770806,-0.5551045304216233,1.4811859508935976,1.97725293719231,2.3479647245004447,1
0.7633194514331476,-1.158429610808322,-1.1391658801008877,-1.8388335741453554,1.5666282499916857,0.6307142921184736,-2.8168099288731634,-0.845930427269891,-1.2557167587711842,0
-1.0595185846941766,1.8268755429058887,0.4706767594411734,-2.3252624032667595,2.4362244340717365,-1.1521482037391906,0.967008695916006,2.123527740170511,2.6661408697537126,1
0.40239116902820543,2.561936761043058,0.9559765508071458,-0.6585520347451241,-2.162995241555091,-0.48609808878568017,2.3636494406931448,-1.0073901205713227,3.1203196308853,0
-0.2636990658730787,-0.4720648233066861,-0.8239180361995109,1.2584933169312356,-1.5206597397110375,-0.4092120441978382,1.5205251504747785,-0.6631134309455495,0.30150915336029815,1
-1.1341944231152694,-1.3731399218681937,-1.255033558530384,-1.0607809091090814,-0.5276352948456952,-2.9488651967728803,-1.8902243292328336,-3.133117075619802,-0.6588275506790701,0
-1.5904302585192973,2.3188202917462997,1.2893724589271218,-1.2159507031859862,-2.912398420923578,0.23025555988188784,2.0379837685793745,-2.970656122935125,3.126728788375913,0
-2.8485270886516063,-2.304868457585253,0.3827420930237837,-0.850398468071889,3.1408440956835153,-2.1448080885403384,-0.5638914032532794,-0.23205327744378557,-0.8135053132706528,1
-1.1950705635150563,0.9681178524105453,0.6453510163369862,-1.612124663617757,1.9624445589370632,-0.37351601709577165,2.51706522833818,1.2734216144530834,2.8815441738775793,1
1.8041190919644037,-1.9085287310899837,2.045763146465223,0.3619622759025154,1.4991870816336355,-1.3342430604172981,-1.1542548291008528,-1.1337224758270548,-1.9259036376882133,1
0.25289279569030954,-0.0075770964072430225,-0.8761276098077875,-0.8221118800290604,1.6755759065107183,-0.16888246204746005,1.4686379613724871,1.4992688149106015,1.4600679532085934,0
-0.3389276313491429,2.126985456745916,0.018526787720542837,0.7995203446659979,-2.986821653954752,-2.77393563151771,1.9708706377416263,-0.5905266026818408,2.155634327056323,0
0.4053541693291353,1.6685841548330982,0.5464693970123451,2.8870183202678743,-3.837132247424257,-2.3193496746300752,2.9665561476638063,-0.019323324069317138,1.308108597965581,1
-0.24192112713228958,-2.256695174334902,-2.7210294209247103,-0.6301625207753001,1.175064805832806,-0.13343076270929777,-3.3178698090563645,-0.492824844389259,-2.5104428835162187,0
-0.9893782707397202,-1.1894405882932644,-3.1310189858141677,-1.6402043903605181,0.2141791241122707,-1.3567830028088863,-3.2533267914116637,-1.5052237952302459,-1.1791331868789685,0
0.6633830488473854,3.255773133166954,1.070397974546569,-0.25652078421965374,-2.6558414825113132,-1.7767810507213095,2.6602592513247263,-0.5174272503415505,3.485677515486433,0
0.7025030190633578,0.8160048309351462,3.0388532481820487,-4.466731881436834,5.792514110284257,0.1178774288514286,-0.6801603839920938,1.4670993417593978,1.8642607874149761,1
0.14765184053745017,-2.5847946418978056,-1.9808680904458438,0.2896307790734023,1.4540257357046689,-0.40192863985525495,-1.358278678205108,0.06600404574316077,-1.9691693852852084,0
-1.8290944139212169,-1.082123997795542,-3.587553763481673,1.4579373251243573,-2.1753112852138194,-1.884305135777928,-0.7518580463731606,-0.6405691666177529,-1.113154172878191,0
-1.3383418253219395,-0.16405459776564335,-0.39515242071360235,-1.112554226905961,1.9082650848167524,-0.18210652077779188,3.278605512496572,0.9558553498251399,2.73717092044304,1
1.0611317569487992,-0.34707085548792327,-1.3670411998055143,2.398065206313806,-1.2826390808280113,-1.4798319409755627,-1.1617690064860606,1.372933640089522,-2.0422155940750777,1
0.8253075172403137,2.6822367443407096,-2.288802607191087,-2.7830985374084616,-1.4884580758147001,0.3120181444899073,-2.656021384006272,-0.602891104741375,1.3125037917221645,0
0.06666975541378523,0.927222718834871,-2.13952084810792,2.190480953354257,-3.8869998913054133,-0.692483447865485,2.9386452110840073,-0.251682618303241,1.556903287914672,1
1.3658566253313404,-0.4401580312364972,1.54747624215236,-1.0120008895332417,1.8949551335201291,-3.0468289751125934,0.5299652147881525,-0.4578051182790033,0.8138038150438278,1
-0.034313330749808996,-0.11152075403759554,-1.9560120803797856,2.2414737588740303,-2.6425945860372577,-0.571191781580964,0.6157563544670485,0.1094080258328074,-0.5698174420637887,0
-2.3214853420775783,0.17223033790069087,-2.5852179475841393,2.8617790040465234,-3.607761691527707,-0.41118271470088397,0.20093028210040875,0.3214269003473449,-1.0046659067509403,0
0.959575892385135,0.7863961316170159,2.8732663423169615,-0.018803518482005566,0.1854002057214784,-3.305976441586155,-0.1452319853812829,-0.6369294145716524,0.24006036432377145,1
0.7207272382960683,-3.236013318792729,0.9261225271331508,-0.3846769217426156,0.9935701998475722,-3.4204025921273002,0.46773864908052687,-3.9181163418357663,-0.5033540325779251,0
-1.362029682001001,-0.479342835654897,-0.6569976348800646,-0.45228018868333075,2.0398662438998474,-2.097030080957225,2.3922125809140793,1.484700654359575,1.804820434329604,1
0.6388688736788816,-1.188686974940903,0.43944952313473373,0.021372512601292915,1.294243194495514,-1.2913070967111997,2.1029081330262045,-0.21004866203839923,0.9228239022132699,1
-0.6629899612710476,-0.7119883148950783,-2.3562819762322857,-2.638692828398968,1.336518085224732,0.3568066638141094,-2.6760779274972917,-0.943275166666198,-0.3200671441636396,0
0.244241052860572,1.7263001002510507,0.8647438397398453,-4.786388022298976,5.2604676224057165,-0.8409036383008843,0.635614266753278,2.490064428646784,3.647608004560866,1
0.033649958535531356,3.1482933498949284,-0.9485942578131099,0.34163531738144026,-2.9751760161448355,-0.41984947756844104,1.4721284708510567,0.857601902718389,2.3572568630638187,0
0.10173720583992668,1.595543520341434,1.5955346964297776,-0.5965648514924209,0.5026595386446389,-0.9329327391929576,0.6880270994218757,0.9134087266129649,1.3351890983743084,1
-1.7998395353884376,2.324594227733556,0.14210167874197122,-0.6334533874901442,0.2460078590441371,-0.34202722877200387,-0.47731699694414487,2.2625754629946555,0.9550587033514792,1
-0.32810928836024106,1.9872101753221059,-1.3210527245985197,-0.5619172662223179,-0.2542016031102454,-2.6587630432754112,4.886329961801556,1.6538124508126972,4.804978443903869,1
-0.5378283698650225,3.619233994280576,-1.0655241968241307,-2.668648161500328,1.5389977630743155,-1.7812527799903024,3.6549404883394194,3.3831330832196516,5.658410962399126,1
0.06839386063666252,-0.9446596682799604,-1.8536228706067264,-0.4608771565086689,0.21990767032821926,-0.1479902189079616,-1.9290685960716423,-0.40237365423662186,-1.1869123561263881,0
0.03650622238552014,2.641955666262817,-0.5689703982676755,1.2726040542668242,-3.226433838990988,-3.7129172822516163,2.4598698234541496,0.46971729690397623,2.5491026426532404,1
-1.374173452371543,-3.373841898803689,1.175011007202603,-2.0778405353226166,4.840407422272814,-0.6169440341593186,0.48455701963943865,-1.114831641953307,-0.10975077983517781,1
-2.8087245923576636,-0.553920612670846,0.4534558595679088,0.5578906807771153,1.4350251365515632,-1.561425236854603,-0.4494260247677424,1.4035451819343765,-0.8827800305638821,1
-0.6666192774947225,0.10506127225795225,-1.8414135497097697,0.672300185615359,-2.4758302778814762,-0.044951449663531484,0.20576779117877708,-1.2472288150070567,0.15373623281800744,0
1.5027276807992853,-2.0976144966751846,-1.358247827985088,-0.026671799228261794,0.948584985279429,-1.0640994352029596,-1.4252403967780496,-0.7300209151281104,-1.580610006899695,0
-0.21438893197677833,0.5420441601769083,3.2624334191163555,-1.3486527998477476,2.329371426789258,-0.1877432703473645,-2.877726097805814,0.3928849879416041,-1.3806377574061275,1
-0.36019790848493516,0.04104436391613464,0.10772746565925595,3.0014101489093212,-3.388930963454831,0.17379538360487823,-0.05536904557839861,-0.7050653795631463,-1.6531551595318592,1
0.041589067558433994,-2.465678572444933,-1.2202501549046576,0.520549279288391,0.6488942653774579,-0.37602060974789375,-2.286158669921603,-0.8786906690018204,-2.7001373536207867,0
-0.226644623566309,0.1764658082142394,-0.9957098482476491,-0.8042798006385545,-1.073744614797981,-1.460403890291323,-2.075576546851601,-1.634308563040665,-0.48493891713395176,0
0.1051599818512121,0.9432537506470264,-2.1795268224807076,0.3988093619357148,-2.7483411516059086,0.7408060585271683,0.14016366323612917,-0.6486217027775965,0.5788613716053126,0
-1.1818939743719894,1.005526904773201,-0.7529218359757726,0.07346940396805035,-3.180641942921724,-2.0745250528572607,0.809492296509082,-2.522184117802634,1.4352432538477886,0
1.9251131239369192,-0.014825025689467863,0.31028859768942607,0.7022439001377931,-1.0427506815822802,-1.2016192835631596,1.6761064628078484,-0.8309904961225476,0.8568605291449246,1
-2.6592811840473987,-2.636914186896598,-0.12168038734124775,-0.03757526206297479,1.6811637437846902,-2.345597969077448,0.31772390026997566,-1.2922731544392125,-0.6632639723422783,0
-0.71438655970402,0.73741205392107,0.05194147898679935,-0.1439542858312881,-0.2433770495676396,-0.8223157772229299,0.6516973941344302,0.2823326455921724,0.9050245167997023,0
-0.337749032701935,3.9470041246671688,0.28765516236536626,-1.203670373416998,-3.5044441145352216,-0.027485027781480875,1.7211789097653711,-1.2473702920486056,3.694491094031851,0
-0.12324193885113374,1.2442116641309908,1.2250665862963543,-1.0441968827084485,0.7343197730715652,-1.1956222405652823,-1.2267613600182075,0.4848261197485324,0.23952134828721836,1
-0.8811413088777623,-0.672172318798291,-3.0988168843712356,-2.551133803188419,0.9522901611211055,0.8615031746149868,-3.9002123383434664,-0.802620089412077,-1.1277556613332789,0
0.9412563966689189,2.1434623458167557,-0.5930204471072936,0.2305806952029208,-2.887823855896797,-0.7249663600621468,1.3625991758166245,-0.575432092644873,1.9628854746577689,0
0.3548565402577775,-0.33874544214996505,-0.3880601760068677,1.109800043509143,0.5202474912578022,-1.4642158287413714,0.09593595389613752,1.586157544619406,-0.6317427036795245,1
0.05860393952571911,-0.20608717139461352,0.26842570763918183,1.0161463864620472,-0.5448756249893512,-1.274489202931056,2.6496500724561103,-0.09192050150400632,1.2078583067754967,1
-0.3151920599234445,-0.4495664694858481,-2.929138961678513,3.071547373205493,-3.988669029153462,-0.5192251491995941,-0.2728794898209481,-0.47328442869978127,-1.613276275468876,0
-0.8975890047568621,-1.5053123750548933,-1.1479423132648265,1.3036051720420945,-0.7191833126905223,-1.5886771794043582,-0.6168466394118071,-0.7315157973872585,-1.4784860085948641,0
1.327500245455421,-0.647613060120158,0.8062704899510826,-0.4789252540316504,1.4420570298866764,-3.1060715480751546,0.36422306615046396,-0.2712310674286058,0.4037446347190661,1
0.16061130215516814,-1.2133773117357807,-1.594726250063062,2.554780329411539,-3.427749464699615,-1.29094373912154,0.3934095532370031,-2.072084187954335,-1.2284969289739822,0
-0.7180330821722741,2.364459833134881,-1.9568669487682342,0.5360297767858464,-2.962494119893561,-0.28586285598040184,0.6536913119022828,0.7151674811910134,1.471293356521007,0
-0.18331684202330392,0.5631666382743892,0.458389563950406,-0.17047315840214106,0.6123087559973479,-0.8218399741934831,1.4479813207244971,0.8750616239954652,1.276742381430899,1
0.8017851843284858,-1.2528917922574667,-0.6424522762634763,1.7979082947975624,-0.5934929149684527,-0.119344591482059,-1.2756587819271816,0.21565824388789423,-2.3444982055252304,1
0.22958739697570169,-2.896849699985053,-0.9160652505445624,-0.7582455340858258,1.464236726375879,-2.467390507438589,-0.8881404055326787,-2.282600804668557,-1.0073145934546395,0
0.8403635995547787,-1.2375692560330607,-2.3610440236647294,0.2587192048032326,0.5341961696591658,-2.8235464954037943,1.4846201524523805,0.35589623004756243,0.8271530850011507,1
0.9260675932328454,-1.0592699222387847,-2.6708459379281404,-1.9120654384537201,2.0584228404669154,-0.2831931173379786,-0.23612680496724947,0.40313332523118994,0.7592922328515016,0
0.8773622092064753,0.9449465796794532,0.1935456818795247,0.6989320241127019,-0.47015697709132814,-0.2844857639219933,0.4256952275900785,1.221512122762915,0.2501237302534322,0
-0.4983229729424129,1.4741620943881968,-1.0721702513536118,1.315535876543053,-3.153933040852995,-1.5372656457095684,1.1918840441759309,-0.2738641640063343,1.0572828027730974,0
-0.19845643954403597,-0.0009646363195121577,-1.5266787619460613,2.0748887912048968,-2.4645018699124592,-0.8027820897200326,0.9066257130801257,0.017830210269948132,-0.26143970626269153,0
0.74761024527205,0.7139072704165579,2.2332300424599367,-3.4646097894301255,4.656127493886812,-0.5412831572192089,-0.47236154160361554,1.4364549472793855,1.5733626333386441,1
-1.264337301762357,0.5350675374419023,1.8016510994007247,-1.9536773687921527,3.2358011524237527,-2.003104311977876,0.15975723434693312,1.2692878528740656,1.2839309455320782,1
0.4150725096990842,1.8491486909714636,1.249101922676989,-4.057100047872483,4.587981703288828,-1.1363916369180316,0.2211919569022529,2.439358212041162,3.0037336898374525,1
0.5059343058207516,0.8805791653810424,-0.5185364778972664,2.388061057079088,-2.711087051296824,-0.5054710978212049,3.1528885911786335,0.5738919079060409,1.2785058816569732,1
1.2186081743344965,0.9348428915542064,0.9273663821224778,1.704588860568069,-2.8987077853031304,-1.7756620580087068,2.5010660916181107,-1.2341415025097784,1.294907989224676,0
-2.352786469885359,-1.5966548639184979,1.9687135964883788,1.3315436099954123,0.09722672176588197,-3.3477993384608062,2.0458317452640955,-1.6431323907859192,0.05901799736532152,0
-2.5460050646214696,-0.31103156994895476,0.18748159568598766,-0.5189191215237365,1.384290267951141,-3.6892401013455087,0.8846960368176244,0.25320125051245923,1.0285857841160309,1
1.577327297050473,0.6570584001450732,-0.8429782220222399,0.755995909768038,-0.3101548932121405,-1.615786389622022,2.106190106312777,1.4815899634430705,1.4531699868188968,1
-1.7547584182762586,0.19537756832499276,-0.13958203174597184,0.44026284133173665,-1.511703438924339,-2.48156648767651,-0.7218537669817069,-1.287601661034607,-0.30041079650282415,0
0.37835396935272786,-1.1165276819164398,0.2783640184424332,-0.43355294430264746,1.224130542518638,-0.22221951499943438,-0.8126381206268956,-0.4560056024317275,-0.8062401648144859,0
-2.1005143162337996,-1.3436829051150996,-2.593084682738496,2.0190646781753285,-1.3406031077587146,-1.5164808459829557,1.0310942125671956,0.21153315951394303,-0.5744513840374295,1
-0.9172066963350255,-0.780100496017828,-2.4495436028921054,-0.2505503861179841,1.7126654274137296,-0.9335865276885709,2.4727597302740296,1.978526434187625,1.7063157525981398,1
2.3464013239933985,0.4197510012811496,-1.1481696436747102,-1.2301564431250573,-0.021015894911629293,-0.8490729940121833,-1.325087464232607,-0.41469553172178186,0.24351040910167013,0
0.9421743035938688,0.9077255302346767,-2.106619977909124,-1.9518069603047703,0.6014945011420493,0.446309270489077,-1.2575329506377486,0.7184878044093017,0.8414129074807032,0
0.1707989039338024,1.6909999718540067,3.5926865199103877,-1.119017659362232,1.4513676591529328,-2.0856077695081803,1.1158139824355517,0.4533439581803742,1.825852011438061,1
-2.050139042555353,-0.4362779674479935,-0.7167675913827127,1.3605072410094725,-0.6168416711590298,-0.6543472163883188,1.1020201862299188,0.5598644072904865,-0.09759190278593832,1
-1.4233367948813866,2.161241147986708,2.054131250454108,-2.1918470311056604,2.1052095000666253,-2.0814350975803873,1.1041343238240584,1.3637443452968954,2.7667401088190045,1
0.5858172974674507,-2.1051449750878075,1.9065855339495068,-1.7830967284714438,4.267113587388287,-0.5944568463122848,-2.015360402555986,-0.25144923639506644,-1.5228828716222411,1
-0.6145293391735335,-2.4167268039803034,-0.97165553827317,-0.3354393085080192,3.5865330928563393,-1.8145808266768624,0.872206204924092,1.465240142487457,-0.15649124818154939,1
1.1272811234320694,2.7394797102269024,0.05828618208124592,-2.0503900411718137,-2.7889656239065395,0.704057396722684,1.1066610531030179,-2.5813327321338155,3.2499486338200563,0
-0.5438015954613664,-2.7452466751401152,0.6692233772448513,1.3571610070121651,1.4878930636203385,2.127104966436822,-0.2743423777990741,0.02814951297835877,-2.48575851010521,1
-0.2815065614207691,-1.1635326576750176,-3.4872704281238955,3.865712401045471,-3.6456157818480412,0.4101581880262253,1.0399388933330547,0.3586659809713294,-1.570281540127593,1
1.1927690016470966,-2.27864383600555,-0.8939128831084938,0.13448414868205716,0.2914198422022748,-3.6945685410920084,0.13577743487718874,-2.128575808485846,-0.4294623661948619,0
-0.2821595359874645,1.3858357313228684,0.14072462368251648,0.6855544774825821,-1.2821978600830777,-1.6390508258777907,2.2719559337731168,0.5528083297296487,1.8770069231682178,1
-0.0718131428510346,-0.769559762136955,-0.960898441046066,-1.2394041134962086,1.2406037394360683,-0.9405658129243752,-0.36912840521328016,-0.41549456324013945,0.32338418166287286,0
1.4960031695555258,0.9147340529111998,0.5098648113399322,1.2202092993984102,-1.0134617773446697,-0.9838138946490818,-0.11621397955483248,0.9041224463673592,-0.37049159452644576,1
-0.1371005223902222,-0.037565499510881395,-0.8521449617126291,-0.761730903170972,-0.05087336749733105,-0.36819000272110636,-1.4649646750919447,-0.5513589407757082,-0.39340711626641517,0
-0.05435127440020237,1.1159810965944277,-0.02833625548204377,0.732900931809332,-2.2193793428203272,-1.758439672478321,1.774993580803046,-0.7921841964628236,1.5218953330805476,0
-0.0570799031958977,-1.9286210319902974,0.5330270508278836,-0.06696884476206089,3.7699388514923786,-1.236136773596846,0.13119485488920735,1.908080920700281,-0.8603042987141999,1
-0.9481239464325425,-1.0744218977132867,0.7829839953336861,2.023732971536738,-0.39786965599824653,0.4671991510084035,0.3866342879176108,0.21380439938772533,-1.51513938334845,1
-0.1020382008184647,-1.3858789760808221,-0.01622095278444935,0.5383906341044229,1.5934389648918195,-1.284061231497929,-0.12882570877281796,0.8372347293445475,-0.9640403476542283,1
0.5661209469499078,-1.497815794101112,-1.6594034369247108,-1.0251384409669604,2.6214216530800476,-2.649423606630318,1.1863904927295874,0.8156375150336012,1.0728600733184783,1
-0.9246922305235321,0.6900620225002578,-1.8785458614026638,-0.4390329797873427,-2.077425914096399,0.44501468186009707,0.1512525199736945,-1.2774326475644653,0.9627589328983727,0
-1.7415696502511249,-0.5863764291329925,1.6006542219660571,2.459552436310321,-1.071874264186338,-1.6376074460146626,-0.6814667777313992,-0.12302497647913868,-2.139319535489325,1
0.669252564126162,-1.9195542724511747,-0.9567723796102423,2.0266773178448227,0.5490803613217208,-0.41946405500696193,-0.5239814471228537,1.2123228414790614,-2.2763241332228463,1
0.9013767164289195,0.07200304332425289,-1.1247224729932221,-1.476394859880607,0.6743994118870561,-0.5363484626846599,-0.48827729823985755,-0.26119682969342517,0.7371295238479922,0
-1.9095827671969017,0.8653706624917412,-2.506315418624073,-2.625849637726213,-0.8971742155492353,0.1533721357663418,-3.654600311841105,-1.7319193012023804,-0.15975920331213941,0
0.5548672402144881,-1.8014076376585944,-3.6352158142422692,-3.1635615146289275,2.8848769781492143,-0.08135610634063184,-2.1124331347509884,-0.34360637069222133,0.011435203811243796,0
0.9852201728091007,3.447733413833769,1.1932413778799402,-2.1369887225948854,1.126050235953787,-2.0513450903374473,3.9115312081079066,2.0976100647939018,5.273111246951498,1
-0.3150636095991657,-1.0549517384456681,-1.9665749760799756,-2.128990185623688,0.5365471942762544,0.16140191467549103,-3.069829585969057,-1.960872018496026,-0.9854399060309227,0
-0.5446233893382973,1.840372640314861,-0.4701027505247447,-0.32969953676485253,-2.5691561801385805,-0.34430474400238453,1.2345670130168958,-1.2160912488160638,2.040356125177372,0
-0.47740623159781603,-0.48761294857239146,-1.5405633081940988,2.0329170710164495,-2.6880466890012764,-1.8586973776536033,0.7237859370682502,-0.9850707456494319,-0.41654801160509647,0
-0.2345229260809859,-2.2116916715438455,-2.176184238344499,0.4488117558467639,2.1629088192264887,-2.3856300175076024,-0.4449879090437714,1.4533854591602933,-1.1640260661053454,1
-0.7149058470495814,-1.569646655642913,-1.0067181186294973,1.655300982042843,0.8073827270087002,-0.7733772313118249,0.5090426392421958,1.4756658596329086,-1.1970547241860854,1
-0.24967296780826237,-2.6450416562162236,0.18354488997970408,-3.5501549552943805,2.8673816549614894,-3.3245968180147654,-0.32054899519150104,-4.156330713518887,1.0936727491861118,0
1.3350518667941367,0.3143705283566045,0.09662315072412286,1.9162499056249311,-1.5919543445824849,-0.3651049358482348,1.0854842608626574,0.508452798826923,-0.19922123480309747,1
-0.6400996517169069,-1.5659153206904721,-2.129978795306746,0.8895977076445342,0.7046600895596887,-0.13473931038606168,1.5042085462572268,1.0609827905179476,0.014975246004982599,1
-0.5916436402635217,1.1848751762782554,0.92316512187114,-3.6639362366146058,4.38078381978785,-0.7938771001706989,0.6223510087214223,2.0308197944222837,2.79016601004686,1
-0.5054495213555146,-0.7312540655364197,-2.204604792323141,2.05282212909035,-1.5922969130599194,-0.09094628798635596,2.078475769153937,0.5806899591855229,0.18441991394145033,1
0.2811651428946169,2.2782709047942253,1.0937287582951192,-2.023922638864486,2.0247917223790566,0.6570993263165281,-0.6830440244925602,2.421815431164589,1.3333405738298576,1
-0.19354574916758863,-2.0454162399572104,-0.7866802546093599,-2.6039349965922365,2.231568008896272,-2.771350086725816,-0.5023490837786542,-2.569774280658234,0.6933300223396496,0
-0.09477067200513166,-1.4004492544310232,-1.470788553556908,-2.5141211557121235,1.3988285754455763,-2.758633645588393,-1.4544043427620046,-2.347897260174986,0.37773726268264385,0
-0.27199997230813616,1.4818013464136572,0.14988128735606243,-1.1663326514087164,-2.654909992502321,1.1946900640210836,1.1268135563954988,-2.8880817364177744,2.159702794196631,0
-2.5259612817693786,1.199014419627593,1.3653521499900356,-0.9340353018906737,0.6007309863995988,-1.4494459069164845,1.2711536080491395,0.21268249777537063,1.8564418931489044,1
0.40741803465197535,0.6223635003995516,-1.5431928040500802,1.0444684463392815,-3.4356537495198527,-0.6786422427020085,0.3866141858925336,-1.6097590078217925,0.35258750421601526,0
1.4356771037997966,-0.9386731266117823,-0.23529749773357822,1.955869636263996,-1.5144132145888116,-1.9200599902007995,3.1587565165209592,-0.9056790022397492,0.8761820211400544,1
-2.6154689600038497,-0.881505272823283,-1.5480892990010138,-2.898309661903688,0.8941576551322914,-0.34497500704893247,-3.5239282629922513,-2.4540319328065925,-0.7601610406298728,0
-1.4798649055088138,3.051388360067988,-0.2902615411668925,-0.9261668041909823,-3.4362323153225676,-0.21853273110902183,1.2355873408947442,-1.6203233233755405,2.9228659713504124,0
0.38192167000300953,1.4383214887717466,-1.4199831854728289,-0.11714195100671443,-3.758920874386185,-0.49772339263620236,0.2122935319964956,-2.4294718039911762,1.2785959297709986,0
1.6841704063406324,2.6553966557543633,-1.2667914901793704,-0.0018073379455152416,-3.1697610102777265,-0.36809282133526167,0.8818152293444472,-0.1895503163372213,2.035075671327022,0
-0.32760752609211174,-0.3260651159738983,3.9398540662686505,0.2878078127572452,0.9251493568301131,-0.9693962013019887,2.3225332445195743,-1.0833347293465354,0.8883237498389084,1
1.5921979140381801,-3.5780890925403304,-0.6044976397840458,-0.19989172315492665,3.7705559046779706,-1.3939380686507687,-0.8597570805072219,0.3735289159046393,-1.938850118033021,1
0.39254781523740595,1.6355263788722931,0.9933186488223692,-0.7720979150862414,0.9705724389951007,-0.8788536732400556,1.0188080217649764,1.6405161925350087,1.6958749788357532,1
2.1279180747572566,-1.5691030261223369,-2.0381606661683356,1.8914809573315794,-2.9633994443358813,-1.74457836766981,-0.06776989250487242,-2.498166313147223,-1.205744072176048,0
0.25026173764547277,1.0219738283337607,0.43452386793103126,0.6222803156865249,-1.992067386901703,-1.8406239951819163,1.9610639062732051,-1.0009678004422295,1.6248666447589353,1
-0.49122441461711286,0.9061459838167327,-1.6539263100046404,-0.19991587128734456,-1.118368600771507,-0.9055210350792101,0.8132800800220754,0.18437258603387896,1.3639208889165817,0
0.0885034738178818,-0.23370859643169406,-2.3537209094232026,2.415339691256235,-1.4579165264679905,-0.6116202629893825,2.070083364553078,1.7919387597402812,0.19010554796919757,1
-0.4918794548144672,-1.1439668343524234,-1.7362123151246796,2.5983026907490716,-3.440430536047279,-0.3513029528681235,0.2127699099938518,-1.7820792299893942,-1.4288584160583184,0
-0.6425321688062371,0.9281419940958063,-0.04078064802009895,-1.7575033319685125,2.403197589164784,-0.05040960832254382,0.6964780175243986,2.0474273808907477,1.7295589612536268,1
-1.1645467781101164,-0.1688191594050199,-1.3761610982698644,-1.1183006938457052,0.32152014435112314,-1.807038886921572,0.19136188947383737,-0.5927777430742609,1.0568352823787868,0
-0.4949118732998493,1.0649554662579037,-1.8522526024865154,0.8542097523373754,-3.2202377154307897,0.15474466088786953,0.3461971574485785,-0.7911157819759693,0.5420551654722258,0
-1.2389659448048371,-0.8677037288982752,0.0497962268509049,1.431078070130953,-1.3539494330392892,-1.954695129662721,-0.3803476430459918,-1.2638910931741147,-1.183921658972035,1
-0.18847681889449142,3.47143432933467,-3.0210948597770892,0.5985199816352731,-2.7646337386085507,-0.20578568925072993,0.4080830299324577,2.9196758810210746,1.7616243230180195,0
-1.4680216487673514,-0.009678582761345034,-2.0918590904544567,3.5176047076502153,-3.996384967464827,-1.8628266049622058,0.632558398774491,-0.025691419370929336,-1.0697910694865203,0
0.39580494073020817,0.536780253581604,2.276770626936253,0.9763450467292738,-0.1379073212314634,1.2567503023809956,-1.1169500241267176,0.6140801426202425,-1.5004431977992696,1
1.4425781722524427,-0.5994034830952707,1.0895586648884072,-0.662626488620826,1.911395419569177,-1.349352250733142,0.7074151741440389,0.17628293998030276,0.5279144477490018,1
1.3602949929499102,1.459354115755358,-1.1762481252284154,-0.33918212081088295,-0.3185135416123484,-2.1358545223026706,2.17332328352545,1.2699627538216132,2.5795774237493703,1
0.8977215684594247,-2.181515152412404,-0.4442743898522863,1.7089341977529497,1.1972603892992777,-0.8607797868848857,-0.8373472651896032,1.0403812221093431,-2.4481474118367266,1
1.3427953154217054,0.14205777894465865,-3.019820285657672,0.30683261984646326,-3.1003301715944396,0.1864195832516482,-0.849282236012608,-1.7490133545033522,-0.16353650001079412,0
-1.2570530746434425,1.5585935571399934,-0.1773592025808114,0.3105082786981298,-2.2447323733231688,-1.4011302375267343,3.0397835809935505,-0.717027280220552,2.789314989034718,1
1.5681996905274862,0.8392933016682618,1.9191111963195553,-2.7305245460869125,3.100845125607264,-1.5892201528330165,-1.2891651291696662,0.588712208596368,0.8763834143686803,1
0.13490711633812782,2.089289402704391,-2.3074687262620577,0.567202372663693,-3.7034061495073205,-1.346572954936497,0.14189053114427153,-0.4114469958283443,1.2070931604095942,0
-0.3494712379173766,-1.3205485403402113,0.4957681037451569,1.386427824923834,1.743737214128404,-1.0263694583716112,-0.335365360113661,1.8645297948891875,-1.7045224959054597,1
-1.8766903313378756,1.7393483773581124,0.5529020488248471,-0.9693953923389119,-1.903291192851514,-1.9564750896996852,-0.46671946181361856,-1.879443416076711,1.2633971053688824,0
-0.13729106791036658,-0.9146124832299467,-3.3670970245846092,2.9113522286204208,-3.013186882245736,-1.7778562678370968,-0.32850295326035983,0.0971227243583137,-1.6447078538839464,0
0.47830039225468934,1.9515902586453948,1.9544340581133257,-1.0695555592940844,0.803233419890024,-0.9560071679057095,-0.10014183361342388,1.003658134448685,1.1799698972938155,1
-0.16224853995849545,3.1411592259917818,-0.3193528142292199,0.6000019178620044,-3.0581244340889966,-1.3564326862568077,1.989978600174644,0.6160911782533416,2.57735343328488,0
-0.5615120214444915,-1.292026007544179,0.06803311339272877,1.8430981836750102,0.029687296284198965,0.6203375709638823,0.06492006857524424,0.6650310189196287,-1.682577104037805,1
1.6766353406369636,-1.922708714388701,-0.6040426774771828,0.45634829261377086,2.5083423888574856,-0.8310034846450689,-0.10542729281137708,1.5817666276358648,-1.1670494560634521,1
-0.2899988843469592,-1.9471196247193525,-0.5969791856242259,0.517166554366036,2.846241064012022,-1.1993629055975479,-0.9629621882522135,2.0327758326039884,-1.7862408365258124,1
-0.8811530623462598,-0.16425198131260843,0.49789296662899474,-2.5344991462072004,3.907164025274409,0.2540566488972742,0.8852334202824657,1.4545799060653624,1.7223278143622485,1
0.8143398145678733,1.3434540757981774,-1.4935769774076366,0.7838741376916168,-2.9620074443522992,-0.8522565555324322,0.72943136802948,-0.5136268604479688,0.9907239093014016,0
2.839622914807913,1.787373560707112,2.691556009158881,-0.8614643061084922,0.9977658697098479,-1.2163008841153546,-1.726042164482307,0.944930291054755,-0.17107617757175866,1
-0.6557512606391394,-0.5909194827871922,2.9912518438180093,-0.6896928722317317,2.0107878776721257,-0.6719383915605872,1.042603444259415,-0.6336673511022013,0.5140459939621662,1
1.3422567828601808,-2.7969342079484303,0.05978434995059967,0.7058930416573035,0.1637296507624699,-4.0472317891915175,-0.0775201506989881,-2.7556855378733363,-1.177414640603986,0
-0.4140052351384046,-2.500795919231775,-0.8848258142320539,2.450072116664802,-2.7701465625988395,-2.640854545824916,0.5734778389657273,-3.420278863744491,-1.5208551544723021,0
0.9211890378245602,0.7751969050965843,0.23346495574464465,2.4442088697155966,-2.2239930958116525,0.11415623204890157,1.2342321526610653,0.8627499176480717,-0.26466144670685804,1
0.16014416491537442,-0.018589831101332832,0.14364941470017456,-0.25093791988496983,0.9971785866360582,-1.0990729529496326,0.7437168689971813,0.7195682596327792,0.6582768811667281,1
2.354711397744092,0.2164365981281976,1.4778219914926158,2.4684737004152115,-2.093878182030958,-2.4686948899802594,1.292843688717254,-0.5099176979248261,-0.32998341804165504,1
1.0284790091901104,-0.16832730914372673,2.49425533116599,-0.6585779859964496,1.9875179916061951,-3.044692470324505,-0.5594724722809497,-0.049837267019061215,-0.14114291142661842,1
-0.9529688335074052,-2.9409082861976836,1.736878010081893,1.583746173130173,0.609426497549675,-3.1130468417889134,0.9284227839417318,-2.1429115445452975,-1.405468883488238,0
-1.3126082671526902,4.373150167261073,-0.9687235100279716,-1.860238782656313,0.059569168979659616,-0.22885982563729113,2.200389152804443,3.54125181988716,4.420344126284748,1
-1.0295645922271728,-1.9920052649861426,-1.8893817080091329,2.214834035480393,0.7930145498646085,-0.3059941055917633,0.2150346949509565,2.1107757692836224,-1.8679890168803464,1
-0.34026967795417,1.50706672213669,-0.05309708971903593,0.321117767362359,-2.791414471086663,-0.592512059095926,1.5380458244682618,-1.3800525568837383,1.7096676020939174,0
-0.2597473833983092,-0.17734099729326736,0.37153431647671964,0.14889617118994458,0.5450244467733124,-0.6322854202679207,2.460077113238059,0.3058977264040349,1.4717460293312308,1
-0.8459336401029685,2.1334365883514006,-0.45307803122548185,0.8562451649674498,-2.942625253846103,0.09178513291359414,1.6488350590996483,0.07525596657628397,1.665961884612312,0
-0.5806352797527063,-0.4143653328361194,1.7888982840621064,-0.5870094500373515,-0.2625591601734838,-3.064648277015856,0.8850470413414242,-2.7554236227218443,0.9621026227934999,0
0.04420617488045252,1.3337637201287726,-0.7197466616077703,0.6074848375146376,-0.4106448438452465,1.127063811964705,1.1189118215137674,2.23778443508404,0.8659247584916803,1
-0.17059266479006882,2.235123262856962,0.27705917191901674,-0.5962579962069412,-3.691333787644535,0.31410401618943484,1.3227217671541807,-2.7701395782029117,2.3797498061372706,0
0.3705020108280917,2.6609918321084134,0.6315695642973373,2.141097147670683,-3.868397362084215,-1.8038034830421728,2.681272946805793,0.27799013692007724,1.9073379164858804,0
1.2445489907630587,-2.398129886744698,-1.0569543610810215,-0.3908222937551169,2.6890553927481107,-1.199140647584487,1.3415588259814761,0.3938779294636334,0.2287214226302495,0
0.04868388490154364,2.305504056535068,-2.1225612325326932,1.4646775362331472,-2.696322795729158,-1.433678417939829,0.9955008655427243,2.018716531553686,1.1952235376793638,0
-0.6582222437501886,-0.8212922102986518,-1.5514438971530267,-0.996902790333388,0.6849085371697521,-0.06549758072323064,-1.5030538537544995,-0.4608204053874202,-0.5923257483219959,0
-1.1162901703011392,-1.0316230696765443,-0.48071788384730874,-0.7334834441523115,1.6518290898871297,-1.0683596736946568,1.8811227646629214,0.040901476920004565,1.3473379871173299,1
1.305645561840047,1.2023044318704696,-1.9362429229248426,1.052324601060393,-3.0268726656462084,-1.221231919546647,0.5560595280214236,-0.2557553417255001,0.7354828997438072,0
-0.8033128584071165,-0.09305477065107048,-1.8007539200752196,-1.9904205205086392,1.4395462993302828,-0.5175346571053541,-0.1618472533147155,0.22957612371541236,1.2166034934762748,0
-1.0551859446311727,-1.2910340763600563,-1.1947929220865294,3.0958521407601935,-0.11049667643380208,-0.08544966351294836,-1.040484099953599,2.5637553333784586,-3.0163705794276634,1
0.8584588426390306,3.8648638946068408,-0.10511467246825101,-0.07749135795928275,-1.504305910914228,-2.202449522956857,3.305166922389559,2.391108077359454,4.089616691993402,1
-0.6807216091177045,-1.1630338093954042,0.3171568461105516,0.30075127644960076,0.25689756107860123,-1.8066833367531143,1.2942784220283823,-1.107709866250235,0.36544288994911817,0
-1.1795174566405118,2.5710798280460705,-1.145655410442312,-0.731320802471527,-2.513131812310811,0.1818269634586891,0.9478861837303818,-0.33318278195513973,2.3866263972746955,0
-1.2346454174818653,0.6035236968126638,0.03973020565078489,0.8343035068535603,-1.5984781086562494,-1.5982586824501883,0.2618841195025601,-0.48263592414573275,0.16902402633769278,0
1.1452166865716589,-1.0183157488870238,-2.03141772254635,-1.828210501748603,1.5686916371721145,0.6275483422941066,-2.640739482386241,-0.21470465324156096,-1.0044776450412645,0
0.8181755254714744,2.050433908874165,-1.5089428186799172,3.8945890069558025,-4.597202387477217,-2.6437290595008203,1.5627384506179984,1.7290828708884902,0.1669280009010751,0
0.894657451692005,-0.33440485739791703,-1.3144735963364274,3.576933286903697,-3.7089126853708434,-0.42108853941666313,-0.9802229796548445,-0.18587175226366504,-2.5573612547053286,1
0.6803028920604759,-0.91389860685212,1.6666030974354977,0.11123112138414815,0.2965935377580881,-2.749612372752944,1.9231840801884883,-1.783323616211045,0.9608690325619857,0
-0.9872492320322136,-0.8227431766045048,-0.1858663589823789,-1.746100659134103,0.7179005907140866,-2.316656364744138,-0.7184471177038072,-2.2423390427852934,0.495812109576527,0
0.3363218096216861,5.231969669146731,-0.6025155545453029,-1.264922425947455,-4.046498721520894,1.6923260981378703,1.296971853387362,0.1849775718430915,3.897877515227832,0
-1.609287086687434,1.6885564310299592,-0.3558235319055919,-0.03259785912079316,-2.1895836267017676,-0.05074660939996822,1.513099103230203,-0.6165524340216667,1.9086007271836676,0
1.3170586779673645,-0.9220702286060096,-0.4763851700638747,1.171452320540724,-2.054736649693703,-2.258428268892972,1.0863174636962414,-2.3164295016503713,0.08995168028318856,0
0.009347176365730014,-1.6308035472864382,-0.3922640817357519,-1.2107347342390633,2.921467427947005,-1.8745573242274711,1.7675906683089306,0.22581349130427397,1.3059706237135669,1
0.17541364182641137,-0.3889021827460213,-1.5266510086776153,1.9288130876303216,-1.690824304808813,-0.9648308001009139,3.0776313120619165,0.2576510781260293,1.0931516790148714,1
-0.9268848322861801,0.22247069621640048,-0.8657984216235988,1.2264464119462182,-0.49622824632786156,0.40127788780304563,2.9153363936939636,1.4638497865405455,1.356050515825875,1
0.15552503758365635,1.839201363911557,0.38300524162846106,-1.0939945951765386,-3.358817390258731,0.7933649567923351,1.1408410851976678,-3.4115216527224774,2.3370627017310204,0
-0.4986850239363795,-1.5599766881765482,-2.2988712092358803,-0.7749631504872498,1.770580572972096,0.01578410035661104,-1.6689522855430297,0.6599395848072096,-1.1547467621567191,0
0.05824436065938095,-0.9313369354120633,-0.11360237598613165,1.6109056822946475,-0.3703910047824506,-2.1586561898074814,-1.128460249763184,0.18303597479462874,-1.876486968449512,1
0.08918769723854421,-2.0108218673313782,-0.21695003120596268,-0.19817419983147389,3.5114363936728994,-1.9349319709300656,-0.5766350646379537,1.6703035493378868,-1.120120127706689,1
-0.7802171481376415,2.820652664924575,2.949920714019843,-0.6637127343069787,0.15103617693634735,-2.3210216338217258,1.6009381628913668,1.0064525460817997,2.489888703426972,1
0.343370349795475,-1.1558175229412149,0.25839682162971656,-1.783857319404694,1.2071689207449547,-0.18948000839794243,-0.9530619014774152,-2.082382412478493,-0.05885340653398848,0
-0.005722840904920714,3.01574296036567,3.01551393723782,-2.0203617790231703,-1.0471460277915141,-1.3025373480986695,3.6923886183178163,-1.8378566423293161,4.8308247136111335,0
1.569685680977757,2.8215196536401113,-0.3427934221595461,-1.3449067904072252,0.3855412692867032,-1.8211653124614642,0.785233418039745,2.2588522953330727,2.6230413364663123,1
0.25292720421312587,4.316839930235782,1.4862222987020401,-1.1273996678267744,-2.023777127256249,-0.3103641155386523,3.09042907753093,0.445226029758359,4.487333572981009,0
-0.14346973030439783,0.04020827898672641,0.20059947776542075,0.9138802500661389,-1.2655642042699116,-1.2522282263584703,1.474676650058657,-0.7380294599617709,0.6431654314559386,1
-0.4449702029871274,-0.47242509779136266,0.9374973377713993,-3.2115565226497553,1.9693341550551318,-4.500736878143108,3.052164137073957,-2.88989535750589,4.089100665972585,0
-0.10885388073270116,-0.4673876975605722,0.721572740461806,2.3849571838251875,-1.921649686897501,-3.5953260813472645,0.13992460229007886,-0.90106351632534,-1.1418533909825732,1
-0.4968990471525983,-2.017177375727753,-0.6463422079145748,-0.9587476661002903,2.024054878035011,-2.410099358558745,1.9623249218766992,-0.9916721056924122,1.2881118503524829,0
-0.5223599258541148,-0.6350532876941267,-0.13076561185687796,0.7861575623130154,1.5926532526047592,-1.5695990820703671,0.5345582777740272,2.0331118519665807,-0.35255354200642436,1
-1.1741043803761713,-1.6427684558696165,2.0674631206994394,1.1960510711376302,0.3177640794542261,-3.0681816157108237,1.8270475157208859,-1.5969186064177547,-0.07617425195899401,0
-0.5900566735280575,1.3764096362767382,-0.3467161128760885,-1.5882787217776424,-4.63627026631789,1.3535112567694334,0.010629342343852599,-5.669469771277395,1.8444670637793292,0
1.6953634941799354,-1.167475890166767,-0.5882908662334889,-0.34239190251785967,1.9123435001145654,0.9056989953927859,-2.095280725246403,1.0435506046007832,-1.833818083091429,1
0.4927193465670251,-1.1678036443986541,1.733819019138676,0.047128281961015706,1.501223734062342,0.31951796879965455,-0.21599489491098134,-0.31840594368954656,-0.9478870008600384,1
-1.8929710769218067,-2.87589380409202,0.5260404808591248,-0.5329187337506003,3.996230267281947,-1.9169206842321667,-1.7487559601782507,0.5091555659154027,-2.139341871625592,1
0.20935433018761473,3.439244076532427,0.5722074242571431,-2.5842939036205026,1.5055258588605716,-0.8913574616608266,0.8735593796340664,2.5714776994262927,3.4223524188790577,1
1.3686234226985106,1.7103674757476544,0.6639188851419412,2.885633438764128,-3.7484012096126746,-2.6101146477588375,2.5284420238987924,0.06548302011979867,1.0392533377092967,1
1.5006608494600309,0.9261221939341115,-1.1251169496477582,2.5298577282419794,-2.823192343368484,0.6079192061479222,2.862724340664158,1.0840411744526441,0.9699803635022445,1
0.1626344699001771,0.05006633326462229,-1.8953103539728178,1.3948007946219887,-0.40847750440145136,-1.0123256975015087,3.4528685221304762,1.9285983147985122,1.7768026950964029,1
-1.8316512287136264,1.281318031869898,-0.08878356941896337,1.0703697485966546,-2.674922084720826,-2.5851885812380875,1.8386956471316092,-0.8214192156549792,1.5403637803972265,0
1.1634949996973813,-0.861449052763266,-0.8106476116176442,-3.155475050187459,2.0222276898303773,-1.5176566884955764,0.9083342704874078,-1.965247707398786,2.336495460149377,0
-0.08155079508977878,-0.7728859579499576,-3.3432123892950822,2.223956633310686,-1.2992484965150712,-0.7112561734990144,2.259067403683809,1.6077952947665277,0.32710033838616565,1
-0.34039515671586396,-2.8152136044739473,1.0211884942409766,-0.9426368178937825,2.926427542824288,-4.045527530975095,3.9669407633529845,-1.8845088700852262,2.244736039912699,0
-0.6499442953076904,-1.7162834922786496,-0.2002757810775393,0.29358299938893684,2.50393088042892,-1.6054025504918679,-0.8408122869414347,1.3753075733217373,-1.4435525735571526,1
-0.028366504429595287,-1.8364699179028068,-1.1235072231256453,1.1954007323358788,2.264307851237912,-0.7108758175886167,-0.2744163739061143,2.5260524722867017,-1.6568064527771642,1
1.7893744490951577,-1.1628223851733313,-1.6170815316878064,0.6911001141107551,1.0029418403264323,-1.0454206444953529,1.9041800246467566,1.3185786590111963,0.5752109019713563,1
0.1318177325967188,-1.1123635013954083,0.7674096983274232,0.733887568144587,1.0211115988112933,-0.7156522760838282,0.4699383168626574,0.3177259966910213,-0.6632152496812269,1
-1.656966455738728,-2.1904300507278247,-1.510375645381349,0.2859210345765044,1.1074338713221128,-2.774373398879977,1.0976265148045887,-0.45570424359061024,0.05220018172654813,0
0.71373521966136,-3.562826582910908,-1.6224428150247365,-1.4694203521207985,3.293248778355243,-2.142735915467637,-0.31663820384832053,-1.2590925638067203,-0.5479587801742877,0
0.0019129360209939365,-0.6570074303162889,-3.3229469905685955,-2.4563568242636187,1.4246379971036829,1.1400557353201761,-4.1205294337818845,0.0639928293663734,-1.3777825040362424,0
-2.9760324740095245,1.3681175637950553,-1.7604408623350594,0.07659971543821509,-3.4141968868694943,1.5513060816029713,0.10250423081151172,-1.4765248706939982,0.8567762695488593,0
1.1653255992232814,-1.5210790027226628,0.27042463843808395,-0.8343628554683797,0.2541698978097859,-1.577189907150041,-1.4159797284395268,-2.728175729272839,-0.8909104088301214,0
0.643913010296156,-0.5815283007631686,-0.2820402979796013,-0.3275159290856875,1.7129548391157565,-1.7133651068354574,2.373376936448337,0.9484598577577037,1.6293784964541351,1
-0.4191337935889047,2.18419309075275,1.264504119544403,-3.50570045871872,3.643430559485258,-1.5531647939659186,0.4597468450224793,2.2504138576217083,3.063810577140894,1
-1.039327298878074,-1.4734498326468264,-0.3367851308721903,-0.8188648854422278,1.7076927107265312,-0.6823465333927303,-0.5257265270884516,-0.47321730296260434,-0.4413138012444395,0
-0.4041539057073227,1.5771024661009339,-0.21452026263444823,-2.533888467725337,2.6409255784611823,0.4909564056990934,0.893177692802369,2.351027206288893,2.541699378927372,1
-0.7458785064361894,2.810783244470361,3.0881812914563667,-0.561254958775204,-0.051674962404908965,-1.4538671840117539,0.11617368949310747,0.9272663776019519,1.3415735771844035,1
-1.0434994950947576,-2.5934398462167576,-1.4534031368100035,-1.8373493283462254,3.250501209962346,-1.8848212653794525,1.9160442142884972,-0.7149061792917408,1.5152019022131544,1
0.43007764836748535,-2.9738281892082394,0.10604752505052817,-1.467918468930208,6.603122144907936,-2.4679867485236824,-0.31419104516654284,2.659339142808753,-0.7537999281837476,1
0.07123139745901451,0.8227423842565236,-0.6367889783745635,-0.05603025515049587,-0.17879296872655492,-1.36572123031403,3.2683140181193586,0.7770364911193296,2.7564398627035547,1
0.8990415328371245,-0.838262785995944,2.8895483463384135,0.14261226527348336,1.4994000402269827,-0.6904320981909666,-1.2169181410072354,-0.4702955786711591,-1.5704936369881952,1
-0.5199418374222072,-2.2550846471940025,0.508611922924098,0.13024586468478194,1.343444682127212,-2.3320441305056745,0.7702138513801984,-1.3943149060231805,-0.3538887592924341,0
1.2572349606742776,1.135427615439244,0.09829246339199971,0.9990762685512606,-1.8883187036990072,-0.8833259977775599,2.0901686091759926,-0.0334415529178298,1.4449915912573406,1
-0.33920476520988363,1.5234465543173208,0.8385294943301991,-1.2666257844292539,1.2064608181037837,-0.5907413852620151,1.1997758703476078,1.324333404983071,2.0549120622738175,1
1.7418184149597142,0.83653484184288,-0.9398352210207672,-0.7276862931124489,-0.19052022726083404,0.27455113868383707,-1.5826435134021466,0.47473039531507566,-0.20685358208676835,0
1.7297873874562433,-1.3652737099256378,0.8261464070651872,0.062138120314481515,0.966355961525863,-1.891272392277822,1.5555807493097427,-1.0211704173793685,0.5125121373198701,0
0.6935176642254062,-0.22814856130240457,0.09024799870966538,-0.4199266479494357,1.7997421407213108,1.6148817990041264,0.1433223388321525,1.588936490128532,-0.04973440754313966,1
-1.8878622372223484,3.170982260468738,0.7561542504178449,-2.121397642675916,1.8801701896206335,-0.429663910931369,1.3118468335770315,3.1948001085944195,3.2262010039599436,1
-1.19944625795536,0.040176523709569145,-3.007133990766933,2.4445001953822443,-3.5268108833369745,-1.0213036612889779,-0.17861342912696565,-0.05635205946765354,-0.9515055739080099,0
-0.5567345123247693,-0.8272979268588323,3.3682604320623253,-0.2802945941158913,1.8752297119352774,-0.5090281327802941,0.759030386435857,-0.7742946991060957,-0.06611266829432368,1
-0.890668133245701,-1.424142343830512,-1.2125432048746179,0.8503699213964638,0.7384713744409448,0.8208003722898332,3.4718913679446968,0.7895203558381896,1.2314712751269064,1
1.932963175468534,0.7556000520799737,0.6231399943692717,1.0660472755155985,-0.8745177982223552,-0.5367226274797415,1.2690979521657841,0.6471984580059933,0.5322256911561118,1
-3.3359015494690962,1.247219741709236,-1.764481163367189,1.6021429071995348,-3.359660916988334,-1.3740193597305823,0.6879127725917998,-0.08184504906650703,0.5201784341484954,0
0.04365273430296112,-0.6134701032884537,-1.7501773266520964,0.7546772053445964,0.8328685650195874,-1.4952981051427288,2.213811519300698,1.851920875333173,1.0224526066260173,1
0.6212560942035293,1.3702642996330194,1.3411060453950676,-1.8075284610939961,2.105964761776407,-0.7014882780429172,2.2661263757644066,1.3273624902164185,2.9402577023059657,1
-0.5495445908100448,1.942670455405287,0.284298889689091,0.864507639040929,-2.690008064070459,-3.490460833332386,2.2604337019054555,-0.5822763248971121,2.2580428299443343,0
0.5380348391544619,-0.43831604995648654,-3.0500095252609274,-2.40898082737527,1.68303109174996,0.25001545245686385,-1.5123126518621532,0.3885032949077951,0.4675664518301899,0
1.8262204784611338,0.42411343227547227,-3.083369242504509,2.3035765071289545,-2.074920954979776,-1.3106727896490749,1.724989003787063,1.9946571222872445,0.47079798273028267,1
0.46646969093630625,-1.4625707984826253,-1.0937601986906784,-1.3662229007789508,0.01662216955465326,-2.3704456237887213,-2.1887739410694227,-2.9332789692536254,-0.8202628393898593,0
-0.3527007950036071,-1.7370389228730185,-2.0230811280587258,1.4464395883824048,-2.5779125171142567,-2.0875977237746306,-0.1315875474665713,-2.778444896911065,-1.0316220832296101,0
-1.3443404721448917,2.228660502329912,-0.41337007946207294,1.4783861711073398,-3.2235515971321456,-3.650488660933255,3.3635032993259024,0.11498728842383732,2.849288428128781,1
0.13916846173262085,-2.9650840019324662,3.9230140572396306,0.29414968112384665,2.0429392864593883,-0.27593908263812694,-0.7456223864510265,-2.6661123888731075,-2.3403825458010448,1
-0.14282663859515055,0.8289333197402817,-0.891742025857874,2.1145179133316443,-2.086132845948334,-2.415013742782042,1.8120492443714071,1.015726361200223,0.6986994426196796,0
-0.7531209504326618,-0.8815054212581792,-0.042284088770655925,-0.23723862448238964,2.2543279271744523,-1.9934021853322161,0.5609839069244014,1.279229311857458,0.19589229228660052,1
0.8745876458098074,-2.518553853830623,-1.743687502111735,1.9396104209760625,-0.42439995290592664,0.45259979761836067,1.3065137214464078,-0.3933533067416197,-1.138426176035148,1
0.932375241647187,0.022591891087030858,1.1707415298129675,-0.7146250471332997,1.9764218373449576,-1.0822753295632177,-0.746499033825033,0.9758792437034789,-0.22270185149736516,1
0.5958318645105473,-2.0566850413726834,-0.5109156776625221,-1.6846265738307906,1.5047371488927836,-2.0224610348679444,-0.9888565549862723,-2.465238107753203,-0.2573038567398898,0
0.5627098375725612,-1.334559803516819,-1.1677273881130794,2.559431243881393,-0.4037036158290845,-0.542324594352486,-0.3346894835783092,1.4371900259084123,-2.1494933352866528,1
1.2070265134276854,0.03726555728570746,-0.6737354340979602,-1.0639718783854497,0.3298940302038651,-0.5706612353777585,-0.6713620376739915,-0.47765268757347734,0.3293568714483187,0
2.071255454154862,-2.0491731050088418,-0.32695229197207454,-1.9217307618774284,1.688113021712236,-0.6955053563074666,-2.196426555167694,-2.4256326554114898,-1.0809078387777615,0
-0.7497758750318108,-1.3302460591017131,-2.027915284621563,0.5743734683088595,1.5068856171303278,-1.200341453826205,1.8992350883349398,1.8035112641347124,0.5932709666477333,1
-0.2903718440159333,-1.7993190328503523,-1.7294582258277744,0.7456225967364598,1.6271345532353538,-1.514555720694795,0.04432490105063491,1.4695674659762141,-0.9490131786304115,1
0.5913201605738434,-0.312498627298576,-1.992555794600172,2.660585166496223,-2.2348722598889412,1.099224405131031,2.9883811940916427,0.9717800186222436,0.4884986398179238,1
1.5151763934435558,0.3064755399097884,3.220136786409134,-3.1306675333547855,5.200575079082166,1.3773303934836822,-1.3139966979602744,1.7329761770185415,0.30942363559859015,1
-0.38046853611733444,0.03626772968712144,-0.46020759388528343,0.4140121134676338,0.4823050516478155,0.511763547092456,-0.5848236958057114,1.432649210692964,-0.6906790291053502,1
1.4928318913651575,-1.8543734127938512,-1.4276426230252395,-1.2007787928280436,0.6771620338128022,-2.316430394861225,-1.4345159188821777,-2.2364760669081742,-0.5967733083275555,0
0.8741698718964994,3.4063119779961193,1.6139723173812972,-1.136825204705742,0.3861224459449312,-1.6921903420382556,3.9624867947070324,2.1134276818356765,4.646804542453389,1
0.5749060409150368,0.5966047529337599,-0.7915843992057933,-1.4081023253126521,-0.5526452550763691,-2.26232971294289,-0.4571497503970928,-1.4243572695751616,1.158204318711299,0
-0.5506808466567625,-1.0235992435017507,-0.6156269580210301,-2.086619246146194,3.085404354022074,-0.2820128697287412,1.6122398631969803,0.4131366497112229,1.836766759886208,1
0.5227667423667182,0.3657682276797446,-2.235369754450727,0.5532444954259084,-2.5009260126100923,-1.8053101037501649,0.10273910785492146,-1.0764420071366798,0.4714441685503147,0
-0.8080534290900372,1.6638618745199751,-1.3625097416188345,1.1218677083358775,-2.987317562197948,-0.3777751259893535,1.0081736618324988,0.20466550518935223,1.027646634533734,0
0.6939832403270371,1.7986922340342315,-2.3278375448619646,-1.787840092884557,1.0329470626025712,-1.3081990007835391,2.423063003152948,2.3301861593025768,3.705293663499402,1
2.3116093753006344,-1.6168555150122368,-1.6870005850813348,-1.8813412605708915,2.426958275173946,-0.6117050261282572,-0.9717091403590918,-0.27951520384818074,-0.06115048389882623,0
1.172251512984841,-0.5472066993607416,1.281146072801708,1.5222300362232808,-0.4913117245463563,-0.9152274663341906,0.7566018667540728,-0.26013288450745176,-0.6537156026616262,1
-1.0627002755278991,0.5497483284277112,-0.8697023795687799,3.412270323113761,-2.9229538014399843,-3.8802978454563872,1.9475961625223852,0.9915753573658785,0.07724268744909417,0
2.672156742628014,1.1970236690454754,-2.175471476872593,1.8325894222853478,-1.441339493532677,-1.5382266183606794,1.1828682078703956,2.693499654428176,0.5743758653137808,0
-0.6681491915167361,-0.42627274582157226,-0.8016129115969186,0.291906521082664,-1.663490459796755,-2.000587559380076,0.9136688411291533,-2.0643383800029955,0.6902066622616309,0
-2.327599232930349,-0.7463200568558473,-2.0111966002018984,-1.7780806555964555,1.2190570349826462,-0.07156398829139476,-1.6680620453898118,-0.37827743777418144,-0.18167096998535798,0
0.44726655825106904,-0.19008914856294323,-0.1927658508066994,-0.005831927783568003,0.9357999598420499,-1.6181462553900197,0.33466555472622317,0.8569294681548771,0.25194180813792594,1
-0.9593207652189699,-1.0014515224662972,-1.5524989985667692,-0.5181171201747738,0.7102018534681841,-1.3774378182785691,0.36406393974868845,-0.2789289112028349,0.41898862675544496,0
-0.12983632584940336,0.26061825544537687,0.47937249904038226,0.9350338074611622,-2.7664124713606966,-0.1481126295647689,1.7186291456723484,-2.359107393939521,0.8743620741875522,0
-0.2531485000429449,0.30998729415725546,-1.578076294399927,0.31504341747811426,-2.209874142790107,-0.9630474607516494,0.47558925558017706,-1.322014272583613,0.6801818359969612,0
0.4902574444285194,1.1435719977472165,-0.7393787120506972,1.6670198621688428,-2.339311002133448,-1.1392047262987406,1.5718934713104473,0.6126423608826082,0.821964906176035,1
-0.9079917421781208,-1.1524983750463407,-1.747354591229311,2.2372674069559575,-1.7310950145648434,-0.2378415153041581,1.2577975692491312,-0.10198758743591885,-0.6612322248316232,1
0.4132254496860355,0.08298525890892816,-2.6798292751103,3.6211946936825625,-3.6953172047052063,1.0806943569873382,1.756709971063436,1.1369374724827863,-0.6027011791456356,1
-0.011767837823633949,0.43756188839465837,-2.0230216272717216,-2.311801093825186,0.28546074650354974,-0.9209395203544984,-0.8424656920348184,-0.851789167220905,1.3258159879416176,0
-0.0863849843514986,0.6921493319435028,-0.8449698804822487,0.8395155309100839,-2.2845325494666753,-1.6107514992751077,1.2318348452165448,-0.8080298548360738,0.9995065226963773,0
-0.4311797203495725,1.616943788937941,-0.3251310785961119,-2.4279636839322634,1.3966169122217629,-0.907949983921365,3.148779986157279,0.8137171165683929,4.265337066627318,1
-1.8552505395526635,0.7790593324559436,0.3309514707858139,1.811478302724792,-2.169892798685669,0.46310770490016906,0.5358094000463758,0.20461181495507796,-0.380307298372899,1
1.7472373285098912,-1.1963727316884618,-0.4315391447723922,0.2287220460022672,0.2684930166483457,-0.2588068206349081,-1.127055201530751,-0.6007517609793804,-1.3109499444956854,0
-1.2178033053225852,-2.8177414676436645,-0.12766487127167236,-1.0795179706374394,5.274565169619813,-1.9089822847344058,0.463707145171505,1.7934109357761079,-0.33254956784882905,1
-0.6326482514400192,-0.6665463582695752,-1.163826992515467,2.406007644830386,-2.2598018717769186,-2.811455141738832,1.1663648857067952,-0.5321468491054488,-0.40378124345481514,0
0.10004862777774516,0.5697538253233777,-1.604123438360588,1.2630177873471695,-2.8945711329130135,-0.541663258900361,0.5533885027521992,-0.7044244689857837,0.25093855861793524,0
-0.20486063427138504,1.2096844280933898,0.24657532775461766,0.7290639851863177,-2.597431722120013,-1.1217065343555492,1.8012701751437383,-1.2327891548017933,1.5216188889982316,0
0.9252905496854981,-0.5925719705773735,-4.361008874783382,2.1173083187818484,-4.096178115039968,-0.20398133316414302,-1.5635793443746815,-1.0886498739738322,-1.8129146096672972,0
1.2668036084433343,-0.9679583055872931,-0.6564501530395431,-0.5160109915216426,2.145424612234705,-1.7868347472086037,2.165236274038018,0.9944273627457211,1.4684660218344026,1
-0.43540897061808626,-1.9962236197236791,-1.701175862428248,1.3646724343400016,1.863084044670209,-0.9646002628580425,-0.852930069046266,2.3205664887597424,-2.09720900245916,1
-0.3632491822528304,2.4440740411951696,-1.3784666401389414,0.43874360779187194,-2.9648949988200637,1.418208139409681,0.8936462965005806,0.5613237349198865,1.5013078158259472,0
0.9525905079520448,-0.5915652587245681,0.7395862258358334,-0.4929619282662475,-0.6802711027131533,-2.439137215204731,-0.9867992938516817,-2.719076720143863,-0.34646622467647903,0
0.22665735964899383,-1.8551858344508672,-0.522172667785214,-1.37241042427701,0.980201000374146,-2.6893126321139236,-1.2668487401084392,-2.5642777620405113,-0.4534538144344583,0
-0.17348659071395278,0.686921687368881,0.4864794936252974,-0.11779438004873988,-0.9859497118059117,-1.7408305421853336,0.6531916473219619,-0.9858158850014271,0.9841054265754292,0
1.7946889471625493,-2.7478716091342696,0.23631340143815716,-1.9724630158773113,2.774551560069922,-2.268536857911271,0.4700166291993071,-2.5014612650768857,0.4855840410562192,0
1.746077518294195,-3.334744049361176,0.016442639518231328,0.4991602840063205,1.6454986033802235,0.6063903089971432,-0.9286545003273057,-1.2809007822045797,-2.4054097214697903,1
0.08830901328435715,-1.2872110610862153,-1.0779375305903394,2.2952693211309843,-0.3002177306791839,-0.721128947926893,0.1142498806317439,1.2359504535454906,-1.6623411737819316,1
-0.9076577082414645,0.5541634025326723,-1.8168436451521777,2.883467338623941,-3.613965678451089,0.7873399332233619,2.364887234623189,0.45267366783398555,0.3899502531061991,1
-0.5536233141256425,-1.314006386861242,-0.33138493223404397,-0.7817875100788012,2.8781350191469395,-2.406986965415368,2.323011206890425,0.9496051060630196,1.577240883159455,1
-0.8314786729014906,0.9607040328435589,1.3835615391358993,-2.5216857960050816,3.353110471478924,-0.6687532265301239,1.2722997379612182,1.5714362558195956,2.4524490032940203,1
0.622664215918158,-1.2365879916284785,0.6620516360894375,2.371148622097468,0.4021912858474455,-0.11252136493247333,-1.1429826316019631,1.476625907284719,-2.8279821990418945,1
0.429088403610932,-1.2316828367523887,-1.7042292948848663,1.004408348244512,0.905033229117543,-1.5863749902372857,0.39420822885191154,1.5206387993935235,-0.5952353435350174,1
-0.9170280287407904,0.42360906809440246,-1.982248129523137,1.39596780757404,-3.4771725050059605,-0.9915492055361863,0.22728810779301822,-1.2916109448327493,0.024484204083084462,0
-1.1705149301289088,-0.6216570627908173,-0.9291776561136412,2.63424581114699,-2.89561364397528,-2.926791580747014,1.2456566279877703,-1.1377459234103797,-0.43345824997200716,0
-0.5493833839499502,2.7760618631257596,0.20837721583737923,-1.8818373549529686,0.9963381153815215,-1.2341281251599123,1.6989322347862685,2.0858578770223124,3.3961098676840074,1
0.5944664815532273,0.4916015461272365,-1.8284154313750083,-1.931726533568918,-1.4089065686569324,-1.862553316593778,-3.26509381515615,-2.566536369971653,-0.3014741340784693,0
1.7408580770144348,-0.6640815183213589,-2.1930799005705426,-0.5890304732420201,0.8015474205000495,-1.3658691094400814,0.2384437621417077,0.4881053567766933,0.559562772666695,0
-1.0898030441669337,0.19303670306960874,-0.4051486659934881,-0.05908032554125775,0.008701891595877496,-1.4986649474495755,2.861127730701388,0.13468422157781224,2.220979460172537,1
0.16802560175953143,2.8717709814413155,4.758469552531661,-2.935092165628793,3.5589839026002505,-1.0856265628013806,-2.1619397082358804,1.9896690669637798,0.8197724004804359,1
0.1865062168834001,-0.6641757126982353,-3.2066268155240776,-2.7420050915389456,1.8821101550398773,-0.13174171493370213,-1.0137794145667243,0.0021526475221529395,0.9641265229623978,0
-0.6664799269634811,3.7370137162343227,3.979898350912376,-4.789354568161311,4.23338431723214,-0.10162513961722364,-0.45160642933098916,2.1400123501996697,3.392152745340611,1
1.5366558287399776,-1.8288683994364883,-0.10550351154837923,-0.5626290509140863,2.703942073422047,-0.8914661293448781,1.3852872873712005,0.4386988908723223,0.4579236715762132,1
-0.5855215618957392,2.3632806335790675,-0.1997121986420498,-2.255784935182688,2.2556810008485617,-0.9660014665098522,1.8561346440696527,2.952982940545877,3.4852873591529514,1
0.3707055671155837,-0.908559110228025,-1.2491448946562065,1.5149086689547961,-0.9282780424504863,-0.5581610259407571,0.7104967438939928,0.07989440028156658,-0.5672593720227468,1
-0.9615226873292143,0.09078438777022368,-1.8431578772037147,0.0905616730243215,0.3411301489039178,-0.8649665062113572,0.49525905167072515,1.4756584947764955,0.543538011915835,0
0.9207545652572385,-0.04095032078611782,0.9788265779975855,-2.5718066067382908,3.8180870963633144,-2.493542890370783,2.41546416546978,0.8777696071983767,3.0530028701432053,1
-0.3235910712810316,0.03241389215319257,0.07051852093993416,2.1084146279080596,-2.92041732339126,-2.4724381304907324,1.8035918780135014,-1.4811063522204746,0.38268170595316636,0
2.3388229415282447,-2.9880922679202797,-0.37281068786480187,-0.08406176630288953,4.641411210743248,-1.4115199514612593,0.44175701024295044,2.1376607848026534,-1.0119611444084338,1
-0.06086837742020141,-2.314785062860178,-0.5654479643580164,-1.087074832381845,3.236416845836215,-1.4139082170670503,2.1007974247728485,0.06582649883936331,1.1375782156802043,1
0.4260250117929784,-3.1692191159755154,-0.6611454833889385,-0.3670523454545058,2.9215581377863162,1.8393001176472685,2.0932958222825073,-0.13657745694556578,0.07152574452543664,1
-0.8781363180854069,-0.45210651102224264,-1.1390045282164076,1.8667066250025806,-3.219514409401653,-2.7142282751443525,0.7588589251008913,-2.0897376090985302,-0.1820972781389294,0
0.4782239401626234,2.3048275914758127,-2.1459574502811014,0.3347953644122157,-2.8347526391775277,-0.3421215649571887,0.4660655991270384,0.6649118357826667,1.4627682089012544,0
0.22884920809590747,2.4064163819344824,1.9699976031196549,-0.7135381102013675,-0.2970516298310473,-2.634218197253607,1.7151712472652785,0.35767069475472524,2.607624674861117,1
1.7459036321856196,-0.18882589340868772,-2.2734913589753765,0.3591326579960257,-3.2118825826006057,-0.6689551976237202,-0.4645938661878273,-2.701840137138997,-0.04119344277117162,0
-0.3983386226887527,0.6829628085455717,1.7335494189169984,-0.034084818889797086,0.4539576200008272,-1.707472109568376,0.7784154126884735,0.2650206187179296,0.7621264209198783,1
0.775765385282725,2.2144563342866137,-0.6569025204471396,0.4877401884609821,-1.5953542751533434,-1.668066999936332,1.9101380254552156,1.3403522039509776,2.179364636502374,0
0.4661471304949542,1.5780789394684716,2.7843357172452228,-2.782557242339351,3.36912096393706,0.15718526515655928,-0.7320284913721535,1.4624974382725917,1.283701103341285,1
-0.5711700164371942,-1.5483027796022135,0.3271306613965994,1.7560547997340092,0.24304051328441031,1.3271943305027736,1.016444432867893,0.42883434559683886,-1.1971541395541387,1
-1.3371522108411915,-0.43365184069689366,-2.8101419071746765,3.192842211149116,-1.7069643862939232,0.7290801819439692,1.623178734318075,2.530746819564597,-0.7444067439268949,1
-1.264187595991705,-0.8023704680324351,-3.4667076141778193,2.733664738623254,-1.6208950353494727,0.6610462245317932,2.0753813468415254,1.9726186229685512,-0.2251612063971649,1
0.4924834847446222,0.6127048145278527,1.184586059303773,-1.2811169386728425,-2.9151391380638954,-0.07263540639034483,1.3843027964688395,-5.049992419941392,2.125135560603353,0
0.22658392902730803,-2.168059429907583,-0.5079656765594539,0.509544985860342,-0.2444893760916655,-1.9115304955514982,-1.8268183576669212,-2.179190264102941,-2.111220155365346,0
-1.0719596368460775,-1.2679808562678758,-0.5407700839422018,-1.3323899336363911,1.101725608742419,-2.413597777112354,-0.3548564405399275,-1.6558328902504271,0.3201681240588723,0
-0.09138126042794319,0.7542447645112034,2.3578184308666534,-2.608593876197485,3.5585949236527106,-0.11048187964121847,0.6730844953460491,1.057930628236542,1.8590664810251547,1
-0.2011861701509173,-1.156165333574273,-1.4362208919753388,2.4319492215123595,-0.9963798454758617,-1.2144572310234465,-0.0029068737185597993,0.8224430373281346,-1.6336817242728467,1
-0.20290897858326112,-1.8305058144785757,-0.05619493713540524,-0.12610336525667587,1.777767622957823,-2.522582986440321,-0.19250031707707138,-0.3427322813706948,-0.6439110051534586,1
-0.7876615918104071,-2.6183051051539126,-2.8057393365165657,-1.7007845019343477,0.7212819595721692,-3.223266628110896,-2.9886438019831347,-3.017353478648197,-1.3945448052853355,0
0.2854861626880532,2.17697115206961,-0.4276799568933012,1.795448754003378,-2.91620016171651,-2.0803963884136607,3.816505556515615,0.9548373237999587,2.7535792895140343,1
1.0605598780918188,-3.404528434573598,-0.38182034296027134,-0.5448566268813538,3.4600448025681905,-0.8863152505771988,1.3251069326361762,-0.34373217060502115,-0.22849350379160485,0
0.44162506781421695,1.8709460562481337,0.1630434180887479,1.0301105693890469,-2.3923956999639273,-0.6298588367644307,2.1684010228486468,0.24598451766227947,1.768689092201911,0
1.268780588413842,2.16377694122039,-1.290728826118296,0.8844648474548062,-1.6757686858334468,0.2159527206688896,2.968423410970244,2.117980598578731,2.504362868633189,1
0.06617883186510318,0.8389027900646666,-1.5998638686935047,-2.279297558065605,-0.24231267944470655,0.5813252484421867,-2.817629446130378,-0.9902058948456054,-0.014273322429894668,0
-1.1916485388987084,-1.8359931396278757,-0.6209091190062705,1.443788744710931,0.99397237176076,-0.6677707148059945,0.17057146186542127,0.9672985060605865,-1.455355916685659,1
-1.1978537453259108,-0.7601017987713306,2.0257472749957723,0.5046950628061893,1.268451312724858,-0.06735913540174099,-0.021858231188548904,0.22059946058748925,-0.9235234898971127,1
-0.5039306799613394,-1.8542515857658421,-0.7757173764832282,3.10882708562414,-3.281218003338323,-2.4413493152613563,0.9794094646464527,-2.562349254876319,-1.4067446073853722,0
0.5567959468277808,1.303939285922331,-0.8393725466831263,-3.408120931303306,3.3550223621318054,-0.6442489201326473,2.154904314340879,2.055774112175648,3.9510181301180083,1
1.3841000308901037,-1.878381450489634,-0.6115374849885569,0.5413473099444943,1.9976933666019345,-1.7370564026897162,0.21414255650699066,1.0006990889254341,-0.8543875552198209,1
0.8176863130545542,1.002140518802766,1.1663237630205627,-2.6249750621425347,3.411717838177628,-1.5042550691376189,0.3810396684234555,1.6306258539216052,2.0318023155798755,1
-1.930833600724083,0.4130118131573457,3.104534053918803,-0.5737817384361314,1.798562559107467,-0.5558115959513027,-0.299027747584806,0.4391222695782978,-0.08729135204498756,1
-0.981609264444058,-0.6040305753507267,-3.1879098862924753,0.11514830552632926,1.0576982148699232,-0.2939440570032995,4.178897956877467,2.1834072518446774,2.755503545571811,1
0.5913413211727055,2.558638041899643,1.631668165129656,-2.4551162600377223,1.7810432321028415,-1.3697393546523522,0.13411035685319606,1.4473817072572426,2.430682060135579,1
-1.3206416595298065,0.9859206373189755,-3.2096596166830973,2.0786820062557965,-4.397201966670729,-1.0140745901393562,-0.43419846674111584,-0.3218834251773528,-0.43893643811273925,0
-0.567195151015101,0.3176162448454295,1.243734236142042,0.35787081531854814,-0.00692855411574287,-1.7608504986025677,1.6176416689764763,-0.07334300814254835,1.0339792276672415,1
-0.734004994289151,1.4622107373781152,2.105095717500867,-1.779177463089347,2.4749035631434575,-0.06049882706375431,0.43207739595693995,1.666268007988611,1.553239729419705,1
-0.07482854331919798,-1.54875837925742,0.7907497145266713,1.0050448721496932,-0.3678828143490998,-1.6474245645684644,-0.28797077367929036,-1.69883375043413,-1.2975989184939112,0
0.25938433344280215,-1.3250844750222575,-0.8195210412420424,-0.7608587342074623,-0.21723468073694754,-2.3522215013074725,-2.5032388530039693,-2.4805733769581,-1.371679939621591,0
0.059654565007084104,-0.7604927741412439,-0.5005990837972367,-0.3547986187474985,1.0000481166130881,-0.6753833578735227,-0.6259918619554522,0.12884884066110058,-0.45650411403234115,0
-1.086410953355618,3.078819387653669,-0.1566462745126287,0.35936516323410117,-4.6316190757060465,-0.927505221521013,1.4128018091834842,-1.72078953751643,2.399461584478279,0
-1.4031384080889997,-0.5599426925962157,-1.4152354673671108,0.6228848671624838,0.18773218062598823,-0.5341851970199692,2.5548105771722827,0.8723031420702552,1.2859146165129338,1
-0.4665075273501172,3.6414162303120734,0.516401644830871,-0.31938609775621796,-0.4064969317003796,-1.943058484992284,1.0808385482961547,2.9921734502297577,2.479289400623407,1
-1.14506791648254,1.4097507349863516,-2.726161321757497,1.6692716654722615,-3.315117947878084,0.21788781977455662,0.17597777342298837,0.9125315590319176,0.12752090834400942,0
1.0557982384665718,1.5647064495841716,1.633913930524844,-6.191543956802809,7.3716099824082,0.5461609780196799,-0.12274110959526507,3.058161702802358,3.5701287639248576,1
0.7984613389778825,-0.8096341879520084,1.9591621214637132,-1.2568697656255994,2.7572510936090273,-0.48682784534553913,0.042531729542887864,-0.050300452865479794,0.1343437613964914,1
0.6938254128560183,-0.39106906359216087,-3.363540469544736,-0.5900166543136796,-0.06550468722502795,0.5624885396768331,-3.067534007139712,0.6327773005684338,-1.5603099286201452,0
-0.3226764649999652,0.8982456499480876,1.8841340681095287,-1.859595457821722,2.7297858468264398,0.853275975271669,2.1047028397181213,1.361885668251858,2.426229811985807,1
-0.8160641884917624,-1.3750200828720194,-0.2659031236660062,1.1647932495122562,1.810651488373939,-1.5861240509281385,-0.4916128862540299,1.9612758210891381,-1.5667030038240666,1
-1.096951797154631,-1.8177379562717015,-0.4359403851605538,-1.8391622080377001,1.1091465456218632,-0.19150116810346185,-2.8979686932251947,-2.644003411849636,-1.5057246205604775,0
0.514640239981159,1.718474501068395,0.034348183127104526,1.1798458404609362,-1.663571884253862,-2.612817612958743,0.06441116451645967,1.0840921437648632,0.34321130720231446,1
0.9031675919947765,0.745032192875005,-1.5984921092808986,0.8913812217966631,-3.2673079000192784,0.06006338063441641,0.3989462553438625,-1.3302753820435773,0.4221944402031649,0
-0.3877609228162241,-0.6344871607520577,0.6277909107787055,-0.6459895436899171,2.0739493874092965,1.4848895673855034,0.566439454418029,0.8787568711297679,0.1614979235084785,1
1.5651034055742439,2.4668191395675954,-2.423064506901845,-4.231886906504286,2.933903773928763,-0.9565956117225234,3.007458512625134,2.7103674426785593,5.707121326061543,1
2.141982640147936,-0.8282699171610871,-0.4362140714298074,0.800746311716056,1.1737318681537103,-0.4440449404457705,1.24838849001143,1.5406543439319806,0.0018604711253189783,1
1.9546625434624896,0.44397357127404435,1.1058390953631898,-0.6666394290175044,1.5135562599034331,-0.5264418791420773,-0.0034439839653699345,1.0239486493204788,0.39838287496571567,1
-0.07530442074083482,0.001248929419184197,-2.1037897865905624,1.3365923245904396,-1.271108138411625,-0.7110660765687075,2.932712755544462,0.8809927467807039,1.5123104177264286,1
1.6760214587599298,1.9414326675458253,0.1617826248340225,1.39216335290809,-2.5140230473100984,-1.358112059501864,2.116195988590176,0.5313308814852147,1.6128636154407374,1
0.4917798896006909,0.5118743371982112,-0.5674219787267458,1.4551109009964585,-3.400500147264295,-0.8170645897976967,1.1540067227033954,-1.7554952303302969,0.4826275629391366,0
0.7841701737244763,2.528262548542867,1.1541174278930582,-0.1814153146102292,-1.596025013855829,-6.434943698022492,2.335629494076583,-0.47762984973592704,3.3006605819763166,1
-1.2972115391662733,0.014911266574334947,-2.774168980267893,2.1729176671075487,-3.073282144806159,0.7364260614300262,2.586315730717333,0.12573407336097908,0.8363370899356262,1
2.013320946097442,-0.34311789200884635,-2.3402728124621377,-0.8538611846239474,-0.012659502109108553,-1.1341134246512141,-0.9539853435815213,-0.3128909975074967,0.10979672090340303,0
-1.4738408968097159,0.08345678054810568,-2.730270996991851,-0.7528762084895895,0.252517232638456,1.0647823899257505,-2.40203722157018,1.1129154139472974,-0.9692037341299593,0
-0.06093951178599691,-1.949210848992037,-3.2780602745826517,-1.7158582056205691,1.5030598869762408,0.015733648464285377,-3.220717413140795,-0.6876470116126627,-1.6301465310290082,0
1.2821083914265121,-0.712245834488296,-0.9059692094523721,2.115144618782054,-2.8908131469606504,-1.9015380712550165,0.995866154198437,-1.747553489266299,-0.40974108859142344,0
2.4504557341315008,0.2283467365045655,-0.34552127920372067,0.4519100693570771,-0.6930253313817704,-0.5881534102884793,1.1054371610724611,0.018246045370908126,0.6958099891633878,1
-0.5698979194121059,-0.9580712738694392,-0.2562830592993435,0.557582002028213,2.1664307055573535,-0.6630784682487638,0.658993531903003,2.244193124958003,-0.37320251736345955,1
-0.1193093118030249,-2.252065074792445,-0.30791574022977786,-2.7161905809722864,2.8706013080122514,-1.688447465485161,-0.07264386356410768,-2.302552200931943,0.766468953775839,0
1.7553110706333046,1.2295213959824645,-0.7859326668516321,-0.5028185325531997,-1.479820660239842,-1.0859175860751407,1.2404897530101635,-0.7063798428633855,1.930892748913315,0
0.9023257611303859,2.0557017661790344,0.5215214445701273,-1.490805660267339,-3.2437514303165793,-0.4378826213963143,1.2834290947786422,-3.67000125218805,2.863548149511069,0
-0.7235051090620076,-0.01241026660270661,-0.530328373671558,1.393803362829392,-3.3898997142142004,-1.1633138987532978,0.9697117861028699,-2.489503443433498,0.2292957524900962,0
0.9174621535937203,-2.634539138280545,-1.7156065545924455,0.6160020629062718,2.177887250314749,-1.522051093983349,-0.48923143675729697,1.0133981999351416,-1.5900300425546265,1
-1.79807835994288,-3.459948516596507,-2.0040968537625456,0.2405967194931925,4.020578352032803,-1.5836840162792836,-0.5043383793500282,2.023004728776533,-1.8022814064952903,1
0.03202534336821736,-0.7963031941349751,1.65040184706212,0.7089869900671271,1.1092321723907508,-1.0113506021560577,2.55029842544385,0.22854609456752883,0.8070688154009821,0
-0.5218834137050445,3.648517948335026,1.648775678195601,-2.0384064108141056,0.8045085519022412,-2.9955614541173494,2.5450791819842724,1.772117033361814,4.443811558839335,1
0.5415829319994119,-0.33189387306373797,0.8374068858168185,-2.1566395934281557,2.934105262662855,-1.0579852057339072,1.5135742928149938,0.15765806993656628,2.0241750874020883,1
-2.0936974501301004,4.485934878216693,0.07260881193249813,-0.20701554931095612,-1.3561662575287394,-1.647630015584095,1.8480413420468131,3.1822719854763086,3.340701258068322,1
0.8954602236748322,-0.7739251002729877,-2.92893317175127,2.9575592765646146,-3.4563585843167313,-1.646231086013192,-0.11547460424976275,-0.44964866612987153,-1.4938532689333235,0
0.19392194648153552,0.3088503972648723,0.42670786927487825,1.1685033218388696,-3.635983562947126,-1.9033756423932968,1.5691777778138065,-3.2553841663533074,0.8982396238620443,0
-1.3476847999474826,0.5701275731328936,2.719553308025203,-2.4083376443897655,3.6490080509074025,-0.09965495469653218,-0.3038960370724628,1.0330886301448845,0.9611248563740554,1
0.4915579194025869,0.256214588915905,-1.2931833511021165,2.0686882372170183,-3.31885338336245,-2.4035485470010665,0.8874849925724635,-1.023544829505732,0.03663864752766344,0
0.09008347754010702,-1.161709846089391,0.5074502023146434,0.8412532637811472,0.1925959803814148,0.44237194153703663,3.2787450050539415,-0.49415250026963453,1.1248279823004799,1
0.49979267547899797,-2.5542769152591127,-1.2734077463479265,-0.3106510956567827,3.6003864948082347,-2.6794590933001485,-0.3857519049263747,1.4560199912170273,-0.9575442570032112,1
-0.46283052343037057,1.3697793232852584,-0.6505587872124594,-2.7401661828608868,3.298983978334572,-0.13275990540860982,1.222324606827862,2.8305517547879075,2.8611321648087937,1
-0.5188370428216882,-2.7584584205975293,-2.6864299138931855,-1.0843744499423258,1.8179276827119895,-1.3199504440533607,-2.3502942047835003,-0.9917291284772024,-1.7042680304441393,0
-1.1546185675377267,-1.1243530020659516,2.4026488572831455,1.5867740784667874,-1.7089816295769824,-4.2241709030314265,1.0151757383690572,-3.303517179720896,-0.4145386937988676,0
-0.5084835740185372,-0.21766933762058793,-1.9279520286050706,0.22917128530580044,0.7401596359162348,-0.9751132215854813,3.7588329866786174,1.6882222335723562,2.5189388471120178,1
0.6546419928245036,0.21526778514732825,-0.6442096860256159,0.8045555159133422,-3.2407041669796133,-1.67292209839324,0.819917464484945,-2.7064104706862233,0.6359569348464994,0
-0.41205565476057665,-2.9474918677038726,-1.8619719046797123,-0.765802492965612,4.710658182682246,-3.247031697999931,0.6569193027790284,2.045119868149029,-0.10097707883579164,1
0.1323090206885346,2.29070574038652,-0.07942303322975797,0.7216928686724648,-2.4466384592632036,-1.6640753851772554,2.033979452437471,0.3463291338905219,2.161956021924712,0
-0.23313593254505174,0.8515470123272983,-1.8003295366563914,1.1157259609699328,-3.8802825636187275,-0.02208870901037452,0.1954298755485665,-1.6030125861006026,0.26499980376454385,0
-0.3226077728016462,-0.1396761051887473,-1.0921205440457933,-1.0690584993465093,1.03169595619397,-0.1750369035042696,0.49211196748917985,0.3924645909656004,0.988370579475536,0
-1.1385807337343827,2.6777349787846525,2.51735740119661,-0.6559916879145773,0.308117043069394,-0.3543380771157699,1.7281461808090472,1.452112718756227,2.3517240664931416,1
2.706687940975501,1.518009510624498,0.2849030914513059,-1.976199118719367,1.8588671440362743,0.9489537584511001,2.658140046924654,1.6892255670129055,3.3290306491217225,1
0.2845119825216449,0.2622718522124474,4.118051523681608,-3.8358140969263785,6.041065685446953,-0.19819284175586505,-4.551921385414669,1.3975418606315528,-1.4454307041723224,1
-0.16854591590355783,0.02487636363391954,-1.6016123811166978,-2.3779489094196906,0.8616431850586861,0.1651845035486308,-1.5775012418083791,-0.7875839221147063,0.5191494446094636,0
-2.0755950648778367,-1.96931545293409,0.0890276956277094,-2.4422789562613456,1.6631827099531817,-2.8214656128699787,0.07604085869023391,-3.468391027571603,0.978911960695784,0
0.05463944164503786,-1.43525125527559,-3.522887294658111,-1.5587811362317154,0.016660085929234677,-1.6615799963007136,-3.59042779355392,-1.7704032221300456,-1.4648621204506835,0
0.455902633167647,-0.16205588469244747,-0.8215579094923717,0.11582144541889638,0.18904981542331173,1.9562253078043716,-2.076120489098371,0.859382204176645,-1.6605090317724769,0
-0.06677081771074578,-2.3576864264569455,0.09247674582501109,-0.5352999664968765,3.261787444672316,-0.7326762823661079,1.7397552365938629,0.4349676654621847,0.3955688098729009,1
2.465927331461365,0.07722816845450486,3.4573068273142726,-0.9852671625152615,2.90115783705926,-0.12375588611840871,-0.8782958053879997,0.812760960421511,-0.5168364929936978,0
1.2053695557844908,-1.3033298480619895,-0.1201491323980719,0.5867061840471157,0.6770150022710941,-1.1685349094927038,0.13146984738726797,-0.09341928444779946,-0.708599804821602,0
-1.0330288450349439,-0.5440839245916782,-1.1127934486495246,-1.2592749406075172,1.3597093096557433,0.670656802471753,-1.2686737418511491,0.24801733295180273,-0.33821032459800765,0
0.17281227977128397,-1.1558881780876549,1.7149169982339707,0.578675389989,1.2142928709397651,-0.198572884675296,0.9980591612036398,-0.12366233124931347,-0.38559646499343697,1
-1.5838955910878494,-0.2783883191543226,-4.639100696928628,-1.5814078633327968,-0.6725517671579729,0.4673831562118178,-4.999782901075911,-0.44101905643923267,-2.00233564563735,0
0.9513326061105448,-0.3421468744306423,-1.2190998200359107,-1.387518448811227,1.7994425113233252,-0.05783617368039251,-0.057167426166339186,0.829276313529421,0.6773318283802234,0
-0.2740459888857355,-1.0358451695443085,-1.2439739062642254,-0.5534820668520344,-0.5817943266806195,-1.772282530055449,-2.537675405055502,-2.070831866383863,-1.4008282658648936,0
2.392298383669758,-0.0742185406721998,-0.5350676902442173,-1.2956585274738792,-0.3886362025246972,-1.8075172193898998,-0.8748537401296711,-1.9641362600536132,0.4688841409049625,0
-0.3846301320712339,-1.800201501315862,-2.1072615239077583,-2.6898798047685792,1.4947166366374662,0.27441055830656214,-4.444649506926224,-2.1862383702757575,-1.9179179047585007,0
-1.55037687093124,-0.0955430118439029,1.1872344018965382,-2.490637715580172,4.204393125832929,0.10433324364036145,0.0632511088855151,1.6197955914940856,1.0888730009875647,1
-0.2993938433322431,2.60978062939209,0.13950099805328753,1.6862241104000946,-3.321806028124117,-1.7329464721890382,2.395465460561045,0.6338764636712001,1.9766578434135278,1
0.8893179073293531,0.35447863386209844,2.1625701225323652,1.3605300436905559,-0.976773229154091,-2.8836054222181247,2.797161380399314,-0.68642002749927,1.3124313951764295,1
0.1212437318203795,-0.10377081554696121,-3.0662155059748595,-2.619880242176616,0.2607348408662445,-0.23474556285898596,-3.1986094180452476,-1.2125735250639373,-0.2321574622036744,0
1.3519573053984584,1.3924852217479322,-0.6388763975856702,0.05075384239084957,-0.14571277771080007,-0.25574700018617447,2.8028774512298904,1.7530494806207844,2.4786736011505517,1
-0.2429142310872777,-0.9109914908237371,-1.063919304545987,-2.016467344487473,2.059156326378879,-0.19977384742504434,-0.7735103539853078,-0.33242838078888937,0.35570268442551445,0
0.02123306577582116,-1.3080730216383858,1.42192831062775,-1.3564273110788916,3.8417304773067236,-2.4027977482223273,-1.6465285489808577,0.7261959258848825,-0.9826793229138774,1
-0.008232364569510726,-0.4092206040938072,-1.792219596810053,2.5134011943103287,-2.645228585423214,1.7778105929031884,2.687035615372456,0.14845635008260716,0.29289472656325377,1
-0.11942316073584242,-2.137375691293918,-1.6350353489838714,-2.3459995731417926,3.2927414685479737,-1.4683792292132818,0.9434702990195185,-0.5429339956684844,1.3283846101283174,0
0.15703917019676786,1.7198156643305942,0.3166762690442734,-3.3897928530860537,3.997955084853035,-1.5434304441366082,-0.2461255134782281,2.7781987070530625,2.3998959365217467,1
0.9831784809990213,-0.3400863831453569,0.056377207401595575,-1.033337813044056,-2.071526326336755,-0.25514467267376795,0.8300090764313914,-4.276638226674698,1.2885210420225872,0
2.078156617110029,0.012333349279518568,-1.5529051835399381,3.322228727594306,-3.7267307886964285,1.1090476258737048,2.4784168809090943,0.06880969078183496,-0.06344013668613184,1
1.5818760934989877,-1.4128467389958383,-2.1202822868349416,1.8305038418481363,-0.06518220471422204,-0.1105527464695576,1.8071256935424298,1.3710271575635171,-0.25548979796575116,1
0.7130732322865353,-2.370817192855089,0.34815165212529053,-1.973712055803278,6.326538161400731,-2.4656625256091083,-0.27886897295009794,2.3227602519395636,-0.18111941241887375,1
0.29677250708423497,-2.017854895485625,0.8681125092549455,-0.5479515884835253,3.6712745131753075,-2.346538173820078,-1.6153864042259758,0.8935876011189081,-1.6788361739030029,1
-0.1431663336355322,-1.6407837530075728,-0.20659524366351245,1.9869046170942593,0.3230831874323628,-1.13759148284628,-0.8786408670037142,0.776519287256983,-2.3669157711244755,1
0.3005869246391313,-0.671497687802832,-0.7903989101831496,2.1056062413047836,-3.3053326410129014,-1.709812732412828,0.918642230197505,-2.263472890932765,-0.4336426248294234,0
0.357192878994939,0.6608266219582715,-0.6198354976499248,0.6553543383264806,-2.8662655033560243,-1.2834906828131902,1.0440689911048757,-1.8611117511732604,0.9756760554035591,0
-1.7360420595513935,-0.2852560962826751,-0.4516055715729128,0.21036660235959226,-0.7235416667383969,-0.9542023334008068,-0.455888249074369,-0.8476716746302141,-0.3462328362801936,0
0.07018585242274462,0.9390041995234842,-0.24590477742572225,-1.0102419142398689,-2.61674777657894,0.3037655011521294,0.8525742012182023,-3.186966086536902,1.793999958131269,0
0.24655209549731796,-1.554936220071097,-2.9967339350110214,3.4538583506543126,-3.703733987264673,-1.024600697666337,-0.32510502103100625,-1.0110403008862496,-2.276698284847628,0
0.3482862476668184,-1.046452358252492,-1.6141848075544702,-1.6963631381602349,1.217381062104281,-2.6022494769728928,0.9877290181598979,-1.1879306211321936,1.650311134773979,0
-1.8960018949178892,0.7653621106021244,-0.5792216372347436,-0.980686016688345,1.1094593274601343,-2.7131873367947144,2.163729852161972,1.1070556628993427,2.5907709579768508,1
-0.09138967205026136,0.18690778552391252,-2.3448261471639915,3.118587769252462,-3.5982252134175425,-1.206288162991729,0.5131600499272628,0.4385174122611344,-0.8980565515980762,0
1.5685339387093264,1.921124801696415,1.3223148744170818,-3.169473621645793,3.734194947157774,1.460637249541311,-0.30654368984851077,2.7373713927365215,1.926317156775699,1
0.22014519035127497,2.065944895475195,0.007277658655455488,-0.04013855769389374,-1.9274695881224986,-1.5231131288984994,1.98427652929794,-0.19399639807558766,2.458800944546207,0
1.0045978671244824,-1.1175950418969138,-0.7810593773620613,-2.4266312632415117,1.5195838704826419,-3.5475713070785133,1.1446566197492696,-2.2730671933514355,2.177495409181284,0
0.9991495946171859,-0.14551540176310174,0.4456183314297506,-0.11582962076644443,0.5649441311918323,0.8319199449271746,3.4723663876519675,0.13433142034897094,2.1800978680900998,1
-0.7122010248506275,-0.613552147976449,-0.9829746286360461,-1.4030268589107306,-0.1035145108662588,-1.7398370011760136,-2.342311107091869,-2.096765415381289,-0.6421444544673787,0
-2.4902817083763287,0.16781690378322778,0.17237630127481496,-2.0628106820606034,2.9602335109492133,0.22838155709401065,1.8202861953874954,1.3554783663100944,2.295370093104838,1
-0.1222021510407434,-2.096753009841508,-0.4553442632807023,-2.164398552904337,3.277531120630954,-0.727257104485368,0.3331111236964055,-0.8078642205762121,0.6320010648129136,0
0.20444517052317407,0.7138980120106033,0.21936054547977002,-0.865620804409318,1.415757166022545,-0.5526277956378038,2.5271908470350626,1.3578459666254152,2.426299737602874,1
0.8681754795558938,3.6441894102636065,-0.8932731651583601,-1.3174024177546597,0.061343530686621635,-2.7212846656548346,1.5384543936118853,3.0385543985692514,3.5929949458402106,1
0.6940200870607419,-0.2043979313814852,-1.16950302186602,0.9236225081496576,-2.7308384347645394,0.22924202946874384,0.5434604727136911,-1.9686559569444482,0.03534077981262142,0
0.5748264844618621,-0.9008336339005606,-3.4068797283552943,4.036157639921329,-3.8052547516251263,0.901952334059066,1.5304106568309324,0.6653208935461212,-1.2912823990673978,1
0.6131224992291844,0.9211857814762663,0.7686421241654511,0.6318895008770956,-2.4228203862587865,-2.9673924805027614,0.8355897013681832,-1.8922315566049255,0.939801293805254,1
-0.7282175248055448,-0.921659448656505,-1.5298625829526178,1.4969993381883275,1.3959422618968969,-0.17087929875216745,-0.17024170433158758,3.1500342635020853,-1.3698607006410035,1
1.7428664700517604,-1.1528818925387594,-2.2531144010425317,0.5252234308413105,1.9902875546239842,-1.281313149117129,1.6714478237278358,2.675224644352486,0.5250736294698345,1
-0.0809879094021674,1.407661734472383,-0.3157407533536025,0.3465595090313254,-3.211046161612214,-1.0592838973771406,1.2680080057043008,-1.8960573429761771,1.5827816842643394,0
0.5469684731271998,4.473966505072989,1.5763993536103178,-0.9328616608566264,-0.41105921396651723,-2.3640424730181193,3.176130623567802,2.616318936847824,4.53098996214837,1
1.8062822963825986,3.8846499478319707,1.0496807102881993,-0.5200737059054992,-1.4299270304540426,-1.288515659146606,3.091340379820146,1.5008663717319775,4.0256097497043735,0
1.120056637899783,1.805537107982583,-1.1295853596870478,0.48175118143338724,-3.1973344401609616,0.0886145992283296,0.8797586124574571,-0.7022862427162785,1.3508727184362148,0
-1.1550298404080184,2.0785744981905125,1.1130748729887272,-2.7705764474826693,3.2411626409353844,0.1852296678703076,-0.2480728285985645,2.7549104885690654,1.9611189992747335,1
-0.8840363742048806,0.7724234794892748,1.2681381240619358,0.4980855167874938,-0.3752375562663381,-0.9467549909574581,1.1591982595962518,0.2606171042570359,0.7583670367108788,1
-0.8790168861647499,-1.9615172307578022,-2.8059847198330248,2.840303965928126,-0.38643758421297997,0.27705473417497495,1.6798324804357756,1.884166002273032,-1.131588332038488,1
-0.4574308375083948,-1.8833328528672149,-1.462474545023904,-1.0232509992577041,0.9924292716220277,-2.842027238726728,-1.0145795431146079,-1.7198436890655378,-0.41066540829395987,0
2.2461880135582653,2.817375732271951,0.41857134758204584,-1.7032746150444387,1.6308564434775732,-0.22699729682015835,0.8892107141091592,3.1547476125997207,2.578226651263329,1
-0.0967494053303549,-1.0585194199746208,4.026650166441645,-2.1570406730656555,5.37476746564126,-1.4716741405137501,-3.4519142289105273,0.826958718057071,-2.075241094542518,1
-0.3249785941686678,-2.2963238471935545,-3.319660406437584,-3.0011133759542106,2.421707223188906,-1.5480426510205634,-1.5786511958076725,-1.6490311409372393,0.23528943436238658,0
-0.3060993933310847,-2.2024482374715753,-1.5312008953117138,-1.541562165850404,0.9764887992763926,-1.2746650847398886,-3.0041134120650925,-2.469515871989514,-1.6866421976943757,0
-2.5315831285012456,-1.263587546595522,-0.6899419315859832,1.5712717151991686,0.0902480604741384,-0.5742213422827769,0.20813155881869716,0.7194577576369107,-1.2176615483397026,1
1.3127240692726614,0.7159370250430388,0.2888589985204191,-0.06131399872630783,-3.507574172932459,-0.14772930514924876,1.143554119085652,-3.783611684316107,1.3750638822050443,0
0.4406625568120475,-1.6552604797205572,-2.339169691095349,2.0613007983892753,-0.7594173167791288,-0.5457687448511809,0.9811417961114456,0.5806255273380461,-0.9236548950600826,1
-1.0634418662617564,-1.5792695137196078,-0.7821935650483103,1.0562693110715013,1.3091891129875544,-1.3135836673673809,0.812604078245238,1.2116761561294638,-0.62963951434716,1
-0.38711727357980447,-0.6817261116708263,-3.980628679272231,-4.117799519156344,0.7461323585366635,-0.9110302952527634,-4.497589141741419,-2.6074033734754107,-0.2618429647837387,0
0.7158663371640762,-0.6241715429132132,0.38122530640834906,-1.300584652869864,0.5331187801058533,-2.219370669904607,0.8190686128534246,-2.04497451095009,1.2743961497828777,0
0.7565941185064321,2.8549509820161285,1.5377218641426094,0.059777336113035706,-1.5888078376197619,-2.963502768960934,3.3514407037943434,0.3213495022638382,3.575739585563666,0
-0.866034445223392,3.619909453706702,3.166734680822085,-0.37380445206639434,-0.6325162128606144,-2.5572056034020485,-0.017184282522472616,1.2465874930178389,1.5900750671395851,1
0.8680546542277768,0.3519698116016283,-3.0225440580134584,-2.011766576475548,0.9266081562562252,1.369036801107491,-2.2533487551032603,0.9792841847957661,-0.030600011138535024,0
0.34614694395240136,-0.4958078454096009,-1.4384643329008093,-0.7843570617814059,0.6228635160809075,0.7541105082730533,-1.740695198760728,0.13221126973528374,-0.85023806452019,0
0.8454605329743672,-3.230331297393527,-2.969517874140639,0.7894001312313216,2.2596634020129445,-1.8839702350409748,0.09703471059067093,1.1867094143213617,-1.3802428952157209,1
-2.7751884611081024,-1.9813865372669264,-2.0094884362677257,0.5896389680406089,3.243949529081934,-1.7479307729999114,-0.6487071950081409,3.2261507026294454,-1.4780018086586935,1
1.0031370033055655,1.599836403439395,1.508264671679914,-3.6764926198008876,3.7167756996722745,-0.33349169911456933,0.05545782063665006,1.4530015419330842,2.5299487734650956,1
-0.7998806655133466,-0.7714198253026318,-3.1432338644170748,-0.4557499637767852,0.13336964581045715,0.38729529524520734,-2.5018973616071083,0.43285534507057255,-1.4300565959730307,0
-0.8377416743488576,-0.4835051907122816,-2.289759981563225,-2.3526567364363618,0.7984281099693363,-0.13774352567499548,-3.4093478163506314,-1.064666365014699,-0.8190276648228164,0
-2.3380087167915513,-0.6194026574299816,-2.2647225773183672,0.7275732096517427,0.5123479824227912,-0.8253013574042773,2.3231355441769703,1.7391131928953678,1.1234751881090983,1
1.5301720552205211,3.0594811904078205,-2.633416113695735,-2.820397763717109,2.0736026197764312,0.36208052255150913,1.8118832284529929,4.275104599812087,4.1979512269252695,1
-0.28900121860121725,1.9780392863742815,1.3108315649912279,0.028783352563833464,-0.509534775858573,-1.3218704039916458,2.2327094666401823,0.895447061742396,2.277438398396336,1
-0.08194248239183136,1.4974996372279425,-0.8246573049413913,2.8151136992253325,-1.5651099653864038,-3.255500533705219,2.43451644365169,3.1452418722434157,0.9551095792744313,0
-0.07151400927298215,-0.7269720298210672,-0.5487828347162743,1.8097702442778658,-0.3819055604957354,0.7562887565659488,-1.0898884437237621,1.1568618885192974,-2.1425004456211716,0
-0.2620352218414382,-1.1640868150134966,-1.2071719291487708,3.157763241106171,-2.2149140269109258,0.178534618337864,-0.028968638327169005,0.16516949675229486,-2.165703102680942,1
-1.3993730461455012,-1.9176213075563155,-1.8628839644181547,-0.8554682566073581,0.2871761632893465,-0.05716452863299892,-3.4116190021601795,-1.8820670719669574,-2.3149541004429213,0
0.2673913007974061,-1.571924220427976,-3.240726771742431,1.0560874702209773,0.7915045014506701,-1.976040199074993,0.775275836136807,1.7628486150508262,-0.3025481429007736,1
0.8313642544759895,1.9503768067101732,0.2908470518064188,-0.27601011030905986,-1.8379298719471913,-1.7995393284819365,-0.04253601782274585,-0.6006764484210445,1.1928084741137244,0
-0.7522345365274425,-1.5733788168313692,-3.3074809958668325,3.034533854197942,-4.246600106196445,-1.562961785599935,-0.8528628937437162,-2.0767786386582356,-2.241766337736532,0
1.3789112430016826,0.12154672429928048,-1.4923288295020685,1.314575358763706,-2.4548607151693824,-0.055009086601233714,0.6780510743924753,-0.6461731024602904,0.03561622246617143,0
0.6288138283327617,-0.7583859816767695,-1.1864611574317558,-1.1420764895553093,0.6434355642082645,-1.9647349946808919,-0.013251747858442853,-1.0316064247753691,0.6805586131847172,0
-0.5446962871197124,-1.4843944818326813,0.06977759455749566,0.061587134863954174,2.340921569551966,-1.9880925430034289,1.071635141947062,0.9397714497736626,0.10359026490734316,1
0.8166247432622288,1.0154892552217178,-0.46243056563475926,0.11573449779018463,-1.8787169641570474,-1.3416366818085792,1.378459663666899,-0.9327188389195432,1.5797115390926144,0
0.5422593912485507,-0.35100002695945265,-1.3221431657130374,-2.442192281603955,0.4120742023223224,-1.6125929505900045,-3.245579070620981,-2.137181457306896,-0.5170089120914052,0
-2.672207384471349,0.8640042754866994,-1.684260279412635,-3.1336269638230676,1.7475098341808728,-0.7437493349237094,0.8239251389105511,0.3110150252040178,2.949463205293626,0
0.0851959299707875,1.5686982702310626,-0.25051174137606447,-1.429178702418425,0.9102410644571343,-0.7350819840862635,5.220372793940649,1.2259472686236914,5.026333425737703,1
-0.30467896259373045,-1.428210193782804,-0.6463696631938167,-1.3216789383356848,1.3460036144448486,-0.6006437697207125,-1.037756945350394,-1.2736448544023526,-0.3958403802081859,0
1.132405540709269,-0.08274810760643203,1.5471669749332553,1.2251625600444145,-0.11855788832402347,-0.6177377634037906,-1.2423509393553385,0.3750303437543401,-1.7231550002487948,1
0.09843762392458368,2.287415389654299,0.42465089372167564,0.9066610951833591,-1.912259202186284,-3.023286970971685,2.653533145602193,0.811089392746463,2.4974929678646065,1
-0.7543246385464069,2.1997856613043503,1.6518436131834922,2.5112772738193208,-3.077355600769421,-2.993137532580925,0.9151983159779289,0.5635037280997423,0.2581420483196125,1
0.042249604426835,2.9936260575724525,-0.16838077214895408,0.7726386307656667,-1.8759419657820384,-1.416028985558908,3.6134451270345176,1.9766457685082364,3.3911810201931485,1
-0.22831842602516925,0.22386735130091306,-1.2324178794519578,-0.6548124152227637,0.774860392377798,0.874599305597203,0.13658017854006776,1.1797708417934976,0.5567784665791804,0
-0.05229713757100654,-3.1235058153023942,0.8626903552224596,0.32155153246737844,4.185004387754153,-2.032962998330179,-1.126143190943615,1.2412026879177183,-2.393710197506777,1
1.0761787336049151,-1.0413325228561119,-1.7623580567887334,1.292948244570286,0.06149955955536546,-1.578843706469752,0.9718132944008888,1.0457383530452373,-0.23831082418956073,1
-1.0735434435238893,-2.252444432333857,-0.4815788188701152,-0.3053868299054783,4.154491834737451,-2.9980455035298954,-1.380621127291839,2.1123488031176256,-1.6110468638004163,1
-0.5090946505735073,-0.8259066293309294,-1.0503036772655587,-0.9397304293664122,1.9023653216654224,-2.929951030401199,-0.007665927397109806,0.5263695591652386,0.5006644459890336,1
-0.17508515027370583,-3.1731756118659433,0.3172971722167439,-1.7652346153110163,4.745577846616291,-3.2084904250821555,0.03348376018316035,-0.43402421327984353,-0.1899066427292788,1
1.2689650254316331,2.9625206721836443,0.2595931483301013,-0.9040061267905979,-0.3501782236127262,-1.7181095152364454,4.222276896670026,1.6146247222233503,4.705689265221666,1
1.311602029723922,0.23562952639476153,-1.692394780697231,0.7563709196121975,-3.641798010705301,0.05781004536633616,0.004688446817097236,-2.5042250225283174,0.09296290092479398,0
-0.2395494568848382,0.1596114407885143,-1.5035928129923546,-0.013920340192435599,-1.3824183942880128,-2.403300248604557,-1.3667839937760131,-0.9754268793494419,-0.34655939727873347,0
-0.22112822791412187,-0.7877606215725053,-0.9178430061190823,-0.11846428395918185,1.930878035347086,-1.074206358251689,1.1779909425723503,1.644340119742163,0.5943805578929301,1
-0.09074675733912281,1.2956214654846465,-1.9118415681239065,1.610377277404214,-2.041317899015489,-0.5749602554274502,3.242069899200204,1.697813837562868,2.070975077738056,1
0.01538756450126866,-0.7476246232034972,-0.20933818455732178,0.6250481139365862,-0.7854419450743562,-1.9417584538671604,-0.3188198665022055,-1.2213491952353825,-0.6124409663587621,0
0.5410509840616632,2.9411825320652927,2.663336536137958,1.8126433491765073,-2.8819925027264848,-2.2780269142482394,3.0906176713135465,0.3634077906549209,2.258905923241014,1
0.26140450254721065,3.9557288300330917,-0.15332597277224935,-0.6141667497509922,-0.9241002012959747,-2.3526236363021136,3.128415136966759,2.611882149601888,4.31342815926474,1
0.7171699746132896,1.7790185925011155,0.0770673065216807,1.1162213045420182,-1.6784225671260706,-0.5665622006301598,2.7955528502383897,1.155043746790196,2.0403460985719986,1
0.3842319165190897,-0.015737307677869516,-0.2679587710121918,0.07944011611839596,0.3237518667568153,-1.0525265707782456,2.686149491181559,0.4191287059231372,1.8517011835572827,1
1.1721263095893824,-3.2846799692967195,-1.1569581397214432,0.4322045809317173,3.717043234772412,-0.47491428753003584,0.5231816419212099,1.7233197183637508,-1.3305262264116795,1
0.1793980391804458,0.7531462389142761,0.6676351578566342,-0.4790936526796271,0.2602469646669564,-3.042488534575943,2.0045587955682356,-0.042761008499345055,2.147426110463323,1
-0.14915398896724377,-0.3455645380869493,0.7880690070092624,-0.26528122787486375,2.105424001648535,-0.549617299146207,1.5453846641917313,1.3914668796192748,0.8689969309286403,1
-1.7478845946618555,2.207130057110223,-1.2767516370535654,-5.014947642920233,4.638158390216713,0.11600797486473002,0.623306578637802,3.2109342378654264,4.134453364988052,1
-0.6442029983199388,-0.06446008467991993,-4.085335518741255,-0.44194390210711676,-3.5468392277905565,1.5113073671495303,-2.008997146884437,-2.7133179031703527,-0.533953762670458,0
-1.087067512934918,2.0311236949320666,-0.6026019982686917,-0.23671027640786324,-0.05544078171937233,-0.7168237282787294,0.3490201254935239,2.3128059261743124,1.2844695837009334,1
0.501894389860622,-0.34326420009975833,-0.1705610380849646,2.526863907703972,-3.082379327570644,-3.926640246427097,1.7026733555555955,-1.6635277435529137,0.08818466461650824,0
-0.9287833699834165,-3.291380087284523,-0.3824739719626451,-0.6594619596834821,5.447988312004332,-2.4392811422570135,-0.463932974090407,2.0400304942715546,-1.340281434553688,1
1.2034600569003968,-1.8712610343172487,4.8413074695891405,-1.7489476207206658,4.533361135943214,-1.9262170183424823,-3.8404013474295864,-1.166409796846454,-2.861860680696192,1
-1.2357060240221238,-0.8691990019079654,-2.5441195351825305,2.103128801671445,-0.3182645941906832,-0.9173825244304272,0.525190267836873,2.203762531176344,-0.9432836843372686,1
1.2281152937809285,2.741475993806998,3.1111473655512505,-0.9574206516432685,0.1165484306887657,-2.90548223832546,2.7035793593512008,0.34851768922147175,3.4330129177702577,1
-0.15722671689112,0.3831261559095035,0.7645732036229385,-0.07746820661559717,-2.8193703958892513,-1.7532043407713833,1.5728339199563548,-3.7606861847678914,1.5992198159811726,0
2.0602140726246807,3.9289300989974287,-0.13031926669452099,0.20718796888132118,-2.808403190437745,-4.593873589323238,3.5628271298375074,0.94119878256918,4.459129914394721,1
2.0850296762606915,-1.4253946736329617,0.2106935907014229,3.3590732133217047,-1.7377443967415838,1.261351460430642,1.2500807495140718,0.024524572582210635,-1.8173510025273845,1
0.030233802717335615,-2.6063327890648944,-1.647593596500009,0.28213498114096147,0.7901728589443068,-0.055764957198943255,-3.0357421066804564,-0.8749222278909575,-3.108779512973065,0
-0.6970789128006968,1.469665469400951,-1.1514428750664742,2.861940065667956,-2.83032085146002,-1.677191354620328,1.82588848666771,1.9343970837031654,0.49412666798627153,0
-1.7353107035927715,0.2573770223394082,-1.8344162388905298,-0.12759727754789663,-3.462446083407131,0.1907884683873564,-0.34686491641024686,-3.189266561506442,0.4101530195531356,0
-0.2652238654505343,-0.5380343530422005,-0.32703091477394164,-0.7058420020200461,-0.06096754178285117,-1.6269216148074537,-0.33070265520087483,-1.5293952987669317,0.21914351315022212,0
-0.5388103588971175,1.5577199580280265,2.818138842966756,-0.49378600967278163,0.6145231694883375,-1.6775568986609166,-0.4322092087036913,0.46775408037118615,0.4465838119599117,1
-1.4036673060505274,-1.0459141503711846,1.3555543495563764,-3.4963581986606456,5.448816792546454,-0.4060945561204756,-1.2789491022741708,0.7652849004752375,0.38904217215277626,1
1.725518556754471,-0.7725137977323338,0.6494973220868165,0.12699377250788413,1.2267839362526634,-1.4901047350501764,0.2072808312363823,0.26443366297741144,-0.2576202940891772,1
0.005785114826653559,1.14759951677809,2.7673498017795737,-1.7851289563634163,2.3614849050242097,-1.4339574447064363,-0.7976163688197426,0.7076545229950479,0.6916105064860231,1
-0.1875038837287729,-0.16540286894822576,-0.8358496045607848,-0.7822900349164327,-0.5124573713755017,-1.8485358064315842,-0.6751658295747344,-1.4859473958268334,0.2874096122608754,0
-0.0760489076970426,2.4781510158526405,-0.41058706902747266,-0.35400127374740675,-3.475809311131519,1.3806379832862299,1.1429765665466247,-1.4648963369904884,2.139731302611786,0
0.3621843221046941,1.8581343839508913,-0.2671843257000144,1.7759305057128825,-3.0846394380989057,-3.9460342338151047,3.3824898737941025,0.08673323745495631,2.5361818039331485,1
0.5919119062445883,-0.29978266780452234,0.7379837353591718,0.5248729690726288,0.04812988178353842,0.01886692655509692,1.9363139624486134,-0.1252900990406931,0.7792022766974157,1
-2.4861665677213565,0.8044402960362926,-2.3045715031596394,0.7134678172138511,-4.063985958794676,0.02139160765238901,-0.3141411868352586,-2.0797198751858694,0.22041927266870998,0
-0.6511762938917753,-1.0135019624918558,1.8521930889922111,-0.9100725139477249,2.68746314881218,-1.038092188552749,0.5722810687268804,0.005078829882529945,0.2646178794242366,1
0.07268946303543318,0.9889605216863877,-0.8410654033925894,1.7813265496203279,-2.30312748207998,-2.5530531668359497,1.6440387281691904,0.5142468154338238,0.8851537341830786,0
-0.653690686996257,-1.8327154052303711,-2.049239059015619,2.256690379174329,0.07329734418375587,-1.3134505726265966,-0.45149245168332763,1.4570632831801342,-2.104878478150876,1
-0.26911080253030073,0.7165116676098742,0.7916871348102332,-0.8635182865065509,1.081231028328559,-1.064390506883798,-1.2645524540288626,0.7306028096300919,-0.10099206333672815,1
0.03949676120218946,-0.5181463878706785,-2.382914732090636,1.006608114521673,-2.5109417266124336,-1.6386645165523155,-0.12910922314291806,-1.5195725544789143,-0.3065199649094638,0
1.0851889161343613,-2.4100950262369922,-2.100160239056632,-1.388043234849767,2.111019609379585,-1.0227551438532734,-0.17877712734168583,-0.9050039663679461,-0.031202362421320674,0
-2.3669689575063617,0.21539366070231902,-0.939220393562642,-0.6660116178159786,-0.9893900561606149,-0.36493491079425067,-2.1932651164780914,-1.236750008022815,-0.7576170378582416,0
-1.5331745953623346,1.220849982336455,0.4141858985249631,-0.5731873159082752,0.7622516341725686,-1.588215891986616,2.139052812204208,1.303050469090937,2.3113604971368833,1
0.8178664249496361,1.4304587439383516,1.4403374485889253,-3.0281092044999,3.65650966214621,0.767211176407687,-1.1249098910087536,2.1155621001155245,1.1645175317806962,1
0.8158535100785161,1.5720013312380607,0.7654982320620858,1.9438492464079982,-2.7967409990018814,-2.0597554480478872,2.745729929712784,-0.018185714273138642,1.5825597011374481,0
-0.8282057056592972,-0.585449098454589,0.8913395777924829,-1.6167011489226155,3.267392326352646,0.1465965542666834,0.4916325076206808,1.0260589603578312,0.7455488874032531,1
0.5981746029905671,2.142781228711109,-2.4864456369576593,0.6706230884703365,-6.058693550791582,1.5006136316804985,-0.8089415320713478,-2.7542108182456975,0.46818679120639745,0
-0.8135992543587863,-0.9206727990483299,-2.8106112779820407,-2.589566102707538,1.4829948252997216,-0.5752526852543036,-1.972052597455138,-0.8385560099490746,0.16639449731847464,0
1.1871272524080254,-2.202612863226678,-2.0870220573029052,-1.056804750428828,1.376399960089374,-1.4315274742699984,-1.5565352113255275,-1.1863987273417678,-0.9862440988682564,0
0.3345576345378801,-1.10602645060534,-2.626206955931246,3.490376549146857,-5.1496005027513485,-1.732142452982989,-0.4675982302709196,-2.4863284803624,-2.0650582724314943,0
1.5997042010481028,-0.7814222108642225,-1.2225236249473983,-0.07301121768813257,1.9152428483741442,-0.6169462516806901,2.037352862094533,1.8576442167273624,1.1322149318345371,1
-2.220256314839614,-2.1565695759872217,-2.2664341553413765,-0.5285502103362882,3.6494656817121665,-1.8621969501328017,1.4661090840404891,2.265021305340209,0.588390970580613,1
-1.1046249740939926,-0.9408031939066517,-2.02271224951091,-1.4548150520033305,0.738317798878381,-1.5882241397893369,-0.8268286311952198,-1.0064159281578553,0.29850550225489125,0
-0.4684776507319124,-0.17262237646834944,-0.5479346752506913,2.4587587899644547,-2.689622569283201,-1.9596916434571607,4.835657681024463,-0.7653373018757383,2.112520628452085,1
-0.07393236525691027,0.3928348343814869,0.5911846617310919,-1.113314147916924,1.7142472324645532,-0.760011559592934,0.3761874614993467,0.9174760111482633,0.9729432459390556,1
-0.952398385130473,1.0177247785917907,-2.7595695272206466,0.8783758660810372,-4.36505914650405,0.7523171859218525,-0.6451016783354706,-1.6909786244894511,-0.027417422587932953,0
-0.4538835988490723,-1.0305246050279573,-0.4719788073043303,0.8420176191479796,0.6748624348317926,-0.9968955346515318,1.5025880457226508,0.6794863249866919,0.17233900730129337,1
0.48815426453882355,0.4776355471890077,-2.1867948256528598,-2.9221711182936065,1.3119157381580784,-1.1550399191811351,-0.056595739680198376,-0.2035633091157496,2.204880670540444,0
-0.19861572287846402,-2.8037785397991963,-0.3134792407326543,0.8744487537646528,0.6065832707252273,-0.9815099133477851,-1.0538278639858871,-1.486923124536403,-2.247697106017946,0
-0.5242284481045876,2.5955727374547424,-0.8896235005351497,-0.043682511274803604,-2.302717271107442,-0.9120549371835432,1.4626689202453993,0.5043512877622012,2.369996430188529,0
-0.7068534015143436,1.7624699343132821,-0.8936715299974566,1.8516471138159785,-2.296698889937358,-2.8926285794489535,1.920917832475159,1.515115124744523,1.356341417348371,0
-0.3267445899410919,-0.2523554590816365,-2.307186473767749,-2.274235021045728,1.5588843583220016,-1.306520090167711,0.3113854575434041,0.01952421586349362,1.7709833721132326,0
1.010370850190332,1.9766789088268386,-1.756011746537629,1.7247787905492937,-4.5407967455805585,0.6988235299189247,0.5381884184752416,-0.3285793749231052,0.5168947905205057,0
0.898346125075529,-0.7583300732062059,3.7647401239843883,0.2307205882836909,1.8871568867124493,0.026482114830899572,-0.49575703404291493,-0.18693090551321068,-1.3005891840251957,1
0.29716714722490756,-0.3184177735717355,1.2614967063439844,2.7660243268841738,-1.1682716889104166,-3.7571465301256257,3.3085826337150768,0.2640335224786168,0.7014755594031972,0
-2.6005359274290236,-0.4150892495149473,-2.5193137317779906,1.4136111616646543,-0.31995355109198886,-0.7452697985527036,2.106011019416607,1.8927904081432558,0.7097614225167082,1
-0.33674303004789563,2.6497232424737978,1.9287510628858762,-1.0168016210743733,-2.368144145129578,-1.7898910224610893,2.845056914383603,-2.2175911369084575,3.756314751591103,0
2.1719932094942913,4.139687681335985,-0.783613396487265,-0.85226916015156,-2.28282651257548,0.6236785314798743,1.6453031761957408,1.5289591325161571,3.425121624744485,0
0.07456406206049655,-2.258143020263744,-1.0611462859383507,0.08205130649138148,2.2566269739696505,-1.0006691393616913,0.041202165079466946,0.6402270527450231,-0.8741830677925678,1
-1.1613468707172474,-0.16772682218556978,-1.5774481451590852,1.5200773659520466,-0.4763868788307782,0.38354200637900915,3.242431717522733,1.7135063500921779,1.311801938718857,1
0.8221564326571629,0.7913064253310524,-1.9970582881921768,0.3977310599924918,-1.7199390575004718,-1.5372165381529097,0.5516174525130199,0.11542966752702677,0.9140112615554364,0
-0.7042945694842044,0.4064583012309233,0.976820437710874,1.5622870444163377,-2.4295112648113024,-0.40924441155743296,0.04924593465992866,-1.256079096449552,-0.6441700526781224,1
-1.005712980422521,-1.3271501692188075,-0.3045382431754655,0.20157994691962955,-0.4001687087272654,-1.6829253427294244,-1.0730102314485912,-1.8307792405081673,-1.120050891872871,0
0.6751644009882938,0.5242504525390737,-0.10569030735858409,0.5527577058741454,-2.1727355755495323,-1.9875400488076553,1.5638603468679104,-1.6299670401844588,1.296865639466205,0
0.2076273980159083,-0.5736300088014588,-1.286270281082996,-2.672045518632384,3.602877975157408,0.1458953418726241,1.821578807547617,1.2910754621951863,2.4958570617234304,1
-1.574867612474653,-0.08340824629596977,-0.06608490121906219,0.3568552325191905,-0.3708905429589423,-1.4303064638751815,1.06789594576379,-0.2900953122146843,0.6403560687697708,0
-1.8206594931993039,-1.1885231041096698,-1.1647785809541964,3.4493886333374166,-3.109787794957833,-1.78763293687667,1.059608672521546,-0.8926087287357752,-1.3593901078504074,0
0.19087993591870805,-1.3779996667514287,-2.602898144788162,-0.7775920920842213,0.9449464238231025,-0.21301136940076082,-1.9558305961163318,-0.012049487768251543,-1.1524950864020678,0
1.0826249210022105,0.6602544309636926,-0.5128098362457059,0.9449093747230662,-1.9009273218232217,-3.187180363297849,1.5949296509696294,-0.5838235666262704,1.2535117027611091,0
-0.037741796208600506,2.4809914393405315,-1.5631706371540774,-0.49003135833339817,-2.014727964386186,0.1533878667591777,0.8629112118862119,0.6741540451218575,2.141639838205487,0
0.40146596758452824,1.0762646488943135,-0.9332369837476887,2.297328237600116,-3.7316377984772156,0.2956030392848177,1.3170404056573908,-0.21658832777675907,0.22648680006308924,1
0.5920318093946155,-3.244438424972124,-0.9353142586617562,0.2407728669003103,3.000619676483668,-2.595575620078171,-0.10762983389927228,0.3521544866226505,-1.3683335615363608,1
1.871714624315838,-1.4112621055385584,-3.1532514870780077,-1.29620614466855,0.47672615716619565,0.18247107843914967,-4.003317785291507,-0.8525555144360348,-2.157737675474558,0
1.8546621338595848,2.5584922729255495,-1.4117385769734998,-1.470657586226439,-3.5117507739230884,1.2609462559873417,0.11454496378663603,-2.184540113138234,2.298357388167372,0
1.01013071434825,-0.742931688223565,-1.4013729096807002,-2.095421011931675,2.2367307942502275,-1.5398542428502142,0.5576120646340961,-0.008092385218091414,1.5133407329873556,0
-0.7244397601032758,-1.0521565113518991,-0.17426984309392357,-0.16597622581675908,1.09645329771106,-0.6517496527750026,2.333841887989219,-0.14283596184165837,1.2627704137243108,1
0.3430485306940432,1.0654569501872415,2.1304554941959384,-5.730735757059912,7.064696631882872,2.0015542658894927,0.18097444572100496,2.4974022994857883,3.130110437736982,1
0.9482059948233497,-0.9869208266619885,-1.462271908481111,0.7518107353736159,-0.8098838027096615,-0.4703768185453222,-2.2058673347568707,-0.5426757576902073,-2.0734684181334226,0
1.8914551152692207,1.6306056917109255,-2.1956256853094605,0.7067782859285273,-1.930465996397328,-0.8981728973951223,0.7104705770586002,1.3794076923043628,1.116471009578646,0
-1.0152542733462815,-1.3596079022912173,-2.905304454463483,0.8536956989353396,1.5654457789308607,-0.6463247505103605,2.6177665322921873,2.6455614286727585,0.9140475457381286,1
-1.1630991850510541,-0.19278393995028353,-3.3136269079108014,0.2570762471581123,-0.7435288273531612,0.13913005867452477,-2.763834647266139,0.9367537869628657,-1.72179450415085,0
1.3690612998424652,0.3167747661810445,-0.6783179493695265,-0.12122153329699437,-0.26408325066957,-1.0621549008693658,-0.46208096548452127,0.16416922749767893,0.07883190708907599,0
0.7265149187347837,-1.301135908009545,-1.0905323056419414,-2.029733565006099,-0.4926182144837646,-3.2318164227031523,-2.4355489903403944,-4.228112864835643,-0.37530367667688463,0
-0.39099944152363864,0.21569193660754127,1.4685032795189308,-2.571551948541675,3.5105873618112278,-1.5702968782735394,0.8240301679124371,0.6982857262558119,1.9678959557489963,1
-1.3111438217869762,0.2961911822770007,1.309224551101582,-2.9610557466970615,4.2613175721262255,0.28713131198361364,-0.5857195745651214,1.5888264974983668,1.0634675715055664,1
0.033210179885372754,-0.5280901494933601,-2.956326720635046,2.467925505512673,-1.1230855932696178,0.8020236220093704,1.672775938217519,2.3788666278924673,-0.33148539948223493,1
-0.8959699672367043,-0.05821831788678444,0.3971961045062966,0.6799531523734721,1.1856883707359431,-1.8643999487281349,-1.0825743203085945,1.8490760666839798,-1.142065086489617,1
-1.3537827607914814,2.9638401324463146,-1.6026662547464277,0.24744291998016077,-3.73539441051465,0.4825920534530994,0.6355660139419756,0.03051910745626296,1.8267140758133642,0
0.003063637440674221,-2.3084446999941566,-2.6795436823751535,2.5639975751508475,0.455576695438771,1.0271384376920931,1.6223527896323457,2.2071894472270284,-1.2861973942982354,1
2.038641925048266,-0.8348795462340233,-0.0340457711826474,1.230903254453203,1.2561498297204277,-0.8443705781953953,-0.3076096874777208,1.9446974374727035,-1.327423859409525,0
-0.327327440521436,-0.22631167429177024,0.7693193236424409,1.489270583431781,-0.7619444802076312,-0.8657059263134342,0.11603686214621622,0.035855322230778475,-0.8740923586970483,0
-0.07232900130230689,-0.6810419648072126,-0.6880524570205705,2.242984984118271,-2.042216736033499,-3.290524229971204,1.517808303403709,-0.7706000712947642,-0.08776101151320605,0
0.09743628697865848,0.15783811787731195,2.402765336754039,-0.16476076699150044,0.46449070851861596,-1.150527596749525,0.3224594143893541,-0.7739223148588519,0.2197229661447092,1
-0.2163003284635096,-1.8654795524922005,0.8547143710605565,1.0492346395121301,0.9203056601761613,-1.0121362402741088,-0.5111783265010883,-0.38368155953932703,-1.7777578212981453,1
-0.5532676586867606,1.9290599383982232,-3.1365510963030965,1.076614872435865,-3.2911680995782997,0.6729542844357264,-0.10515599136672882,1.1367593198088772,0.5030811369332495,0
-1.0532063960426628,-1.0257341597647822,-2.366332582037474,2.7779850162791084,-2.2740288484655586,-1.8738182516451594,0.42400273741493233,0.1846947885109156,-1.2487535703550574,0
0.38595673625863275,-0.8966088529067104,-4.236632136935091,2.4325383505382945,-3.2747423306211174,-0.8712967795647576,-1.1532115959475888,-0.20524192458228996,-1.8706132278705991,0
-1.3030019218148046,1.0463363591451698,-1.2234901266075366,1.4617920165503335,-1.8660480750968331,-2.9053444467590346,1.4594720541384247,0.9203951450267949,1.018278193144351,0
0.7462783899353939,0.25634405884646994,-1.0849677949628667,4.201835481647478,-3.5297452639234654,-3.9268606402728077,1.8094993126712333,0.9152412495453395,-0.547952685393895,0
0.9988621603282145,2.026549486224738,-1.524251658415488,-1.4959522450692033,0.18409405942594634,-1.7202267745643645,2.1023695250972674,1.4466975533564834,3.427879919631568,1
0.14155926689579443,2.9548535789843076,0.755303238329134,0.39470939562715923,-3.1576092963307127,-2.0485391623212372,2.454426217643361,-0.602749491794561,2.922310770488794,0
-0.7234372231630879,1.9205177285317712,-3.5596700701804442,-2.8354099184565666,0.1593949590616133,1.5850511724001848,-2.2265864633144483,1.236156021791984,1.1999758721895004,0
-0.03139593706602425,-0.3665960734996686,-1.4299136389115363,-1.318058963938571,0.056889786046190285,-0.6688495348697483,-2.418057381644866,-1.1647419741288974,-0.7298537408164227,0
0.5373654249348249,0.3050887671988779,-1.3073946404775758,1.362673150010867,-2.85294895639707,-0.5750707891179409,0.7329244604843621,-1.0139218628531539,0.17955756234624803,0
-1.6964581544464707,1.964987920190581,-2.5954712837665705,1.122189033345141,-3.733025342345718,0.028741303283485342,0.04871640719096293,0.33750672084026667,0.6410905217986628,0
0.23140635127741563,-2.465470209034457,1.5097760002160792,-1.2997811539257933,3.717583597029871,-3.14722239687718,4.110955276086835,-1.0606528686815577,2.494452938088384,0
0.9506278731265124,-0.3323054799190942,-0.1824676627702474,-2.471377892480659,3.503001519057681,-4.781036203536805,0.552520469897297,0.6788538861373057,1.9910469068735999,1
-0.10548536715777655,1.187760868496786,-0.5695977859288963,4.781860873131319,-5.918802545570659,1.3538084609391494,0.17693749048724206,0.050719520862514744,-2.020086502470731,1
-1.9102541812810507,1.7926246953155436,-1.2459110454265536,1.7001226307280817,-2.5485660929920715,-2.1173289156448867,1.5079638521678382,1.331103708191999,1.166318939370455,0
-2.128590208826931,0.16795254694103545,-0.5605501944208489,1.0934485760583663,-1.828122807861329,-0.45533105403541263,-1.9278492974363644,-0.495446317040808,-1.666547000726576,0
-0.5230839966946594,-1.783825508534394,-1.0106659845027404,-1.7695325679642626,4.436219756868674,-2.6231720511148957,1.026703355943241,1.5424059444279183,1.103655139616894,1
1.4070992891611132,-0.7694753347520791,0.41935416888528154,-1.3448811547498272,3.222292587378844,-3.6264937644890396,-0.9763470297237047,0.9797606755011562,-0.06383801619776865,1
-0.008413665971365013,0.648409416996606,0.293977025431837,1.4394100020719278,-2.1241011296559997,-3.714739129577443,2.2006319975025144,-0.7826192080614255,1.336205743066893,0
1.6462833835839772,0.47631326058884793,-0.9842370718442847,0.6234667382867375,-1.9276758642857044,-2.15046152720509,1.0950928855018882,-0.8526315134763197,0.9980712178533335,0
1.3701389048045567,0.17811088575246914,-0.9329531590919827,1.1005222718481655,-0.9114919922160817,-1.017459395042165,2.414093308253741,0.6557614511148994,1.2644492866631176,1
-0.3501910303540016,1.2427025076627056,0.969048549397888,1.9294683703001196,-2.500181887963346,-3.651619732456976,2.898418414927038,-0.3277010804756797,1.6805295187131353,0
1.0530697175949124,2.64336386785388,-0.9278505892440583,0.17424485506162402,-3.198168058780903,0.8008373295953646,1.1218360464228514,-0.09794424236862898,1.9352681722219796,0
0.1394151593464063,1.3162808852047099,2.0759992464545935,0.9243705656177383,-2.499780402454816,-1.8696237138049954,3.1165902286747813,-1.8057669164869319,2.2102402799975143,0
2.239965192231448,-0.5654269731575894,-2.0013816527397577,0.7327953896342563,-3.5993631570605364,-1.1348451257931136,-0.3447614031763415,-3.3888478907262622,-0.2859383930487269,0
-0.7181376587627298,2.106573344612986,-1.0664011694674271,0.009654059808572368,-4.197970039849847,0.6688726672726737,0.5019586330473242,-2.100986019979924,1.535054662886436,0
-1.3191719578321237,2.5520978185748353,-2.3824470576505945,0.16432476225817105,-2.680364066649943,-0.44401080039064267,0.43018792592528443,1.0661312803560592,1.6592607351194903,0
-0.2889772582661584,2.719858703646086,0.8987247090535773,-2.1659963027997953,-0.03756639491733365,-0.04025836514111136,2.592143517190827,0.1362345533166316,4.06346972059192,0
-0.39669617996520684,3.663116445534312,-0.6927105243036723,-0.9163892556198807,-2.4338149599528753,-0.8344348417607523,1.5082194216259306,0.507663399892198,3.3415403419045067,0
-0.2561659062458337,-1.1958464553887966,-2.024352515099709,-2.607259771860029,2.5116539655392787,-0.5469516687047234,-0.24799647707096817,-0.36264604137117706,1.063829456029112,0
-0.36146432916346183,3.3081654663252036,-1.527991472557991,-1.4868514106071,-1.517091257757702,0.526037291668584,0.9118375226517947,1.1395258755292423,3.034654971303285,0
-0.725887583831994,-0.511540472063601,2.604638557009612,0.8746004188916185,0.8874022772950212,0.27036433039896135,-1.5842016384514626,0.2664984843032989,-2.1712375031976223,1
1.303874145931379,-1.396584298629786,0.27675752371514295,-1.4016247667681732,1.3411125721647144,-2.7615182467595982,1.0912184373291138,-2.091941884210561,1.2222428381458785,0
0.5716087108071156,0.36399470581935933,-2.7026061685202305,-3.4762753163737594,1.790929918539658,-0.0031514795882384705,-0.7979096021894244,0.012569478992483951,1.9092915606726428,0
2.024028536379257,1.5411525757319455,-2.246771394702593,-1.3272662350003972,-2.2174220935578886,1.3287085415222077,-0.2478520056858533,-1.1796510136344942,1.539850035478702,0
-0.12051837437919372,1.8271916212629309,-2.0187761979119925,0.38425193369815736,-3.4279052686980718,0.3131707129202692,0.24172767526705252,-0.5807745343679043,1.0761993713344573,0
0.269235132886258,2.1450771874437877,-0.496525355398307,-0.2969038814771434,-3.6674389410076906,0.8632987191514137,0.8930045275168483,-2.0356674826453602,1.8858193840697177,0
1.3162472971612738,-0.6194113486860882,1.948401734648148,0.2714187145490401,0.9552217214292672,-2.627854787582792,-0.25639658069378335,-0.48146521610843673,-0.5937858054571742,1
0.22463231585607507,-1.6456964291608798,-2.85590723947544,-1.7632426310070581,1.6632984748463084,-1.105540699584538,-1.5848947687875277,-0.5610028651626129,-0.33007773447219235,0
0.7096010214014796,-2.4206788460591095,-0.716219766705134,-0.010671720959674391,0.33890177677613564,-1.9889791658762495,-1.95570346563147,-2.259730605412013,-1.9870362012550524,0
-1.646241349106251,1.449464367084904,-0.00481288899513288,0.31124674933223695,-3.1104106047489557,-1.045460129625607,1.5374490297121322,-1.927796465539366,1.7618087056831389,0
-0.9547098336929226,2.8168085015412516,-1.9043442133238393,-0.10418692520769257,-3.198562268278064,-0.2895208452634622,0.5306196949709653,0.19283680774987388,1.9812509399901328,0
-0.5348579055061975,1.5798974545825757,1.9090419606943017,-0.2186100083088659,-0.4324247720353215,-2.308210525098829,1.5855028954163672,-0.15595733776612364,1.8807371400222568,1
0.4014981505462089,-0.26754158486945956,-2.1260576927740864,1.9673664748756212,-0.9339559171830664,-0.15870927697427006,1.9033659852608151,1.8160064167529961,0.23641253551558764,1
0.029621141956916314,-0.4013271033191913,-0.7536240759720826,2.023987939557325,-1.625849616094897,-1.8852033370805246,-1.0151658605549718,0.08582853286788528,-1.7161144237008497,1
0.2651070945122431,1.9562964662094762,1.4531079958292574,-3.16431383277174,3.6141722055389103,-0.718696278267489,-0.9908702470514885,2.374888180147159,1.6877032486890169,1
0.5992628254007983,-1.8362347486563668,0.8615849322333744,0.09971081723642361,2.0485485157091787,-1.8126592392608414,-0.34778277871773344,-0.1401686905070294,-1.0764512509545474,1
0.402164556572795,0.397943311983157,-2.1787096956164387,2.9817425738787557,-3.332859677800393,-0.32762839921792797,2.8798580703907595,0.7863479559201301,0.7348864515689385,1
-0.4861364668488323,2.4307364295211147,1.7057180161927805,-0.5513674099346236,-0.09844697151836043,-2.778678798784397,1.4007918769603593,0.9542787767968589,2.3246499218924934,1
1.7582721578752782,1.4565777977968275,-2.5820364847807427,0.6469959857830075,-4.462542450324964,-0.3047730519268461,-0.48673318033948676,-1.7576933793987117,0.4865152087806222,0
-0.979565314634551,-1.1430462782116257,-0.8562909788260213,3.619788013365052,-3.1128594583475424,0.05788000843265517,2.4677736551890277,-0.6631055972803772,-0.7136479767494199,1
-0.3677355832759664,0.42299825738732355,-0.2548341938642936,0.5329842435889084,-2.907417935757934,-1.035492568834266,1.1292108842401616,-2.504318939323247,0.9648041391283585,0
0.44809821335102445,-1.5583338569881298,-2.3366637787184823,-0.9310859584087644,0.524296425483286,-0.9679385963135463,-2.2367013312477875,-1.1329859016161743,-1.2266192473559494,0
-0.18142386111809947,-0.10196717748028572,-1.5500410945561418,-1.4116663088413723,2.670540003490627,-2.5321042186856837,3.3929149739395834,1.9809483250726818,3.3024629026298604,1
-1.372791249746409,1.951782569249035,-1.9639864818931239,0.8828880798158283,-3.325115055957304,1.0820699164132432,0.48311172590993423,0.3194140269318242,0.8794351465846231,0
-1.2314995772215995,2.2409311083670564,-0.8215526030494242,1.2681899439819269,-2.8162549445681933,-0.5851673776071937,1.6524510859048016,0.962490601905386,1.5386479819865027,0
-0.4569940385564593,0.846326421772229,0.8784452636388617,-0.7030471426637247,1.215654654592117,-1.1996595919923734,0.39215216028470257,1.1280232581630558,0.9538406941610897,1
-1.435954978028016,1.4389083568278274,-2.0274317741976833,-3.204665511283966,0.012570053035037781,0.3746396281159228,-1.8522897019853128,-0.8687718994128217,1.4876113155519093,0
-0.6308550387124194,-0.26790987867296323,-1.1150532397593882,-0.9001534515708502,-0.6275782655196939,-1.8984709419237986,-1.1276573954983877,-1.7374747933900128,0.0612351805228537,0
0.1404258674448342,1.360584839138988,0.6128825249690106,-1.3404743045604766,1.6463337781986787,0.31132568901132496,-0.14935850109230286,1.840893330761707,1.0270209413785927,1
-1.5410330691004628,2.0658096100322405,0.2772122468347783,-3.3208710373797983,3.1596036441430595,-0.8899779902966544,1.9559462829089562,2.2406247854179577,3.9821424597384207,1
0.7704804366875033,-0.007936494632610147,-1.3244089149513174,0.0449139576698363,0.4547780076558843,0.016359677809467676,-0.4912498061875473,1.3022050344473373,-0.2753799947087619,0
-0.1952945797961987,2.7865806633776278,-2.3187901653311314,-0.9386736877748858,-0.32721004490922617,-2.77915211665648,0.7137145070205181,2.7166051767464614,2.6528654414620685,1
0.3763670371991087,-2.527190105215622,-1.1130510605656845,0.3439448657084505,2.615961758727806,-1.2888170850624754,0.7503314310455295,1.0452202748941646,-0.6630713273753117,1
-0.27596309645500083,-1.6801226818432826,-2.2259507432067647,0.8964372521700434,-0.5205839750066132,-1.83622023038016,0.2721886643010315,-0.6741201557326022,-0.5766544463671844,1
2.1511640414257696,1.263197942887082,-3.683118882828573,1.71589223573791,-3.6897825993984332,0.7739855362417476,-0.6729004108713472,0.8957733422527143,-0.45706788023698075,0
-0.16112748668600121,1.6531233590676253,-0.47396031566750274,-0.4021966998208275,-2.2678548281709983,-0.36495129891872147,1.265287995265075,-1.150874293583613,2.0121554025512123,0
0.05237283972499601,-1.5358320985463345,-0.38341756175079833,-0.5239400806365204,-0.10316067003040441,-0.8988029737116068,-2.787570652631053,-2.3821904433592183,-1.9877760939317648,0
-0.005587133968183114,0.5503861391565015,-0.5050378620551792,1.5343254576946275,-2.4855476660928355,-1.5161748842874316,1.5211168369609154,-0.5906797300948208,0.675529054251143,0
-0.7336079460866397,-0.4330253457002615,-1.3516559437418447,-0.8449106622436042,0.14047517150074199,-0.6576316966016773,-0.6505986500297994,-0.6856196251758904,0.11813364037646136,0
-0.6378040674775352,-3.7746081144491117,-1.0765621257787414,-2.0088259490764244,5.225046019491263,-1.690363504601701,0.8651712892002877,-0.00817386511089846,0.24122232045069578,1
-0.780260725478798,-3.5503037629745196,1.5664418449847746,-0.07328616057178661,3.3612103048158795,1.047452845820982,-3.021593619071913,-0.7456461144524735,-3.877271098683651,1
0.14018003100159276,-0.9163993522350318,-0.5146348007220662,0.374991279132342,1.136605314508652,-1.4457458029562567,1.86741409051483,0.8111624705797597,0.7644001951873868,1
0.8348357375846623,-0.7768955354583787,-0.9160002607770379,1.2860630406857698,-0.2407835012964913,-0.7048155478803284,-0.3472391119334932,0.6780695999152301,-1.1629112594104705,1
-0.7093589096424198,-2.6814008842596055,-1.7631585515297576,0.8525407930870478,3.2273024113794895,-1.9684181530151101,-2.0324320427557048,2.572025120917785,-2.840484412107652,1
-2.3141639826724685,-2.3496558305781194,-2.853905848152096,1.3140344831446635,1.0639195352348074,0.03393413714707094,1.4847804308045607,1.450948332352125,-0.5409060247463487,1
-0.7672725723599824,0.028471708796660833,0.1608215086744127,-1.2481799649577128,2.4577457706563015,0.07204732582860762,-0.02403007005790303,1.565221869850842,0.5461239855995607,1
1.4744603266068357,1.0267895034752295,1.021634152946715,0.5316447839137401,-1.6019963867479456,-0.22410976020968543,3.182728759573315,-0.793646643165991,2.2560248766508675,1
-0.17530832016402878,0.24958245811732716,-0.3632855968421609,1.9833063870666212,-0.9394271465687756,0.54492168223723,1.2379179261194349,1.6420057412722837,-0.2660580038556383,1
-0.7803766047308504,-2.794215454651135,-1.5523000631071273,-2.850637925341728,3.350269037298905,-1.6547216812906393,-0.37748750782379115,-1.8642409448176362,0.5171963270846431,0
-0.2336732917249238,-0.038926383826829114,-1.4981706589773576,1.1679762627686758,-0.47002328267652443,-1.2137157311936226,-0.06731705797213183,1.375559596044297,-0.4947311755441195,1
-0.23154949394529548,-1.1441852669787125,-0.23376858341416806,-1.7083398431662697,0.7359212831657447,-2.1068030304221725,-1.0249512463850987,-2.505508535019764,0.12689634854907922,0
0.09256061717143475,-1.689016731618683,0.7994876722491799,0.1652694853217097,1.8253484149928108,-0.8285771170403657,1.948529922498151,-0.1121369143241604,0.41171151248876015,1
0.685558363217184,2.1859965335307736,-0.0907468384764819,2.7850426658783123,-4.0278636751210986,-1.5931640543516064,2.2767198785901908,0.6641788405290856,1.1111221255248447,0
0.10321625976591761,-3.4991434386768843,-0.44400024002552163,1.5336851074849158,0.7452707158196799,-3.107470561021778,-0.42032413963695303,-1.5446580945717332,-2.292683674001015,0
-0.36611968937534733,-0.026541316323361208,-2.2224657579132456,4.059703448319731,-2.031976885806433,-2.731047083168521,1.4096185995450958,2.988380318550099,-0.9730602260490216,0
0.28710063740125935,1.1376105483806227,-1.5989479858382338,2.73354835011159,-3.952473672108777,-1.5099302401249182,1.011295546402886,0.2602785832881782,0.028554784547569535,0
1.1951854024030977,-1.4415486979501329,-0.11058504574628247,-1.3655473826782347,0.1264160427597367,-4.135332199106295,-0.024278137497989905,-3.5195699943549035,0.7117462230495931,0
-0.2504079935680075,1.7712382411490255,-0.625620482082725,1.0118176920647712,-2.884993364393671,0.23869179650039185,1.5430434048757338,0.0006340874416574938,1.3567688428178295,0
0.4290068480163878,1.2024416844762338,2.004410328697137,-2.690213728317223,3.2519356658627103,-2.6291226717688403,0.3902851352562693,1.0560559420879136,2.1981671278992665,1
-0.6672232368866481,0.31856071176579137,-2.3756331736829637,-1.3420278725866654,-0.5814038271602116,0.7082100942013141,-3.4001159577007103,-0.5149346119008773,-1.1040553877360713,0
-0.2197437480218142,0.4492763744360879,-1.3661084067044158,3.0142033129535295,-4.221269479209112,-0.1949845814311082,1.6685698509536036,-0.5813910244699063,-0.09460187952487273,1
-1.4886726837818571,-1.4707547956155251,-0.9388676631227924,0.8156002047626345,0.00873201829285079,-1.7667800650180645,0.48495521511962225,-0.5138955685846565,-0.4817922178433082,1
0.4342071778618859,1.4278733644691508,2.5898705743998685,-0.3454758230131274,0.5956417242438911,-1.288156927735004,-1.2146167030600794,0.642957222608441,-0.23728550405784019,1
-0.42524834572950676,-0.9942864048790258,0.21323814657271978,-1.0684097828426098,0.7253970011105673,-2.0883094094174424,0.5726573477375421,-1.8711156582026185,0.8082169723689647,0
-0.20478525760573577,2.0505480043883013,0.11795261096254772,0.7129552137824219,-3.4272613263723333,-0.8210381599706705,1.7563006379941164,-1.1806662677155857,1.8749865207865146,0
-1.7985004951846741,0.9329398441250678,-0.8936051651373018,-0.11369031467934976,-2.6759272252868986,-0.27691087721180796,0.7810698412537127,-1.946959778405494,1.300009632740019,0
0.08037940020917021,-2.7573407306754376,0.9541449633034864,-1.2285931139764306,5.8974180570865,-4.149019305582941,-3.5038133609594952,1.825725911190992,-2.8249285298408453,1
-0.9772688616230066,-1.028720403311369,-2.121404552964459,0.6522603344998026,1.6329225696154952,-1.5632790594121282,0.7916711433843093,2.4612398546323675,-0.054125759019891695,1
-0.8291000521161067,-2.217279877799313,-0.16576720398145273,0.3149084668680313,2.309025331867562,-3.1082211221704945,-0.5118173438089468,0.3784816865029922,-1.2631954270921826,1
-0.011837146240324198,-1.1018979167655676,-4.121800267961733,2.9829617530509926,-1.752661711205574,0.05806090203721892,1.4863503040404922,2.0337027300489625,-0.7581437546646517,1
0.5506793226250375,-0.2702603571891318,2.2236110763368435,-2.6819542914335144,4.619218708028346,-0.3044270972571693,-0.3714513899203722,1.1496979984319395,0.7547436092557911,1
-0.5749088287057034,-0.7461165042154787,0.16415194454840676,1.1625016813883002,1.545965427691609,-2.039939487054567,-0.13580319625329484,2.1063898970130936,-1.0624919102045807,1
-0.21311375409278915,-1.4171881876025307,-0.5200512650906399,0.08549821661223778,0.6222063988150703,-1.7190728799001551,0.034737692671145126,-0.731216762783945,-0.40102971025157397,0
0.5795842217637382,-1.0680963972704562,1.629560712295075,-0.9610150799704896,0.4291601610146017,-2.754516340333173,0.6804063499240258,-2.9948030192462185,0.7389777842200663,0
-0.5737555504043761,-0.865288422635901,-0.9404495134095219,1.2588266349571322,-3.1030194382588183,-1.2627713015640056,0.5537517582086233,-3.0989694730739514,-0.2623555286342042,0
0.8755050498444104,1.8777396082909399,0.6807903391314296,2.3675261370613097,-4.1764880254742955,-2.0933870870338787,2.4089722123472637,-0.8251560523727658,1.3361114825662315,0
1.9825130636978765,-1.0392270385702616,-0.4365435917928684,0.7183569231622107,-0.07026933288169776,-0.48066171106945044,-0.6777220127783843,-0.2974652646449881,-1.207698614223952,0
0.4992584855816643,-1.4084632256995167,-0.23911808311435423,3.5925209722802736,-2.673640364789108,-1.7933300855907683,1.4800975263187892,-0.9318677946571472,-1.3779987038856616,1
1.077359809862273,1.7988497620399513,1.306089937882141,-0.015045254411530262,-2.665544995463804,-1.051790041583243,2.4119310638016387,-2.033276425131983,2.522975242276492,0
-0.9191586584740024,0.6049552173926469,-2.6953931807149853,-2.129487045042457,1.6366492801524237,1.1657245921649313,-1.3619119004920468,1.8130372025081232,0.6646431993066872,0
-0.2722221717726958,-1.8321189217815874,-0.6710052243143603,0.430027598467695,2.3449756677308793,-2.738121236184794,-0.3580348725354645,1.3084301100107272,-1.0780233717833025,1
0.04167142213935586,3.297352971852733,1.378669119917817,-1.8692987947573023,1.0603121488835414,-0.15233985244421033,1.9146664518377738,2.3095188683590906,3.504479128777501,1
-0.04917413002709046,-0.47330791862032084,-3.2652494487695,1.933893539666986,-3.5777266153746856,-1.067249757505181,-0.7114718410079746,-1.1865877448246624,-1.1457130701350322,0
-0.7860811988080079,-0.25658482723098064,-0.6381881475791381,-0.31849555777667715,0.18876389260085966,0.24661868067193926,-1.8105738641966265,-0.0340318087951782,-1.0919585374011618,0
-1.3119615453661218,-2.1780034439767544,-1.9496387683641965,-1.5267824283182942,1.5411027095634866,-0.9814529180992331,-2.312584598373017,-1.500198140675062,-1.2596529280674253,0
0.9899508544001078,0.8313961925429361,-1.4092148413095504,1.0314556859988215,-3.2216076378892233,-0.5641271917503234,0.6021058933062287,-1.1717573083271586,0.5414676598521785,0
0.5465244160535132,-1.7640139333996454,-1.2145965465213697,0.6746230788069905,-0.6929836589779599,-1.7110310775566744,-1.8714670954704749,-1.6795579078819718,-2.0050832288123814,0
0.1724198520913992,0.7079649239898642,-1.6980370754175933,2.2020208341577736,-2.942529530910595,-0.6038250223219179,0.9105598812819246,0.527340761989813,-0.03275985236345906,0
-1.273161394159899,0.5059830538955923,0.7946683030626585,-0.65037004715898,0.9779466015927478,-1.2724681464582095,1.2267126503366166,0.4930085212688563,1.3899477089183194,1
-0.26693968713962596,2.4615877633123437,3.1639175084329536,-3.9836573913508,4.659913794156953,-1.668714468773777,-1.4165072751880987,2.3748955505171256,1.9462698449660123,1
0.8741140818178601,3.4060540056439153,0.5337191943030892,-0.08521397618866744,-3.9493141075285343,-2.3573908908899326,2.0710877640515966,-1.5137233617200767,3.2607546238388516,0
-0.30266104367554975,2.1024965836719134,0.23129195032761052,0.03480831092888692,-2.2319781763764124,-0.8002196883276469,2.0260385345873146,-0.4855006001952391,2.3873996402608766,0
-1.9140058280134873,0.9419907106902083,-5.2580779229519905,-2.889141113818974,1.5490035864114813,3.183752221150062,-3.2262827114591697,2.789907317153056,0.07738206379301485,0
-0.36159230006934645,-1.52973110294967,-0.6466629824226993,0.10350124999075727,1.192796040028397,-0.6505717046797042,0.43758843494363053,0.023417540584200314,-0.32690386755839057,0
0.06183167201811978,-2.265823142375519,-0.49316085449837443,-0.39283044856653815,3.940053527085391,-1.6167459329077114,0.07314076301463168,1.8222063332560154,-0.6979573372266922,1
0.06410256495022532,0.17657888615909223,0.3130277997719024,0.7720468440105936,-0.690604715538949,-1.6909395648813685,0.3435969030523284,-0.08709082350248765,0.00478454683310086,1
0.8378336775244427,-2.207489922382962,-1.8052192704370518,0.6870688030719885,0.5723157326833027,-1.124973165475197,-0.7968467356091383,-0.2966710390996903,-1.5693031955739076,0
0.9027131482849698,1.7747559665609813,-0.6404174646801777,1.8901288753478633,-2.82268824891711,0.37175081830411405,3.1081273023544265,1.076350126134217,1.836928206250872,1
-1.0034720886430621,-0.11085484268188062,-1.040554374856281,-1.0698123866553588,-0.6836330052656492,-0.8617750602631449,-2.9798237453636647,-1.689884492073865,-1.1221864285290781,0
0.8488367959795216,0.6118207284473356,0.5921404484486832,-1.6316654067008314,1.4135459732366178,-2.94705315982793,1.3914728752776508,-0.052273717870503944,2.3085909424117173,1
1.1644646925122124,0.6537088439061585,0.6078315198937121,-1.4671192123865127,1.7510109480343208,-1.0033696130931289,0.30814625343303637,0.8324535650304313,1.2689441487217963,1
0.0376450650971495,-1.5641979644654285,-0.08647506441218888,0.031091822868325014,1.3200027950169857,0.9675731179457363,-1.5060984419187087,-0.0030598709050860817,-1.8261965783757397,0
0.23146158249877297,1.8109454887743672,0.06767485782884952,-0.22912503100435777,-2.5606716424169695,-2.0166510088728113,1.6928874832396026,-1.5793995374474803,2.3850783390629466,0
0.03355159681824261,0.5648037390758561,-0.14373521931878197,2.486019836624569,-2.8574449668788966,-3.6617383609341205,2.0427577859932944,-0.3412091265137891,0.6367687196611447,0
1.4639007861743227,0.0772782561384745,0.4905188927594162,2.657846024214291,-3.174649502188678,-1.828450822943267,2.5799374162202575,-1.2783376968254347,0.4920076927934248,1
-0.18010260135135786,4.160549775960641,-0.7949324838091885,-1.563120282789535,-3.2207839902505677,0.6137147566517629,1.0711352064455448,-0.4205127478063506,3.582597176448095,0
-0.8133599364488912,4.658235071616763,-0.6786521826951728,0.059230873838141074,-1.936709262373608,-2.729423390507641,2.753675576890089,3.220874816034975,4.076566358594918,1
0.6551002716225308,-0.04907067079015637,-1.0566133730277572,0.9132845889237605,-1.0292528639888698,-0.6977430170842535,3.794327182745899,0.06700401474216122,2.217272965742422,1
-1.375320682059021,-1.3009466431505183,-0.3813323636647822,0.9316452933180784,0.854165395735914,-0.6882435763289957,0.7191951542605053,0.6941438537063986,-0.5685184179812334,1
-0.6820218148640513,-0.6861878990262938,1.8402966478307805,0.644337106423829,0.44084797771644124,-1.2741606767881797,1.5407697656472292,-0.6369356673926321,0.27684560975570804,0
0.7354432862041588,1.1066040784070783,-1.3315770245942191,0.5740222861160008,-3.6185312145072857,-0.25685144308302954,0.4638529011318203,-1.874713252368735,0.8397668200622476,0
-0.44392649443489174,2.243206325960898,-0.7140713482425233,-1.0235047303402225,-2.6983950257086926,0.5375123280536325,0.8938148637507637,-1.4806235888408472,2.3515662893003437,0
0.2523299733716759,0.7881370949248405,-1.1619595005351238,-2.348372419865576,0.4606349644137765,-0.002924086548560023,-1.7852215364307593,-0.5716716022998918,0.6577215078238761,0
-0.6998149436579741,-0.6186803429885162,-0.4224827695532174,-1.2613039441017753,0.37850086827405177,-0.6345673083543636,-1.389492303260558,-1.5440188513927715,-0.2983766421814513,0
0.6519334010300283,-0.791561192895202,-2.1861567689644614,1.8653531155961356,-0.9372099890150656,-0.6064685166407168,2.591436452103758,1.0278118132487668,0.6165833280527259,1
0.4707532415477864,0.4932984044704065,1.43932686687908,0.01884862595400727,-1.7908718313132943,-2.2957196066830274,-0.9592348665612663,-2.5481290319362015,-0.22722654546965626,0
-0.3416652836197584,-1.270256887855099,0.42040415787974794,1.0636752800100044,0.8427482738076187,-1.8332482401195045,2.0956566209248924,0.3023009080388732,0.32107744628136736,0
-0.44721073654455185,-1.4400072416815572,-0.23986848012916673,-0.3404119691072871,3.1543005688883996,-2.1962045270179207,0.17658676985395583,1.7039320251598538,-0.24842682010526607,1
0.9973392257590772,-1.0275105776293283,-1.9153116571773212,-0.09267860333758848,0.2520494774365819,-0.07421512855773138,-1.6489215455332171,-0.0023788140221029375,-1.2672919696348275,0
-0.3887452936715014,-0.11200046946386788,-0.06415405473188629,0.4407300209784676,-1.9799723260541473,-2.206066314484931,1.426817324408162,-2.3215255130242065,1.036199058693707,0
0.4395100188191182,-0.7292495572140316,-0.24032162575127747,1.019425828799089,-1.4692374067557905,-1.6089091252261183,1.4850568340925463,-1.6021081617726187,0.38890776204544825,0
-1.572750405691489,0.9739993162037006,-2.288354874499887,-2.4147953366708963,0.11800318003187055,0.45093251050464644,-1.8729483794267865,-0.2313555722088979,0.8059343377537603,0
-0.868676915480973,0.16886680926833675,-0.28365697868168915,2.5265357193515756,-3.1939210601771166,-0.31480635521354217,1.206051723476981,-0.7546974292978128,-0.38635244951032943,1
-0.17252437332674642,-2.0854765446512493,-1.3480304787440502,1.6005284318765083,1.0864906160467411,-1.017587535393168,-0.19501292641204548,1.314233281513788,-1.7981260585861232,1
0.9960325033075258,-0.8351120856673353,-0.6158600677608059,-2.898012134231924,1.5269670533221202,-1.61628350844998,-1.4492511157307013,-2.2805615624522417,0.6314393944386874,0
-0.26216392012514006,4.502276762608616,-0.8416607350358487,-3.350778127354042,1.7194776222004455,-2.332212067948743,2.971721432512545,3.723883147558965,5.980684938079986,1
3.6028321358108735,-0.813236458119487,-3.717516564568043,-3.3063320960070586,1.813392334099268,1.5556238713306527,-4.4052681202890795,-0.3791841399907535,-1.1260635944620534,0
-0.9448805011240154,3.4612086089224814,3.7056656612023864,-1.4006190694482212,1.0079563803929779,-1.7387492070164403,0.6123798991543279,1.687665718795351,2.3273595577841286,1
0.6568660633095018,2.360617629489817,3.917621367909345,-1.46558118298127,1.8806705980336966,-0.7580018350248163,-0.9466076223754256,1.4219085256685928,0.7106214075733946,1
-1.9835756781146474,-2.8890765653423847,-0.7791615577685318,-1.7456015911874099,6.156926170917378,-3.0079981868521997,0.47209120472723753,2.2516846793279415,0.16167991009223545,1
-0.553646484550792,-1.318826684331607,-2.0111555792712625,-0.4693602671493253,2.205650800792302,-2.4744989108295847,1.9458472987415516,1.3322255815935746,1.352563702381422,1
-1.1390566661397103,-0.20987670409018966,-2.1745711745590657,-0.6442168885933266,1.2616917473171727,-0.4130844037812069,3.535717450198182,1.5169102302664736,2.8483340967088497,1
1.520277988882833,-1.7119313127388733,-0.7274767473921202,2.6543025076095663,-2.7721707071138884,-3.5724340257712175,1.068342428145244,-2.428482479063618,-0.9436542949800698,0
0.14163812813565044,-2.695231637473109,-1.4323161320088995,2.3521711841430144,0.468170713701352,0.3324392415532629,0.10206607506376397,0.8581425484741471,-2.374501288394413,1
-0.8418843502853434,-0.0332252893695979,-0.5166447310188862,-1.7065560304503327,2.915864942387181,2.0996963237516235,1.28447240496568,2.0306047399148777,1.5201789245342598,1
-0.4192313788989148,0.04877156275692052,0.6278480266951854,-0.3762175377099082,0.7633039641178563,-1.4664844062548972,1.7687794348770387,0.04517536777947562,1.4626271748818191,1
-1.9507673273715016,-0.1927316576782524,-1.6445571792453955,0.6238809274711649,-0.3579108702328454,-1.3470305446267279,2.4615919279081213,0.6726322211017746,1.511314383295823,1
0.8802141396241769,0.3364579316501718,-0.023941226678093175,0.3248553917582635,-0.2229839066096086,-1.28744067449961,2.2297605984964317,0.314056240021113,1.5695069452733195,1
0.18955986050867568,0.5713664735502042,0.5576432168879022,1.0745058347095275,-1.2920468882603418,-1.0825978652446735,0.13476932029927702,-0.06715515136034733,-0.20894997264655613,0
-0.11545731718918943,-3.5176595601011313,-2.013839434484077,0.10107145591728628,1.6253877450165655,-0.20092976507527505,-2.9816945838994497,-0.9676654609064363,-3.3252783027733663,0
-0.22511256068511618,-1.3449644880176035,0.096361242436525,0.9922793939505052,1.1676153884188687,-0.49905689236996753,-0.5463631400532782,0.9204561735338845,-1.5677389287502022,1
-0.08490732353535393,-0.33436043447627073,-1.4285851372494267,-0.12182720109771306,0.6575650380268656,-0.5489390566952401,3.391193691855616,0.8361128268577229,2.367242408892403,1
0.8551890533928274,-1.1620621301447578,-2.363471971095836,-2.2155143610890438,3.7343584076460288,0.8309228400928821,1.3950547357771756,1.9138386778726881,1.7230827890432276,1
0.1451486961703552,1.879843163229967,0.5566594368838527,-1.0595313850966457,0.4889838421939896,-2.9628160938054156,2.5239436374829003,0.9621758278403713,3.272540006931623,1
1.2121067127178047,-2.479518384989536,0.5857543458172556,-1.3690675538716004,4.100613867368222,-1.9702145744807962,1.176878976543201,0.004833550768719719,0.4991444475732259,1
-1.2336941643285493,-0.5834545389527503,0.5915616509989741,-0.8480014820251515,0.4874272277361837,-0.6201026684744674,-0.8789692609767011,-1.41577035449439,-0.3131662404741893,0
-2.293662022370661,-1.599092317186316,-3.2728827766354716,-3.5137661943068057,2.1256290055828453,-1.5059633137651516,-2.1474884242384373,-1.78135282055389,0.4581090518271463,0
0.35976570416601955,-1.2686213335594403,1.954125957746455,0.2970553182112965,-0.11890098268293264,-3.2070849078015784,1.2828396662234742,-2.6799291700968415,0.33218957191312143,0
0.1585496531596428,0.7389993088455584,-1.1090052271748732,-0.28614597196134683,-3.304853615133182,1.2731589053205528,0.21421117973523407,-2.8810730915190366,0.8792600407414366,0
1.5122349106655983,-0.19455637038258367,-1.2233121821464743,2.42238023318237,-2.3398583130748234,-1.8970478180770223,1.2268888652480403,0.0723914347399468,-0.2723933093352073,0
0.35397688506367536,0.79018587723375,1.0914969437700566,0.7935608643095013,-2.1308878997885836,-1.6112153105991902,-0.29808061648310236,-1.4881801341855077,-0.16517963716159278,0
1.2594018029921237,-0.8906590189717022,-2.0111029887046805,-2.238152639045162,0.6756749341927295,-0.09003002015513561,-4.342492160253416,-1.677975211125373,-1.6938745036652916,0
1.0153427862709963,-0.8936643618083626,-1.6856175536731934,0.9200989255023622,-3.419626770465813,-0.7947484446422104,-0.1544067760116521,-3.4729565808557523,-0.4803285819467561,0
0.5198829317679478,-3.748123082535046,-0.4844691204896149,-0.005531712893660279,5.3546468124710085,-1.6097000530593109,-1.1633877464146423,2.297708486398774,-2.461150328499956,1
-0.4136007143252674,-2.9149429971241156,-0.409083761473221,0.1791221934807803,2.6781725247850656,-0.9360836121325616,-0.410836661756391,0.18091206687764183,-1.5944218359361282,1
1.5826190437340513,-0.8579778406896754,-0.9139019490299275,-0.24290379290307518,0.7339976583219073,-1.8211986693156645,0.91537689669998,-0.14400836192859867,0.6489722101411894,0
-0.5249265207803991,-1.0246945066544728,-2.8539356895062324,2.0026436934895546,-1.3907684955312478,-0.18546922717956627,2.9167337914625757,0.7148696637646651,0.7240685043440216,1
0.9903862366113527,-0.6072559490596576,-1.6084492579444172,3.0864498402137457,-3.1320885457254293,0.25264539332282343,0.6128657412763823,-0.2030183590997061,-1.3658790522778659,1
0.871705131061377,0.9306775479177616,-3.60273100217148,0.8927306983157449,-3.5589566212457693,-0.09456570381574037,-0.8880357543524304,-0.42107206852226153,-0.13920023798039163,0
-0.15694480527717874,-0.9454817981138418,-0.8520386697907936,0.10014645855458126,-0.20023524748729798,-1.0566640808692231,2.5883037116456804,-1.0234791035107564,1.5256281538897392,1
0.03701437749614225,-0.004305876371732742,0.04158840973700417,1.04050962300456,-0.23777621136311167,-0.3089178274058041,0.21093556533588032,0.8542014545669789,-0.472336608342524,1
-1.4428537540673354,2.342149220074713,0.7874544001661138,-1.6806645823961561,0.3228243904131386,-2.8499159386913107,2.5893966019471613,0.4756759156142484,3.866075507269315,1
-0.5245367390000981,-0.692541718990924,-1.7579272125604462,1.9219900915796466,-3.5782647431536887,-1.3331895981063628,0.16230035276821353,-2.2874246573007433,-0.7529763642797218,0
-1.1722824969029528,1.3062081110383672,-0.21358394302754768,0.26141116878340165,-2.149826399781739,-1.5504385827216987,1.6141425330717833,-0.9074519300144179,1.7758394323569415,0
0.5161349660879432,-0.33431506391872834,-1.4319726690420957,0.7799185682027896,-0.13800218087740088,-1.5351504495236754,1.647807329418182,0.8591791132611544,0.7897998438179972,1
-0.9543797233026288,-4.89901044113633,-0.7414451056579096,0.9714498916303624,2.2212060592887624,-2.23443248272147,-0.5645134162916365,-1.7965135172860123,-2.748292748793017,0
-2.3819912731366584,1.1767393770303516,-0.8155752236898892,0.8869451252965043,-2.099296314445006,-0.7358245448170414,1.4405959395502799,0.1242318544490848,1.1874677961336368,0
-0.5801276426989396,-1.6550645495360046,-0.8051134114642835,-2.256733027651474,2.3419064216378755,-1.1523755207883928,-0.5975743028252214,-1.385127671402167,0.3893235692860816,0
-0.1614471331698672,0.22302441549300234,1.0480901110781782,-1.0097116387602914,2.156590249689963,-1.4331831104341304,-0.9470127275216813,1.1302819591989113,-0.06448383644729683,1
0.5789130237728995,2.280785900820314,1.0425216116642175,0.2695866693882156,-0.9060034368736612,-2.6616357200485234,-1.7392938331765992,1.1810603365597603,-0.24108428694252879,1
-0.20952838151705544,2.6239278198789577,-0.8935364950119208,-0.20842859141880954,-2.4450100653863958,-0.9027261932875693,1.3157457641861128,0.17656419860652872,2.398377633541748,0
0.44564350449009926,-0.882706261387989,1.4935074856994863,-2.1379720476021835,3.8404548786267565,-0.3993325157660115,0.02781533116083612,0.4295471457157678,0.596495467146006,1
0.21028456389522832,-0.06563292962634282,-3.1003301374985104,-0.9592229919264529,0.9172552459744872,1.1832851340041013,-2.1721515733249412,1.7141969237916674,-0.7744033871763216,0
2.213277918011304,-0.9998258902106468,0.9659035401438079,0.8299350872860034,0.00163420361297072,-2.100307046264433,1.4011357081802225,-0.9757093516257217,0.15169997016225178,0
0.3898476493774196,1.1949401920463405,-0.6202104411677571,1.0676583256464718,-2.1554925096721287,-2.0797537186853856,1.6450074785844364,0.04662209647972171,1.3351794064155027,0
-0.839098222571048,-1.518091978375975,-0.8886796415222478,0.3924475484026656,1.7327404292257729,-2.240699976796793,-0.05134334989476974,1.0284062439990649,-0.7029771670003782,1
-0.7361970843826743,-1.644890427129197,0.47649132951746664,-0.1836088934571245,2.595060843142981,-2.81056037955221,-0.7489946613639613,0.5493680085318928,-1.00761019378796,1
0.46095864185730206,0.5099050751711289,-0.20583456755283214,-0.37614319024948206,-2.554703846837286,-0.6433672779062736,1.0043180158018685,-3.003670007116261,1.4157200327615076,0
-0.8667302333337176,0.1378399452285075,-0.8970278824610263,0.5499310377272975,0.2907298047105011,-0.0012305313105730464,2.394804954143525,1.5462937341936875,1.3759106392750011,1
0.7876293589549547,1.952478255847141,-1.1261570944757775,-3.1773730761238252,0.9392127045175283,1.5926928530528741,-1.5429258949591869,0.5851554849992138,1.5831051301984054,0
1.029758164309032,-0.8978351414391796,-0.6326445567425907,-1.2700642274513194,2.0910299767191134,-0.6787355966959062,4.18579886962651,0.16140991233647295,3.226440239157328,1
0.28945107285065863,2.1112693248174477,0.844650075932476,-2.409307609535322,1.9551358049029977,-1.686991200891208,3.0445973992859905,1.4537152300516787,4.283348806506651,1
0.6335727440817172,-2.607922794491778,-0.5983625988749177,-2.502515724929131,2.637122562191245,-1.2698526390407188,-1.6220035405153355,-2.529114054927677,-0.537956304393944,0
0.8559972903065459,1.9547291414804788,2.851318159142223,-0.4300439335265206,0.15834618049317423,-1.9152105689387509,0.30021703943912814,0.38459944992303663,1.1091124911344492,1
-1.100096962577806,1.6058269554466116,-1.7563574681653624,-0.09969900955947897,-3.398118421989462,-0.5908199490179332,0.19419826885670144,-1.5961573473334325,1.328355940390298,0
-1.6807796249106517,-1.094651893536053,-0.0006165865925920055,3.053025042710968,-2.428852128347853,-1.6247182602773322,2.194553493368012,-1.0090741506004157,-0.49812599335224067,1
0.9717263097605029,0.5817247867683795,-1.0896639137527602,-1.6794537619833516,1.1816778504317669,0.33136206716831684,0.7065196274341325,0.7734996316285412,1.7285578988802512,0
0.6830625815082649,1.8557426868563713,1.4015888126213374,-0.6527121878446918,0.24526186761319743,-4.1826028696508,1.1484760210867693,0.5983868861905024,2.1392715916869465,1
0.4877860175108979,-2.747277157149256,-3.954484517673082,-1.090873526710581,2.017820508232587,-1.045155057902843,-2.750736748263704,-0.050152788955210914,-1.887013397144341,0
-0.9791804362775993,-0.18681008049771375,0.8258409939162854,1.1501255525662715,0.07690876579293596,0.23159591997052575,0.7719666534216754,0.7911702950701172,-0.3901586484576,1
0.2385575315418043,-0.13731289545999092,1.4735580558264492,-2.181215432378284,3.4332559352451284,-0.3251849210356451,-0.11800701454436502,0.7875412960224307,0.8375204057990674,1
0.9824388307289077,-1.5589527318001293,-2.440601633480002,0.1991767508033866,3.7928107782279064,-1.5419554574224468,2.1789869744426125,4.106257464179951,0.8045633801599845,1
0.17554224383514822,-1.4152684604275843,-1.8731023925409254,1.857370006815699,-3.049666992508097,-1.3433313155295559,-0.02027457864086113,-2.5067414799735017,-1.141916533082018,0
-1.0694023872354967,2.0051679229086385,-0.3479139125897255,-2.2460479004139833,1.7816373573608102,-1.7815175620918802,2.825816484888802,1.9063373785157243,4.132906640772947,1
-0.7510268068190222,-0.7472167646793386,-1.4079852872253278,2.191619725090659,-3.7796126049844467,-1.95107923089572,0.4112297905815617,-2.5372485343225715,-0.7326008388126597,0
1.1151302518328152,-0.6030271901434452,-1.9772891328403144,-3.3420125867494033,1.2232798438495465,0.3318651038807816,-3.662928977574941,-1.9373989200657173,-0.5211866504795495,0
-0.06119574110790367,-2.116550685636412,-1.3194242840228902,1.2203925366854407,1.6015138272188791,-0.3026317875437481,-0.29844987276441004,1.5350830856842277,-1.756848502083313,1
-0.3646420541171327,-2.313552778777583,0.3714616875142127,-0.9427633047727528,1.9325441306082334,-1.9707576385412469,0.8762904965161329,-1.8806564659083003,0.30174026550648525,0
-0.03656094262917065,0.13026094581298042,0.20338221656475897,-1.3544248850781802,-0.009398071799021659,0.10195858355389364,-1.6841157680510421,-1.4739081613706384,-0.25387039385052695,0
-1.2396068113805223,-3.2639312812775376,0.5446688819148462,-0.6773767134614381,1.8044080178270892,-3.717193104483056,0.84163786774286,-3.1308023461525214,-0.08225764845628206,0
-0.0823305500172053,1.738507751750574,-0.21288254909438187,0.21189058654905768,-2.2799410490100653,-1.817462082803139,1.6752974712682498,-0.6382707072540379,2.0490357598414444,0
0.12155008278515436,0.43149449999411904,-2.4157472839753362,0.08673358818152821,-0.05561640091910928,-1.0655155971565085,2.821044707040745,1.5793013789680836,2.3496456442643034,1
-1.0869136949167124,-2.0322165344304306,1.1598684240514134,-0.8348396360776456,1.0469350159049862,-2.1982471020982994,-1.0502980241241615,-2.8808674818886306,-0.9327340994711532,0
1.0766646515022715,-0.8624735588221133,0.863030544367879,1.282013460142537,-0.17507639643331893,-2.4551993448556604,0.8594781455006144,-0.46843025024102625,-0.3872583799050398,1
0.7963100828535359,-1.9753593919122459,0.9920412980909634,-0.2443046194785099,2.711666660233619,-1.8098095148869895,0.019476011624367406,0.03924950012650641,-0.7352024238233579,1
1.4375467509326465,-1.371255710134303,-0.1315874790759365,-1.049417610218353,0.6493109220652045,-1.7992562223222515,-0.8091637134901507,-2.1449571906663603,-0.2638940368022915,0
-0.9830329867197537,-2.5660525372905942,0.40608243228147245,-0.21982948045386497,3.903656962653863,-1.367971011221772,-2.2326025713169173,1.26265610174661,-2.580717414162888,1
-0.6527362855635124,0.46670991797078454,-0.3668343873486497,2.6981607034754838,-4.480614013433022,-0.2706376075973743,2.2016408336600803,-1.7869100545907681,0.40453603399823745,1
1.2040011300856512,0.05248788655242198,0.8999887351407504,-1.770782808991349,2.4977985535866534,-0.44311224874773036,1.5228006746089304,0.55432074462307,1.9027438528731815,1
1.5383949844382783,-1.1423203968777345,-0.7616716543020392,-0.6269277353421081,0.17680499204831662,-1.454162174621653,-0.9845843889627584,-1.604836025353817,-0.49452886934935425,0
-0.0023073453984748184,-0.5336118286983202,-0.8094423884181445,4.171599259495073,-3.986311572624128,2.085637117965455,0.4846781909635661,-0.13221927693406732,-2.2944909574257046,1
0.4265679117836776,-0.05719875502646987,-1.1415280226039193,0.18980605322872524,-4.7978879999249795,1.0228614529773048,-0.3725017264355053,-5.128720826929816,0.04225076157722399,0
1.3700263763762275,-0.9484385155305131,-0.16836137686534647,0.37193949233153245,0.4695212437846324,-2.0127400452174657,1.0914110628186158,-0.2689573336135531,0.313210802068348,1
0.4155379938370026,0.9254868654602297,-1.8100892657893262,-0.13925951510822876,0.6505846185855856,1.1363344158556887,1.1258126128514294,2.7550374036913543,1.201245266192646,0
-0.2070239606860313,0.5075666106804497,-2.0972185899519977,0.5249427563105855,-1.304948881933975,-0.6720417520259334,3.650715058381525,0.47477477530618306,2.699637923403539,1
-0.7868276307350374,0.2982894544195287,4.9267520250275,-2.4922324884275637,3.9760564159285408,-0.6875523941807404,-2.020905116340661,-0.10886518145448743,-0.42877746733017696,1
0.3956975066080047,0.4756268839525055,1.2701819470332993,-0.5336244375963444,-1.0161073101801168,-1.1057445251637323,2.320460658831356,-2.153575184805195,2.1543112571709826,0
-0.6003566942635733,-0.8470765158978844,-1.9289726104772527,2.182404152688017,-3.016718881410023,-1.4982499575487505,0.29104585798207083,-1.4026443578485153,-0.9066760015760789,0
-0.31249487814126115,-2.266496057021908,-1.7216875304283528,-1.652240791575308,3.676947709046863,-2.8371303591978876,2.4980746183885705,0.4466128412439341,1.9944418066171694,1
0.38126914696797887,-0.6295407691809871,-2.2661498556850517,2.870772025647314,-3.329076682832641,-1.7067875502325063,0.29746194218954514,-0.5767722508567649,-1.1761414501931795,0
-0.7295610781475912,-1.4602045254132991,0.75434151389339,1.6045755010292064,0.7275059820451937,0.9068839131843041,0.7772190307313819,0.709632925692822,-1.2718730581657485,1
1.4265361544066402,1.1407681751824434,3.0226147378482913,-2.644068233471656,3.455106854696675,-0.23809666807355834,0.5398219072210069,1.003917915204197,1.89482069378769,1
0.12900275801378372,-0.40706496975091844,0.6558774758422927,1.081192347546453,0.6166867980187571,-1.367873991049694,0.47378011572640955,1.056247759629098,-0.5043840164910932,1
0.7261275213503737,0.4840921602543432,-1.3626433667870954,1.6375759586671812,-2.3612932385416343,-1.8212763236626754,1.1249688436055183,0.02486113642992205,0.4206479475045612,0
0.7240022550000158,-1.2413128453212692,-0.7005334052682186,0.12613217098885632,0.6022649696677366,-2.2900917545939508,1.8158046165147685,-0.5222787401629922,0.9132076058212774,0
-1.192896193636784,-0.08805552440222075,-1.9886185963573646,-0.9684961484386,-1.3444210545723343,-2.05979010036711,-2.754162077700367,-2.011618524390285,-0.7579924137016602,0
0.4634603556662172,2.494734285005161,-2.8123536544652663,-1.2193152336245872,-3.079768313794573,0.5026540985039665,-0.4399441510798445,-0.7729886777781003,1.9138952148701343,0
-0.5331372677397601,-1.2311653687437496,0.9816884119878686,-0.6779173757111261,3.55205444810849,-1.3365687800654091,0.3792227453999255,1.5125119195079393,-0.057346779354154775,1
0.7123833448664562,-0.45545559038907535,-1.6957647831276086,-0.6373651997402765,-0.6325705817505664,-0.12772044136440308,-2.7941054432101007,-1.1336930234560154,-1.4144453699062531,0
-0.23379136759971708,0.9511876833448231,2.118192291900411,-3.1467832554849196,4.231396055879699,0.975216811874104,-1.157870067869097,1.7953974142320492,0.8998795554527768,1
-0.9692799797387972,0.7554343348583212,0.40392768457693506,3.5404784544726975,-3.547903286598483,0.7465116092011801,1.5503429326637113,0.435018120645857,-0.7162205925865447,1
1.0430425268363819,-0.8525203764089493,-0.15110395100635543,-1.3548801448570376,0.7553458181798708,-2.459480782548317,0.9335663283252724,-1.8617649962949299,1.3553274560087643,0
1.2171299211561122,-2.031641534266361,-2.6481618074780395,-2.9205107991631936,1.7355296135642053,-1.9954844556149953,-2.4146006547634826,-2.4514023429308445,-0.23901903120281293,0
1.232918586677483,2.1259946253262028,1.2960745200728572,0.7354690708329538,-2.7827853178237603,-1.6724803512754747,2.7813850852133157,-0.9802653938612429,2.49113920311017,0
0.15181909274375874,-0.5360397063627516,-0.5185937255059802,1.451046611861822,-1.4730087365352498,-0.1809563645850344,3.4386738661724774,-0.6524247495460833,1.3896349476971372,1
-0.4193130309844765,-1.561067934523664,-1.3853273374949349,-1.5137211175336236,1.8925480580250398,-1.5319045511853027,0.7124449445469909,-0.7509727230555842,0.9682259642067473,0
-0.03694118646749832,0.3125259975243623,-1.533988773010963,1.758091479096863,-3.9495383833432363,-1.2775996255238287,0.4215070589322244,-1.8538935012624511,-0.09001550438477775,0
0.2925984457408303,-0.43681352990971056,-0.2837507327281785,1.9483500544082433,-1.1933644137753683,-0.720466600232539,0.7627953889544661,0.3113000801128636,-0.6833980805270249,1
-0.08443678635553135,-1.9667616684862792,-0.010540950330203747,-0.5296958168702597,2.4181400126020796,-1.0524511871386741,0.6650072444562237,-0.08459769918868432,-0.06771352520498267,1
1.1984823523838992,-0.29437472852897495,-2.2922854803773203,3.176954090352364,-2.111806526772657,1.275383114656056,2.3299047644664665,1.9418363647838452,-0.2743416793589404,1
1.0458029156995154,-0.9671694572608109,-3.3480786543334453,2.570390486696251,-3.611351725403262,-0.10538030005186572,-0.7069528664804134,-0.9394108818483518,-1.8159816134026086,0
-0.6641127146297134,-1.3142508855731416,-1.5675133221985642,-3.616912483046563,5.137275962158596,-2.665196140044195,5.16644826885351,0.9634327451766063,5.233953980661664,1
0.3065122064697944,-0.7553230091537071,-0.1844470820327032,-1.1450050947448631,0.8162994243173141,-4.6370434085160745,2.2412968181760835,-1.6681457148646701,2.3503344454834023,0
0.8215388173082104,-1.3217228099766878,-1.2533438346060493,1.0898257649198646,-2.937990605360095,-0.48037268960979973,0.19402594831361109,-3.3882770570145997,-0.6303316979637028,0
-1.620094339195057,0.20099498018917483,0.21728536285802869,-1.6185689403769188,1.5874946385667212,-2.225632214039754,1.3901712055488624,-0.04971261748470979,2.0946814613036193,1
-0.9361504460748792,-0.3667640936471188,1.8384870715746526,-0.9947452802231003,1.923322787807639,-0.8653855630103358,2.832625315882182,-0.32189119398588306,2.13500247524172,1
-1.4012540141997682,-0.10785219820586978,-1.9639082741947647,1.2901516412491105,-3.806832942414712,-0.2925871855020796,-0.1426324041168614,-2.3901251806289663,-0.3988881709606308,0
-0.9544040505751428,1.2919408114205897,4.023605774238943,-2.5419034002735454,3.5822383025336975,-0.48571979049153935,-0.5284472680458951,0.9638064898796923,1.0841900437081446,1
1.191720302401696,2.602766451707878,-0.2763066803577858,-1.9104146338718186,0.9541641427179438,-1.37205637069805,3.3721166243149954,1.9695612623937513,4.538980521088171,1
-1.561042575586778,3.4134651452870166,4.136796315484138,-2.552591797001556,2.0866262592293054,-2.496367596176192,0.33670034735660537,1.343626644296333,2.7916366239378227,1
0.40030609315481963,-0.708284331169067,-1.222586425209042,0.5197991759904681,-1.2241666193410738,-0.7976017142453358,-3.8728800271941273,-1.0948112130861503,-2.8973772329984797,0
1.1195661169810924,1.4687728171022276,2.1237493379806307,-3.1366499093023816,3.545462203870283,0.7187792857355098,-1.5287813027762227,1.5569410138430861,0.9243471055983871,1
-0.131120463249672,0.35438078962982145,-2.5501687715787598,-2.6919186457574025,0.7060449167098447,0.1988894923884328,-2.8539812324118055,-0.42387859133946604,0.08612407207340235,0
0.5669802632671008,0.1765739378986626,1.9522469884362088,-3.383524082932636,5.085957095392147,-0.08346516704537787,-1.8950336237122856,1.6588867722821705,0.3064006212190222,1
1.3383799037639572,1.2484359667061047,1.8934977342634487,-0.31682507290604467,0.7080297570216095,-1.7968048585036818,0.6321518136283105,0.8437441717813452,1.0270147839726014,1
0.5963335838654739,-0.40375346895927533,-0.0664116090043868,0.13773156237425876,-1.3593418481280721,-2.3600409067006423,-2.1818882062636336,-2.1454441085149476,-1.349290922313083,0
-0.7680703554643681,-1.2986084916139444,0.18603791885413545,1.228352163847738,1.9186641884818079,-0.8191207683700769,-2.1375785947749932,2.1628238159342983,-2.8143703724974203,1
-1.0786607710305522,-1.8855474669591052,-0.5215183968049315,2.6198753292407315,-1.1937606050353555,-0.3745228419338408,0.9279111850361003,-0.4915364292873807,-1.5552863458511719,1
0.7932257178100984,2.8534114614402863,-1.659624581660934,-0.3598375010086028,-2.484139717245789,0.06280783823217106,0.8498842241107141,0.728190751128011,2.2504857658932753,0
-0.41145650976648185,-0.0005846340075916778,-2.589123246770385,3.3293603443369624,-4.447085595362962,-3.015511195927796,0.13166129664038517,-0.6409946326814056,-1.082733677161794,0
1.3772639038132337,-0.6089262521748997,-2.5047836254023883,-2.9204404745397037,2.088230867987727,0.9790712536689614,-2.6864831338181934,-0.07404392878535215,-0.22268923290652748,0
-0.07011414407803107,2.229838540039256,0.8075217898615156,-0.48865786408773115,0.21248960146172735,-0.4613422918929797,1.765107894201886,1.850577367497091,2.2864237293882557,1
-0.4284217300000358,0.49492035065507833,-0.36226747425755956,3.161552341902974,-3.0374311650092856,0.5731942251593964,3.1568000685823017,0.6358470135037846,0.5529719890660675,1
-0.6153873097625132,0.6556023574037481,-1.493810041241658,-0.019321701044060724,-2.0878774277258767,-0.1377344806625035,0.5169925834425804,-1.108110832525997,0.9504445893239168,0
0.646870464896778,-1.6699008381624334,-1.9242368165460495,-2.276883203296453,1.6353741325920699,0.5509982865871952,-3.610599226694499,-1.4661961952226201,-1.626905897614597,0
0.29682710854588035,0.5588548985496062,-0.7848538623305077,-2.56449900353966,3.4419205049108377,1.619588241865734,2.0218663100725083,2.4582634406615713,2.810323975535088,1
-1.013793740969723,-1.2107048136526979,-1.2471365108650376,2.185156354731216,-1.2798636024624404,-2.346508410606444,1.2156357127472845,-0.1340875494390752,-0.5599653484939094,0
-0.7660804561469297,3.5538159315520215,0.8200407482696634,-1.4826173946767436,-1.8920854185705,-0.3915872255509486,2.377019126050882,-0.364811506382289,4.005894611856758,0
-1.199995580093643,1.9803475264892207,-2.031117965995784,1.649428209173633,-4.047364502021741,-0.517972909428575,0.51664197453253,0.2221349881716419,0.6540378840338147,0
0.176212705638623,-1.3176853989064132,1.9530459677879293,-1.1272870490738964,3.551888677745802,2.4161350946342806,-0.17711311876818114,0.7820325274539331,-0.6418327279316351,1
-0.3013318614033824,-3.2927928294305695,-2.0918120759886865,0.5767043577160275,3.570151732717799,-1.4946903339217712,0.18627373366438515,2.0850274544934515,-1.4481430956774899,1
-0.12536698599750856,0.03462725135654643,0.09909893641639678,-2.0758648096238614,1.2294153681757336,-1.3100772892317871,0.357692724135833,-1.0430996528212801,1.5805901649757494,0
0.6942110429452255,-0.2271173093815464,-2.4964533689324573,2.4271371958602552,-4.194124743259199,-1.2517314247851543,-0.19401613802466544,-1.5109918976117345,-1.019511697216658,0
0.15575190783128046,1.878168010952487,0.1423510675057269,0.4591027161088732,-3.5607773665541176,-1.1840867260147832,1.615927170757506,-1.8939004669288462,1.9216389908776172,0
-0.6391392177850403,-0.999885845903075,-1.3710978734760506,2.4171940105280108,-0.9474686044442038,0.5117296867666403,1.039232426412197,1.1576571734661207,-1.0442836412971952,1
-0.11481703964842598,-1.7188580883281854,-2.831194951580331,-1.9303821179656508,1.4762040110930026,-0.10463332764775979,-3.288498445785028,-0.9328210893469756,-1.4819974440926578,0
0.20015166480742466,-1.2272929148442873,-1.807328169003243,-1.6879010486353527,1.0785207676647963,-0.48993254168576894,-2.570429081258249,-1.1400219307562127,-0.9936356259807407,0
-1.7406794364873834,-0.10270611134689389,1.7877734677838322,0.1900385725877618,0.6137371677716019,-0.8342972314544612,0.5341884889031729,-0.14832458132926418,0.05432895381296595,1
-1.465340383444967,-0.26506141051937904,0.6620308222765787,0.39908289595192814,-1.0444108513662578,-1.981925746598428,0.3177973073821625,-1.6985366591302267,0.08348822814289504,0
1.2867697563752534,-0.9401452428748397,0.3023761609636726,-0.9221001089374796,1.6459284490692796,-2.2477382906217107,1.5911445178648362,-0.5838391329281605,1.3466686365630685,1
-0.4381149273049169,-0.7623006702431494,-2.5129119346928697,0.5951989741457586,-0.45815631415410957,-1.523997280263396,4.020312874817801,0.2042844292630589,2.4740213122960037,1
0.7055485647959867,-0.07136269847076493,-2.0741882472062017,1.4988387650130321,-4.0563513910888505,-1.5031969616807959,-0.1629718292361091,-2.477527943665769,-0.3795784302448642,0
0.15497201855647263,0.11150831197699929,-1.7053586572761252,-1.5366847927441216,-0.23141638301527334,-1.155906552897242,-1.5048296205064253,-1.1448654349619165,0.3035648773100591,0
-0.11039990409904346,0.21593164253130925,-1.9514405702003177,0.4078087150717554,-4.219008161918961,0.5380375341337875,-0.4758838351312036,-3.457984528887668,0.012331372698817043,0
-0.07131789051481921,-0.3127872842803455,-2.5490324306630816,2.455965520048575,-1.8915547765076195,0.5840924861738066,3.4274383290061388,1.3777556412788834,0.9877608432754872,1
1.0264193771346004,0.39163035863704176,0.31415428160689585,1.5822819053537964,-2.812297060185578,-1.8690222699581978,1.9332731065996847,-1.5983073710388034,0.846650397943518,0
-0.6622380786656235,-1.9593197675671867,0.5805374148993674,-1.399142921628252,1.9958430482266163,-2.5424198573798398,1.60842718235627,-2.097931965807848,1.2476045374930487,0
1.4625303826914446,-1.2872013567596483,-0.5821226656400724,-1.925491897262507,1.046928091677751,-1.858058650997682,-1.2556128734287917,-2.3329725324000803,0.03737096178946883,0
-1.3264348273079964,1.000887633609891,-1.46291956060979,-0.7068233549007474,-2.2313214767854994,1.2836831478632322,0.3473955954625685,-1.5438698454149775,1.2727494883776027,0
-0.7676701543048088,0.1331712804559999,-0.4118915266697809,1.248148594821729,-0.7746159036263239,-1.137063988816007,0.718377457468355,0.7239952695600547,-0.03799944988693848,1
-0.4989787430558854,1.1956984961013573,-1.7059393508081762,0.4715192524445504,-1.8459410661323488,-0.7429813368520566,0.7891026520303254,0.45224235392446466,1.0844131577927896,0
-0.47904997353716,-2.162274808335521,-0.5288490605912162,0.8957288754986215,1.7351788822229184,-0.4033845013136409,0.27953914408164404,0.8357621457714617,-1.2578945517082931,1
0.810530762789549,-0.8630671061548061,-2.493896945168035,1.896369785561284,-1.4390844124969027,-1.9000638685739197,-0.7717339792791793,0.4930248451800471,-1.49170916496048,1
-0.4154504830387495,1.273990970535486,-2.430811585011072,0.48899884817107664,-3.0695476940108977,-1.1364457134743704,-0.029213540776586333,-0.600682510356084,0.7694440593913963,0
-0.11718903406453861,-1.3873516857265074,-1.479950004336568,-0.9604239726377544,0.5784362167629096,-0.25142545661476745,-3.3974616075051203,-1.2210739205483976,-2.0827857037557247,0
0.3209357543208677,1.068099327366046,-2.6594070461826154,3.5077357954761665,-3.673300861864113,1.9755968333891523,4.118099360162102,2.21265301131141,1.3377491575760394,1
0.31988796785441165,-0.472369026787099,-0.06794464245577192,-0.9690312592646747,1.5458171581210256,-1.8158672689341415,2.811357120101686,-0.011716211500162332,2.3762008359312166,1
0.04290732616769143,2.8519630768655073,-0.6835908487968669,-0.12603509206101227,-2.9109351062291853,-1.1551104843801332,1.3995000339203718,-0.16935082415376812,2.534075159228348,0
-1.2590027269681512,4.702420923831715,1.029542219649646,-2.5856627929728946,0.16196864119600363,-4.016760266707246,2.1648170152417334,1.8221662915213228,5.149560918485437,1
-0.4984640825408434,0.4505071293909957,-1.8950282070102182,-2.5181243956872046,1.14678606940403,0.06918311730962379,-0.10813910064537269,0.005031799554170435,1.7698399255087895,0
0.2813565375383702,2.958074210429897,1.2020165669058034,-2.178675862680864,1.9206476882382446,-0.6517187137495137,2.346949660755196,2.6393797818966456,3.8536861355738252,1
-0.7254717093581022,-0.063268979229687,-2.1581026354614687,2.743993472138359,-2.4307232364518696,0.007849475755174806,2.316793661630604,1.1217500329641399,0.21819704924115463,1
0.06978070221521851,0.021847394412100152,-1.7088204086078695,1.3648224390748183,-2.5710896691148832,-1.328760928005332,0.5493341897002123,-0.8642685988692167,0.03586090742034112,0
0.3878273420089586,-0.28809148558135456,-1.9431084204188482,-0.44009644524345715,-0.847295809789744,-2.2317523019394656,-1.4496854154279304,-1.0990389050648586,-0.32236854794181463,0
-0.03430835657245901,-2.560661423469118,-0.4660833317283889,1.5400425421119297,0.22578657746057076,0.48319314736185737,1.3516826017870796,-0.7494610296466184,-1.054942178993866,1
0.4673311296456491,-0.689310247314296,-1.701471029245608,0.4821923191660886,0.6449382230718221,-0.7290640249505027,4.187149267446957,1.1945470901252917,2.4311310048012618,1
-0.6091360888575632,-0.6764448031475703,-0.7137100629042743,2.1794580691715595,-2.974322418141021,-3.3343378409233098,1.161906117040999,-1.97997735780218,-0.19594202787978124,0
-0.0781699361357932,-2.840064019978392,2.0318989374078043,1.9583201127866352,0.5659970067788723,0.22274216619999687,-1.2489462944252536,-1.3838554491094315,-3.4222618431432723,1
1.3458710583756384,0.5855105127461324,0.6218577854167577,-0.7867659479681708,1.9329891393798742,-0.7802817612187318,2.8820411175699197,1.7008601811849648,2.5041758875136435,1
-0.4143867161090352,-0.766750066353872,-0.3731481801163401,-0.3128576506320817,2.109368841197344,-1.3044391432421865,2.3282889270472618,1.3261628285909057,1.453538341098536,1
1.0532871339523997,0.8307450504379634,3.1011782914982535,-4.923062834831459,6.185285994286727,0.39321130098955326,-3.421381967964269,1.528608212226136,0.24701726483515749,1
0.3446093205941101,3.5123695324414586,-1.7352996743379685,-2.8807040808846347,1.1996047373738874,0.12420776217625451,4.74229216911536,3.079582757111441,6.392211785691259,1
-0.5462204154871819,0.15886281204801134,-2.5691121743135037,-3.6851702809717515,2.0650187257667825,0.8836760417109917,-2.5111040201111923,-0.05804658646964467,0.6874885447640496,0
-0.4884460913386509,1.3082935103183517,-0.37689359904746933,-2.07516202943523,1.8119037588198836,-2.4828511059451155,2.7189297496718163,1.2566906545286136,3.7588381643486604,1
0.4814953205671245,1.711747257111881,-2.0413882136718886,1.0676991549931003,-3.3348493523497797,-1.1136626354790933,0.4969106687203101,0.05533192568515788,0.9048933041133961,0
1.2195329359482587,1.5684015648300524,-3.581702116207676,1.3606585505310194,-4.41516670770637,0.6234585615975397,-0.7633066170195739,-0.12052099969514996,-0.10839859100170943,0
-0.19377632021569816,-1.0033728545758813,-1.3194760067538103,1.635772923177882,0.37716394584088225,-1.707994215852386,0.0707442957085378,1.6763005342367268,-1.1059375059507437,1
0.03248205475324366,-0.6441183068804694,1.4525695555889473,0.7192897752024121,-0.32357834140021874,-2.5593147752702574,2.2132101402735667,-1.4045076739530693,0.9290049066250443,0
-1.0206250405038206,1.1558198720997086,-0.6712181079575965,1.6552921283566853,-2.135995893326121,-0.8463974535317164,2.23596872563276,0.839259322339942,1.22749924776414,1
-0.9243041684813366,-2.4882568403686465,-2.3617431025454523,-0.6315762628915271,1.9618364975837652,-0.023401095143381845,-1.7460417185487682,-0.01627578946628816,-1.6545181127037543,0
-0.4310999895256928,3.3069952811377554,-1.0458289528509168,-0.9229295289548509,-2.6540961873708593,0.08921229455082358,1.1204774995328557,0.08368785359119202,2.913618474879938,0
-0.9606131764128261,1.4651896670539304,1.036806919887952,-0.08234782190818146,-1.8762852034300184,-1.4174106751861246,2.4126324974610878,-1.4277212997095652,2.432517708563782,0
0.5125995112727985,1.8838639206643695,-0.22957237101591899,-1.4321271953627384,-0.41474717017832846,0.25414217093922287,0.4741759173800526,0.19581481102607845,1.971677049045069,0
-0.4333554411706377,-0.5124573413423816,-1.1992729153979012,1.6739614254748343,-0.5865719116707154,0.9126311303809651,2.895260152716795,1.214398922033245,0.7717654430302293,0
0.6623463197532866,-0.9166289441341062,-0.8373931051316867,0.3974961254396172,2.114066218692877,-1.2092028025311357,1.6301603926197135,2.250893152761122,0.5120140658665453,1
0.5980922727774546,1.9215170698329715,-2.716897473308677,0.711204941378826,-3.2518328779234937,0.1640508998286887,0.008098635188117487,0.48186321300546786,0.8139705989181673,0
0.8372094867286812,2.9513421599969627,-0.4229274879145618,-2.4872224132187517,-3.679863910906282,2.616695589824055,0.38738381594954785,-3.4874376379201917,3.0607036012090805,0
1.2854869497089854,0.5758347878723503,-1.2849208504932508,-0.38771733413238674,-3.4829092145985565,1.0959299557784954,-0.09449561731433254,-3.334799895060447,0.7246708323402763,0
0.7524362008174793,1.4260343407842786,-2.229297414426143,-0.08374293244113651,-4.559750731046069,1.3794721652449033,-0.5547176034410715,-2.777894097692286,0.7018086408491168,0
-0.3078959650384471,1.8999004575623655,0.2678291307573957,-1.2917281728152172,-2.705057974280314,-0.12803933816019708,1.280947382366819,-2.7929720636777855,2.6234046505639235,0
-0.592332204854028,-1.4960693249447294,-3.104122483880711,1.247384644439376,1.0348570740529375,-0.20251005859914817,3.1926933688789445,2.4068740606047117,1.0223988429289443,1
0.9675229949091757,-1.0026753099860457,0.06603922847142152,2.7698634888527005,-3.0810702130442444,-2.8744408939111636,1.670403748737907,-2.183073917023691,-0.4626125293676683,0
7.186705886302617e-05,2.1192852809735507,4.162963759379176,-2.1033295797524243,2.1585097426009754,-2.648006205286685,-2.5693214942846185,0.4750391821346899,0.06943668873948565,1
-2.025036314509744,-1.7674910556018584,-0.08139977090691286,-1.2248197561362089,1.7909370074259046,-2.8157760565065573,1.3935875173529197,-1.6027138617395518,1.1739794678579714,0
0.5099312413567952,-0.6071554504881853,-1.2523412370695808,-0.58183121584865,1.698975692706961,-1.6568648177288976,2.4025520904074575,1.1023872624385567,1.8904693103963297,1
-1.1145072680940693,-1.7930559329222024,-0.8605593095024222,1.3604207710942118,0.9219134036046431,-2.9695659687112816,-1.5211398028303686,0.7806469237837335,-2.2689923506257736,1
0.23328758155737933,0.3582916872359144,-4.096051903575307,3.0431703042046117,-4.730416520925794,-0.02091862416615764,-0.9780321658618538,0.20534733526427607,-1.6352418692699795,0
-0.6029578088814181,-2.578025434016802,-3.6261546083215808,3.0972806912884576,-2.676002091550473,-2.563236549004941,-0.8057820444142889,-1.1898235678472886,-2.6385238283680086,0
0.569301667889382,0.6238400511614943,-3.328205729491725,-2.875122567259265,0.24775475168033573,1.0907476593451597,-4.2567677616967305,-0.35368054371309543,-0.61145756245316,0
-0.7922759541714712,0.8138384416097798,-0.9902749051786979,2.508434348482301,-3.9671306805973785,-1.0573963153496104,1.154431661073227,-0.6785271347894662,0.04341055500179472,0
-1.7249854341312671,-3.19874079819527,2.4215833243036857,-0.5061112150549139,3.316299555131262,0.8712406930967707,0.16609619600986358,-1.445058104772916,-1.3870627205053452,1
-0.35160742828186803,1.5409395941942288,0.21913135209586787,1.2548853733128889,-1.8553383984178224,-1.3914585719344619,3.241896728496161,0.6416228282520318,2.24579447426314,1
0.7058941961045526,1.7673930675240086,-0.6931046663407412,-0.7124974842035465,-0.20214386992538041,-2.4544676127036995,2.2497441352819036,1.0679146770704941,2.958025411229261,1
-1.3354652934481188,-1.2502201005482747,-1.90086443697728,-3.7667037653541886,2.513103330411847,-1.085338218978553,-1.6491143027581858,-1.8493239916761781,0.8767347632792122,0
-1.0607316239555338,-1.2061730878501413,-0.7939765831313896,1.582839377808789,-0.09217809958402656,-1.7525763883550578,-0.7239679137248105,0.541078694870245,-1.6886161465873066,1
1.1093715694592854,0.04352634889398799,-1.7735181830583095,1.9652439957329497,-4.002959555366224,0.13386996674413743,0.216938598885691,-1.731433350231466,-0.5710472326111176,0
0.33952994826365984,0.8642391853471973,0.9288504105476849,-0.6253875817858037,-2.2702784013276402,-0.42678448129565383,1.8062709858457047,-3.0987528986164636,2.0904921941176466,0
-0.3361500027177518,-0.82422418078908,-2.948762907478204,-3.2193595379689097,2.2181383224296867,-0.3794151942239016,-1.6184251801883733,-0.4641319657386169,0.7692896377247803,0
-0.27483237805722727,0.31609409827199575,-1.8519185044339903,1.4910985895327304,-4.3074073351909945,0.21315120685660305,-0.01624269458765193,-2.2819301146796924,-0.2976817903335264,0
0.6952675002522368,0.4471485010711961,-1.348462854956412,0.8917103173460325,-4.372927754497909,-0.7591741542295145,0.10997140921282123,-3.263822813809732,0.2692219677121594,0
0.24023062577044763,1.2360022299298747,-2.6521925239702826,0.6535347551678734,-3.7893822867203433,-0.17633801508033975,-0.38052360977763944,-1.1307385541381902,0.4053091555470502,0
-0.4293438504947142,-1.5914346391317724,-2.820618895150782,2.1700361625524347,0.08679338946583053,0.8705503435130493,3.09397864870323,2.1543321588650617,0.28586694852076044,1
0.9305107655361015,-2.259767124770407,-1.4416963683300383,0.15004347632294313,2.6183345859194667,-2.049542244529829,1.0352138210925983,1.2243830443918404,-0.1412400196278929,1
1.1754540123391348,-0.22499369916731404,0.14352310638601695,1.1494585704043385,-2.1778968632841536,-0.8614319776845872,1.6554559396803512,-1.8555377537819777,0.5632935751419471,0
-0.16327838522830335,1.3367209280197663,1.8045753741490995,-3.524230257595901,4.4363587420808885,0.8134335984537175,1.4900015464693275,2.1274822554673047,3.0944111036097484,1
0.26303518181790386,0.5383937964561272,1.7481061511805938,-0.1755729233137353,1.158514413243052,-0.6820375412423197,1.8007379490317512,0.8651191480882641,1.3208263947369963,1
-0.3363100454506446,0.6600591174294466,-0.0015023228860339133,-0.8559159300291058,-1.0677432694547089,0.2892242196823722,-2.2189674204616923,-1.434689001985271,-0.6350546795186304,0
