amount,hour,distance_km,merchant_risk,txns_last_hour,is_fraud,anomaly_score,flagged
54.05843117302988,18,4.808665470199138,0.21548102646047665,0,0,0.41775951781401544,False
46.18236442356284,8,11.783723731647664,0.29105494084930805,1,0,0.45789103172564827,False
50.357109320600784,15,3.1087539150814516,0.4707752817781286,1,0,0.43749203775343626,False
28.579769464846223,14,1.3849364818885164,0.1854780163597572,1,0,0.38420723323125394,False
27.392832107419775,11,6.8116995325426055,0.1333429785111113,2,0,0.4051319677840005,False
38.40562850449853,17,1.4211252428789924,0.2294739138536202,3,0,0.43494120971068406,False
85.99347134248798,8,0.6843011578143363,0.24660876117230243,2,0,0.45786801207758054,False
42.381127236935264,17,7.985693974931923,0.09089056715606969,2,0,0.42241845062234284,False
84.50941270197207,12,10.859338090801797,0.39901884237592294,0,0,0.5031347358568783,False
26.444103042398538,9,0.28743036212665235,0.17500276324566608,1,0,0.40509635017425155,False
45.93346595540444,11,0.9512317069778121,0.4228034664964404,1,0,0.4203275725614622,False
43.379501107239896,9,9.040425979876689,0.27420244676475974,1,0,0.42719437708815894,False
39.40652002775497,19,0.0017161465250668999,0.17921273545746663,2,0,0.42050502652631716,False
21.478773746821904,13,8.666474448721095,0.04508141243330575,1,0,0.42707557307101857,False
55.49638174130778,17,8.116762155803825,0.19021719747526414,0,0,0.4339737270109801,False
49.142920927468104,21,2.2190026044285953,0.6973374909108316,1,0,0.5366840800370377,False
53.11660666803029,22,0.8483845248047657,0.08001640515449678,1,0,0.44157087911918463,False
44.93404400458756,17,4.973295603186985,0.3069765649919432,1,0,0.40602401321425674,False
27.717318318336805,9,5.9105420729907605,0.06557282694422019,2,0,0.4232019456518295,False
32.16146378063361,8,5.854809153421277,0.051682060825016474,4,0,0.5183607929966758,False
34.00576951167747,8,3.243441683110133,0.19898691941445773,1,0,0.4104563329797062,False
17.48452759331144,20,1.9667033326579686,0.07587945009262452,2,0,0.42689523094997106,False
40.60475364858341,19,0.33166498496172575,0.1502998765395831,1,0,0.40356204818647057,False
39.111107574303325,13,5.242319366797276,0.1728991532924611,1,0,0.3931628318028745,False
55.804622825954894,19,2.4815493883564224,0.2160395058287465,0,0,0.4182253555753718,False
11.900836245632412,9,5.2477066046579495,0.12692016100546946,2,0,0.4249637938792565,False
63.14500703425121,22,0.009478161631066285,0.13646479384782242,1,0,0.4595228825050949,False
20.95979177874695,16,5.774787150018184,0.2358701655665904,2,0,0.41154952082169777,False
16.493394784032297,8,0.897062453025324,0.24157313718747814,0,0,0.43288954894384335,False
35.12106695101485,8,1.4167137685514704,0.041986029594840456,1,0,0.42737822761835875,False
66.80132317639774,17,3.1975675432916564,0.4175112452525687,2,0,0.44621534586193085,False
28.271264777193128,15,7.459506942453262,0.3312120170032273,1,0,0.4106809738849089,False
4608.158314006758,5,690.911734089816,0.714784491942121,9,1,0.7831169846150291,True
34.714560978271386,14,2.151615293044984,0.26464875955759526,1,0,0.38893557313969596,False
32.07311943705423,19,6.018524127826036,0.37029811895874243,3,0,0.4808024988703485,False
1502.0922257715547,0,527.415410655023,0.5534923549889494,2,1,0.732358396073607,True
50.44131104898758,11,1.3192210490070135,0.14700401592234086,2,0,0.39945867134523705,False
24.125018585433402,13,11.577070680194462,0.26773643002728065,2,0,0.43947478392832573,False
64.45593331311728,8,2.256488069937036,0.3041552301008879,1,0,0.43570259038794196,False
56.66240780543033,18,17.72467687900457,0.3090140097555308,0,0,0.5188831998574757,False
37.30573888825642,17,3.0393700014510934,0.08393246780308006,0,0,0.40727128867030976,False
22.403614874883274,20,4.873492352473817,0.2865751491269905,1,0,0.4232357510905222,False
50.981143428205314,14,1.1195947685308791,0.043413745300184194,0,0,0.42427866231369377,False
26.88278053114036,20,1.1590159300162208,0.1907519355852232,1,0,0.4010191692262434,False
47.7722675082576,11,2.725056798079217,0.045584946340417584,1,0,0.4122359925180275,False
15.403399102367349,15,1.5534177854213786,0.06921451039942336,0,0,0.4145026539662707,False
83.69165665769985,18,0.9077908801889507,0.021440954375772377,0,0,0.4824815743037056,False
19.57717450505099,22,4.391116100798273,0.2727330981047943,1,0,0.44356907024756365,False
39.36713920016012,18,0.6570995101682563,0.376532444571545,1,0,0.41824327850248255,False
42.376312816476926,20,1.163467638057989,0.27871443383422695,1,0,0.4118524780004805,False
39.9764852325271,12,8.160376581314232,0.06843818656501838,2,0,0.4267552297374092,False
12.541757015754532,20,6.505955835250121,0.27657353029974335,2,0,0.44616570521379256,False
25.922105383654134,17,10.609200940933773,0.17800389044305104,2,0,0.428547436142278,False
32.78330216723201,12,2.84677527300069,0.11277612904035329,1,0,0.3895332648847863,False
32.50846417394541,18,3.249029837956325,0.21810402223847633,0,0,0.4051411034432545,False
44.52098612429629,17,16.22775744108501,0.08695796966996443,2,0,0.4778147533009287,False
14.974971376600392,19,2.0090810631628977,0.10485518097924608,2,0,0.41582000872488856,False
34.868926988536174,17,2.942588375532699,0.1030946120857281,1,0,0.3893883265634403,False
15.526782261540603,16,12.22843905230717,0.13175194204187057,1,0,0.43901102676727155,False
21.77117589239755,22,0.5287438589735914,0.15156815763873724,1,0,0.43271959032177193,False
15.61164082313378,16,0.0072401729641350734,0.4038475794224894,1,0,0.4372869435362334,False
11.747115793602369,13,2.2835143872150336,0.3620235931213686,2,0,0.4201345651650744,False
63.48171012472645,13,1.1512202238001128,0.4193325494472443,2,0,0.4394153490602354,False
48.96221532550204,14,3.624157227115202,0.36363469755700684,1,0,0.40749500764362145,False
27.704808283783976,20,0.01552089432695598,0.6294045892623444,1,0,0.5174388546393316,False
28.462161116661097,19,0.870082578831639,0.12879432934548476,1,0,0.3977342450343944,False
94.04645150510179,22,5.757004409570864,0.22589851005700662,0,0,0.5043585307462743,False
32.6763417800316,10,5.525381881046936,0.3852949113694566,0,0,0.43074422617056796,False
23.358645918881813,12,3.5825586206579145,0.16475927514061722,2,0,0.3972066825060976,False
20.322656817401786,12,2.7005633987604205,0.35977299495710885,2,0,0.41284257293039056,False
24.204838256672584,17,2.69459155355039,0.3681400993518026,0,0,0.42412150805041754,False
42.83064551505457,17,2.8986561214325834,0.05175351552607759,0,0,0.4187957836502473,False
72.67691641234444,8,0.2797461580195829,0.3280908548349849,2,0,0.4574789756271257,False
16.85868397996899,19,2.9981998965644165,0.1974751939718687,2,0,0.4132450969493902,False
46.01911034492765,18,2.9053329142286644,0.24718396919118976,0,0,0.4135204471704029,False
57.91311138443448,15,0.7656116920217704,0.41518342469681757,0,0,0.4444003925387357,False
16.142362483613276,8,0.5128744671799242,0.2175220989542356,2,0,0.4310366657890321,False
48.08454366148119,14,6.322578201544327,0.23149082923033304,1,0,0.40431494124511985,False
13.404689539079985,9,0.6524901542779332,0.34966379156691985,1,0,0.4288834805333953,False
22.43096226095161,11,0.2064989310707839,0.23409738355972293,0,0,0.412214019252822,False
18.628085956914962,15,1.9070922731015174,0.013318487812413784,3,0,0.4693656992575527,False
46.21707197920075,10,0.9761595294182237,0.21892304371001076,0,0,0.4046569684741103,False
84.49665264466557,21,1.4578519210416887,0.3420098959403701,1,0,0.4673735971331955,False
40.628705337617596,12,1.6133832172252367,0.07578992829793951,1,0,0.3934553481341392,False
27.750635676824565,7,0.20799597333235645,0.04089657822588456,1,0,0.45163096593230584,False
32.56341207371159,13,2.110076336866886,0.14874696528564837,1,0,0.384228760896598,False
32.24420378130627,11,2.4193824879300787,0.07745202819258568,2,0,0.3994507383289582,False
31.397307203061217,9,1.032576788442554,0.20835690312057975,1,0,0.3993435342538843,False
54.29975809065206,9,4.841935828865942,0.33806206411821865,0,0,0.44071894422609514,False
24.23134280222207,11,5.9819749230356996,0.0897435861931292,2,0,0.40941213929009296,False
28.445030163906956,13,3.24211356838129,0.22624501465825694,3,0,0.4302815379538898,False
29.524410775088636,19,14.564964870731437,0.12050594749046446,2,0,0.4732629529769795,False
54.32381614218031,19,6.009896927201766,0.2339298054450283,3,0,0.4686901079343716,False
35.20162927878456,14,2.5471540703719495,0.27711073790121343,1,0,0.39225880591715345,False
24.435533952005088,8,6.6636345666805745,0.09440955022620581,0,0,0.4411308962939762,False
48.68594028534642,19,4.270445562073687,0.22009216723072636,1,0,0.4101837437526331,False
11.921372920082508,18,0.8265985582755202,0.23748861735858698,1,0,0.40918981477315347,False
35.11268269316188,20,1.9198542061882315,0.1906695109017052,3,0,0.45461125462279395,False
71.0745738153736,13,1.5663783483710971,0.10950716736260616,0,0,0.4244970818639556,False
33.104265519080265,14,0.5777375742507338,0.3780901786373853,2,0,0.4194069588197466,False
25.14841390215604,7,4.025771316757044,0.36455967260630623,2,0,0.4527330730880575,False
4653.340792605434,5,151.617874143512,0.7512864028903489,7,1,0.7624297153544517,True
39.9826789596312,12,2.8449482961462658,0.4111377088431877,2,0,0.4218676749180118,False
30.108848473595522,17,2.5258854934180572,0.08755119754371823,1,0,0.39243514579125305,False
28.389164201484025,7,0.9567115385870598,0.04287933499038013,0,0,0.46303409708473914,False
38.86296345366417,21,22.443595279866692,0.08803410337576323,2,0,0.5374637309332015,False
17.95994299320182,16,0.8647372211356223,0.28825592098267716,2,0,0.407488455697676,False
27.516784575123957,7,0.4509160783280376,0.6411285468141679,1,0,0.5231614714885757,False
45.8473395269566,20,0.876828968415322,0.13291262491930017,1,0,0.40786334947130914,False
12.091875048067081,7,0.898650303908124,0.026739108841741136,1,0,0.46818227445487387,False
21.582172165399346,22,1.5562263842485657,0.1734083255600035,1,0,0.4273777054854402,False
23.90057925466008,19,3.9155538887377612,0.04293148746394809,1,0,0.4142586865767383,False
31.181388660419234,12,0.06572710772142867,0.1192242243589541,1,0,0.3985085227282198,False
28.310743607344097,10,0.46659717694373976,0.010773786759447495,0,0,0.4454381622330342,False
51.405498140912854,21,15.469407298990605,0.2163252827053963,2,0,0.5015944676415814,False
31.137184416414478,10,6.332898372480433,0.061530040013368405,6,0,0.568607553662465,False
32.47645631209327,20,7.2048662754625665,0.12453686408540714,2,0,0.43002655088497604,False
56.83263601287329,13,2.493788753050658,0.4641678468130218,1,0,0.4346654618745656,False
126.5492736971463,7,4.380846332337496,0.22475917332792084,1,0,0.4968715665594591,False
31.31260744473268,11,6.733438540454727,0.057513729978368316,3,0,0.4597897562521635,False
70.06431585378195,21,12.020957794596672,0.18354245078975218,2,0,0.49290708535745037,False
39.31065822503487,14,0.2355794735657818,0.33733096905698134,0,0,0.419967832307926,False
43.83820096218481,16,2.666287248437807,0.0339839007261166,3,0,0.4550663302985555,False
61.28297707302387,18,2.8743209857605883,0.39472722132633253,0,0,0.4500801978298115,False
38.83481699431011,15,0.4770732648285351,0.08866078869710796,2,0,0.40311992000557734,False
83.27758225378987,19,21.23920693640744,0.3655521136453217,1,0,0.5458359137895881,False
63.26965204018133,17,2.1146804437212636,0.614544163359962,3,0,0.5392091565194489,False
30.429339603878702,20,2.368765490079611,0.04167329314828991,1,0,0.4195443083900067,False
62.0114698101895,8,1.5379128215548261,0.20768430433516458,2,0,0.43180571795145434,False
39.08929399201115,12,0.9876106977268805,0.22139616008416702,0,0,0.39809458571815115,False
25.699291163158627,21,1.860916988198907,0.5594370406307205,1,0,0.4905686373719204,False
14.941825624928725,8,4.3103194001801,0.15651036692647002,1,0,0.42118295074281537,False
20.495504032869217,18,0.47614852328656687,0.0977300220785347,1,0,0.4042296401438855,False
40.88592229336615,18,3.10324633576019,0.10675290192440066,0,0,0.40755578133527454,False
36.38763941516956,15,8.694176141476255,0.06579462840984455,1,0,0.4156904087345674,False
55.91507154750956,17,4.916301922187878,0.13279606201611788,2,0,0.41493908684675357,False
38.1602565366839,14,4.959504880685264,0.09656946096921125,2,0,0.4041301305376229,False
33.8103552702924,14,0.989900100004286,0.13624767420322006,0,0,0.39757624785226475,False
33.839743539139576,10,2.1347016355407784,0.3217171886680851,0,0,0.4056323218582873,False
9.352882565870074,8,0.3691394329923807,0.3633589316095195,3,0,0.49212318834047986,False
28.097755470992173,22,6.071203371738151,0.14509119470118226,2,0,0.4552187822016605,False
70.71967944630374,10,6.924535692560477,0.10914490962057707,1,0,0.4280034405072584,False
26.134500217685513,16,0.3994344435699252,0.07016488908334237,2,0,0.41445217183546357,False
48.71544262338901,22,19.839274964130453,0.17510003102824642,2,0,0.5328815191608645,False
78.07884775353865,10,0.46067769435443595,0.01551676193948582,0,0,0.4813632698240904,False
46.97394776676326,22,10.948755242894762,0.0795118364579427,1,0,0.4812325658097482,False
34.487700555542595,7,0.5194145660443618,0.1595809761894068,2,0,0.43914346044114827,False
27.870533480846703,14,5.476973013013764,0.2986226253287191,1,0,0.4005080272556283,False
38.28261328517798,10,2.184896956396321,0.1798308159569596,0,0,0.39729288406090424,False
41.57786858853869,12,0.7902361669194472,0.044326563111481185,1,0,0.4076852003681285,False
38.14298732613831,16,6.128708614915616,0.19533584723631264,1,0,0.3991420764091016,False
43.00322021345095,9,10.01381076381491,0.10682162306496844,1,0,0.42925555358221396,False
64.25165802259556,22,5.560488145518794,0.1764568441027885,4,0,0.5494828278709014,False
77.95960908588089,17,2.445074377848244,0.0508794086418918,0,0,0.45222783745601347,False
19.819853319719478,21,2.1247513153002853,0.2653398196113317,0,0,0.43306930240245783,False
44.30317394498575,14,19.72640359956864,0.013886214710044111,1,0,0.5179554197257562,False
85.98142489858495,20,0.24792552859663197,0.02251573977893065,1,0,0.48135511433033085,False
20.154940724032105,8,0.896433615361857,0.008644523823838972,4,0,0.5345960656846787,False
27.672556379765528,10,1.0297841982990852,0.11091960256142025,1,0,0.3934368102757487,False
64.04045117620845,19,2.3760554688649487,0.35990008533591883,2,0,0.44326233417423183,False
35.38321076165149,20,5.50610517036689,0.09421643651674776,2,0,0.4265121044123644,False
48.477053781888415,17,3.411004215911622,0.2741318401613879,2,0,0.4078866435372812,False
129.8601716819574,8,0.4711248171897295,0.14460021519781957,1,0,0.4976123319646568,False
32.706576750082796,22,7.032069115911989,0.08772974761549894,0,0,0.46584336468343474,False
63.71346754452538,18,8.012255318309391,0.3339330697543344,0,0,0.45997959201493516,False
22.765311570390722,13,4.169248082200004,0.0472512814214403,3,0,0.44714429346607265,False
12.680056432976754,22,0.8422491365669927,0.2146630847075379,2,0,0.45082123359163795,False
73.8260507127324,11,2.7684418571588814,0.3678009992965309,1,0,0.4296681343438669,False
82.00146065455499,21,11.390009896947548,0.2821518586822365,1,0,0.5030363526916142,False
38.338807482349395,16,8.479829249425132,0.21069148500347584,1,0,0.4085666582966233,False
67.69119879977232,18,11.57607637427505,0.13461614235505992,2,0,0.46489372651789007,False
31.471729951133486,22,3.8774360212039696,0.21387409312513056,1,0,0.4289209711121023,False
59.964358502252416,14,5.543462554797739,0.3255012361282681,1,0,0.4167089905036236,False
34.05355675596154,18,0.08379762574778352,0.1727616507393709,2,0,0.4155321199621533,False
21.83630618142687,10,0.7476236235494919,0.008864993073841261,1,0,0.4341095304203626,False
24.18509012799649,16,5.185755897818878,0.33692438884357984,1,0,0.4062090561582998,False
29.299143718486487,10,5.059388014620694,0.06710262598531305,2,0,0.41102643272595585,False
47.60777200891764,10,7.190472838102069,0.05852086856354292,1,0,0.4270877534876058,False
2391.3392097178457,5,442.96135161034107,0.8582990529321379,5,1,0.7319860913046032,True
35.978950362214505,7,1.6949307482488762,0.32294531612220573,1,0,0.43376678157326826,False
3770.340522633682,1,335.3625708504375,0.47710828748901996,7,1,0.7535405495288272,True
21.379399926958254,10,1.484691792691844,0.4707273048221086,2,0,0.44440464286825093,False
177.65053484017497,8,11.96582715155447,0.07281869389952408,2,0,0.5504546262165159,False
35.8337967037439,12,3.213769120914388,0.0703358887033469,1,0,0.39717731744804097,False
28.607311553974327,22,0.19065147940959173,0.016558380145950843,0,0,0.48402698276324985,False
18.38155479692329,9,2.4044737889386663,0.202107293876507,3,0,0.44424655028363486,False
30.781592510896306,18,5.809331298233502,0.6353818820788352,2,0,0.5169220025889889,False
19.937519933413373,16,3.42619718972157,0.19625544694342809,2,0,0.40107250782442566,False
37.94249134203158,14,0.06267391989699131,0.02770303009115598,0,0,0.44061574726023345,False
36.23065009830789,19,1.638697463626505,0.2621516960442303,3,0,0.4492760031724504,False
33.2804170017363,21,3.5424486618985136,0.06356115688096564,1,0,0.42191767230726984,False
11.828892188730823,19,3.9788121050733807,0.01709222002272048,4,0,0.531967647480456,False
24.352983374990885,12,0.10265627652842106,0.026305495227842257,1,0,0.4232704646521353,False
11.54170423108395,14,1.5960337024852982,0.11667790475808393,2,0,0.40901220430440094,False
20.517339170250274,9,6.122743992941602,0.04667980216625331,3,0,0.47036578585345756,False
67.04097139863337,16,0.6629154686895607,0.4074394440927265,1,0,0.4409776511060577,False
81.67141239549917,7,1.1536190073625237,0.054609454884236935,2,0,0.47545560098573314,False
31.094318151466403,8,2.8110155472127016,0.058185545013663346,0,0,0.4413276886186267,False
31.942731260179542,7,0.6429691657762217,0.0014840883826291763,2,0,0.4766156039386483,False
39.8709386490365,13,3.416131859049344,0.2997939734753438,2,0,0.40189507752721976,False
45.571276846136406,11,3.604461248687388,0.05751065536221886,0,0,0.4233670384050807,False
17.66658043710964,20,3.033959937130543,0.1809566799343994,1,0,0.4077516366714893,False
138.31882819048545,19,7.718699998217696,0.20886448281223063,2,0,0.5096976329389897,False
19.959675492994812,10,1.3407621043877036,0.4439133690492388,1,0,0.426512644051819,False
10.492501942088424,11,2.425275084649825,0.4090676305217751,2,0,0.4383528380834526,False
36.17590893630538,20,4.326743317113158,0.1412130497357617,2,0,0.4180299401947734,False
27.54304542311523,8,2.4296947865254803,0.3767199536377415,1,0,0.43226883308737807,False
39.55121418776194,9,17.325134438848767,0.3557784243392101,2,0,0.49623918180732113,False
45.423010927339796,7,6.302696792531429,0.1254688621736524,0,0,0.45806452921846785,False
69.11527573297981,7,0.5662010473665416,0.02657407848610383,2,0,0.481902288405447,False
26.661957722272028,9,3.7537070250576234,0.1726648377367034,1,0,0.39929943154187275,False
16.231709201739736,19,4.28073992687387,0.1616680658738868,1,0,0.40450086335220403,False
31.258540593842486,12,2.7707482170073168,0.298266997330956,0,0,0.4070630454776066,False
77.28561475610987,12,2.8032751244480245,0.1792761667205797,1,0,0.4107522797003265,False
6.361974393319088,22,8.033553194687732,0.20805822449123107,1,0,0.47256715276909506,False
32.02230658627515,12,2.93738897375238,0.01765343409926373,1,0,0.4255614079560433,False
80.13976263414601,7,2.1578317011568493,0.06444668646652135,0,0,0.4841320855912947,False
9.546837410144427,15,2.005662781372173,0.16398065882378207,3,0,0.4401294037476119,False
17.977652038055254,7,0.8890952911317881,0.17234031233134695,0,0,0.445262057141725,False
68.4127178657812,20,8.828623383467217,0.45361345605186376,0,0,0.508104335946817,False
89.51674225959728,9,2.22643899920235,0.25056220618273617,1,0,0.44041401970781685,False
44.30594819861327,12,1.4855146219389814,0.4071181583488403,0,0,0.42664346826613464,False
24.72294756409399,13,0.8011504459150025,0.15507291275771953,1,0,0.38612291014873823,False
28.613629920962026,9,0.26343552494406464,0.5904566501544607,0,0,0.49738522453874795,False
43.98516063843294,22,1.047929441230384,0.2956741713478844,1,0,0.4394500285857726,False
46.24346079059743,13,5.507917323527958,0.03718600427897442,1,0,0.4232649223927122,False
54.28521352731316,10,6.4106730085537045,0.061316655507792535,1,0,0.4251389413827434,False
18.43820204387491,13,2.2944952400434766,0.10048188031737527,0,0,0.40493998336553805,False
137.6568411585059,16,1.9488184979351195,0.36573608709905864,1,0,0.4957484284046394,False
67.65088302118541,9,0.09048562947647704,0.10164933288279863,1,0,0.4311940433864501,False
32.433519808184116,7,0.9517896338836909,0.10176036048038802,1,0,0.4285253660636181,False
23.991119081401443,15,1.7004414660467289,0.455580894350227,1,0,0.42466386126695455,False
14.180809484213139,13,7.422893216331418,0.20812797836043223,1,0,0.4134338686960544,False
51.33972477932918,7,2.092916946153422,0.0443960149441209,0,0,0.46977968518586716,False
63.28127006764936,11,1.3820066272645826,0.09775139946582827,2,0,0.41229795122043766,False
41.66791640194328,17,1.6470590502477302,0.23539201782916208,0,0,0.4043074532551041,False
3777.265865683447,5,605.8458605715913,0.9316038068374681,5,1,0.7589528560220783,True
12.942863519779465,19,0.18828476171710057,0.16782355886664407,1,0,0.4171425216752463,False
183.9130430686396,16,0.3718031478519085,0.23177279081878005,1,0,0.520092604141415,False
37.758595986964714,16,0.7031010712610732,0.15666814996236342,1,0,0.3881983751635754,False
85.2469359112142,12,5.059981059924462,0.08969679486575832,1,0,0.43301405075632676,False
58.47444176749477,15,1.9395684145125476,0.14735596312446705,1,0,0.3957522610394688,False
69.34715211838984,16,0.48915218886946105,0.3318033103586593,2,0,0.434590600531388,False
38.065059727147705,11,2.7046257753718974,0.16928827715715047,0,0,0.39786069931704476,False
14.500273343913603,11,0.189340560910006,0.2556240432569241,0,0,0.42430341924974335,False
96.16177296477463,12,0.8918526565788054,0.19164943472961832,1,0,0.4335403158269307,False
90.93561473575727,8,2.4164682208274066,0.23167780126872609,0,0,0.46294297150082037,False
7.31804256116775,9,1.547962559717535,0.028312312282516808,1,0,0.44365606316578005,False
33.34906882330414,21,2.397975684809001,0.10097378930073275,2,0,0.4241424713949913,False
18.83434134319026,15,0.38454721013517834,0.02439583288480381,1,0,0.42357231704256776,False
38.44668152098107,19,3.33109251364884,0.06238750740297428,3,0,0.4601272920973808,False
34.44347410145347,16,0.33299981815429514,0.23972101298068663,0,0,0.40830691008083275,False
27.855452414857837,13,0.4684317390123596,0.0850168259116752,2,0,0.4060675515392357,False
40.64733729150215,17,3.863669758032239,0.3850920685656132,1,0,0.4143880751062972,False
75.2842371685992,8,2.8021352930812755,0.012778265074797858,4,0,0.5419179021995237,False
52.68520670970947,19,5.65842993714962,0.01843884322566085,1,0,0.4483497635040549,False
54.42332912141768,11,0.6749664946290712,0.4873756377448023,2,0,0.4525338128284857,False
12.822655035375634,12,1.5622035607884033,0.2242775970334586,3,0,0.4385643999005819,False
58.086984133184785,18,0.3140578985541922,0.17030879239032648,0,0,0.4267785532134261,False
39.949955070361526,8,3.000770189276559,0.04878807114467747,1,0,0.42580833891663455,False
10.840442208230703,9,2.2306281832124384,0.07633697002578342,2,0,0.42347314988170615,False
21.208301541572,10,2.009265717292709,0.09013582470239918,0,0,0.40441718625479134,False
27.345078175897655,22,2.170960959187282,0.43007453868559603,0,0,0.4702283503544161,False
22.562696957369894,19,3.409040070684454,0.0514375465380728,0,0,0.42874453267268126,False
54.18028436954221,13,0.2955904296876207,0.4088897782118699,1,0,0.43342777876066446,False
14.976395375958386,13,0.546464339470478,0.38814182572104555,1,0,0.4205348978776303,False
43.458708342753766,12,20.823898621653004,0.13716437985432683,2,0,0.4892682268718929,False
23.083625493205265,19,1.409394676013715,0.17095683844127357,0,0,0.40604567597496927,False
49.24593932351982,16,4.235925656149625,0.49339180025430895,2,0,0.45795125543157106,False
10.604848477303667,12,1.5089306374775775,0.2957556183298787,0,0,0.42710587784663584,False
129.51479161571334,16,1.0733542376676959,0.050492324315779644,0,0,0.5122483893318305,False
93.63338181704906,10,1.9276024477797484,0.019947608009113788,2,0,0.4750945213073035,False
23.32632147643394,18,2.7868248301758927,0.2199043390622045,0,0,0.40998672608062087,False
24.019035457109492,15,3.868406192848606,0.05949337323864806,1,0,0.3997295973219023,False
16.22692513340378,9,0.05991182632342462,0.05836954046872454,1,0,0.4301410031859859,False
27.96045836526957,11,0.25279558596970786,0.44911295049331634,0,0,0.4445904718799889,False
22.53510617137148,22,11.414902066083906,0.2603356540303187,0,0,0.4953376175624251,False
33.97342545238613,9,1.3188681662300288,0.1261634738613235,0,0,0.4124975435898047,False
68.37161104608158,8,2.798765519313021,0.5034068304233432,3,0,0.515704892705313,False
25.305610646053196,15,2.807509017849372,0.14483311632666734,2,0,0.39451094813045684,False
19.365160262413156,14,0.16488949719180354,0.1075218133124089,2,0,0.41086595345870275,False
48.44098372734606,22,5.705084304402302,0.12899650564617438,1,0,0.4490578727676942,False
61.57597022993996,12,5.059345819377169,0.24923313912434766,0,0,0.42534151617826854,False
52.91615729484881,20,0.8715814854781544,0.16746315432885364,1,0,0.41032862780368806,False
21.196732929696505,22,8.616748712016486,0.005399805027373969,2,0,0.5050513193860229,False
6.3116346281606,20,0.5364735039850915,0.06759637342492884,1,0,0.4403239149232577,False
31.568793129948176,13,1.826175495191215,0.027263096189155324,0,0,0.42635627362261164,False
117.22918207544517,16,0.15681238510181858,0.07909679056419867,1,0,0.4801463779522052,False
7.873036474570698,21,10.645085936607249,0.4768813849880818,1,0,0.5148259909488789,False
30.960173723614737,15,11.505770764719381,0.3132024057190922,0,0,0.4578118259130043,False
30.18310439655827,8,6.395723295119877,0.5007668898251856,0,0,0.4936660778570678,False
14.25205894425943,18,6.3944252827766155,0.08778080430174241,2,0,0.4310050291696002,False
4908.722008708193,1,229.26872184792353,0.861853623576361,6,1,0.7651858825190152,True
32.20261427104097,10,0.45873366056251724,0.11314864469318804,1,0,0.3956980380409796,False
9.840748412707963,13,4.391664765235624,0.3220259025597771,1,0,0.4162874286753709,False
11.416078588473287,17,10.003955737719235,0.08659686801149491,0,0,0.4575672818060068,False
58.05136808831864,8,9.621215797944854,0.4470543308981698,2,0,0.4935235446643298,False
35.80035868532588,10,1.4254896140456463,0.10980913731593576,2,0,0.40100053187945345,False
9.337416536317667,17,0.5777585777945584,0.26148210435485075,3,0,0.4545488082331094,False
39.10206211566129,17,3.2961876375784662,0.140500644684248,0,0,0.4018007664515899,False
21.419749245422768,9,13.046011199395663,0.13352272075945307,0,0,0.46644210291502614,False
13.719474801772021,7,0.3738492497855176,0.20044224599763658,3,0,0.48554674031989803,False
31.643637898670825,14,1.8721375667392137,0.22220229156544413,1,0,0.385442615127307,False
51.85043014993059,20,1.8199195149471674,0.14971073765774773,3,0,0.4626704749047398,False
28.74610795770434,20,3.314571109155574,0.10493295119328658,4,0,0.5003154145568133,False
17.192400207422228,9,1.0588336935028293,0.061457360820578254,1,0,0.4197608523613282,False
25.939140863308776,21,8.688210425829958,0.18673869991618008,1,0,0.434847897114186,False
22.36779318120404,11,3.4391755956256937,0.2731095034524342,5,0,0.5362957993191273,False
12.321352283307625,9,4.210791418881415,0.2952380314852331,1,0,0.4208805439814626,False
19.234635126661352,13,0.21903866772974945,0.47656291116437255,0,0,0.4603515269948426,False
36.83891171705278,16,1.0803112879046897,0.06987492207103395,1,0,0.39604705667633966,False
56.37667068773268,21,4.31792454677826,0.12363363906246098,4,0,0.5259239591264183,False
82.89610588378699,10,1.270451662948451,0.13445605316519188,2,0,0.43125603797605455,False
28.453498758191152,15,0.27778383063687007,0.30772026080283366,0,0,0.41432222324104356,False
43.865654976162695,14,3.2921336311611897,0.1393601555286549,0,0,0.40129109628387644,False
17.91971501835739,18,1.9747203037917542,0.2781757528810755,2,0,0.4127288127086018,False
36.14588014271647,19,1.6460941399843603,0.11891744260012298,2,0,0.40809779067879126,False
29.719868234910322,18,9.537969094563467,0.07212439591771877,1,0,0.42800470051354,False
35.807762978831455,11,10.784765485984497,0.0878627012965036,2,0,0.43765846292297395,False
134.10389065242958,16,9.281906738926255,0.35633116733579273,2,0,0.5134769122174395,False
21.344524439693405,8,0.45771975098665973,0.14645870701361322,0,0,0.4329386879653309,False
17.60637220426245,20,16.820384485679426,0.025861591787329087,4,0,0.5897947617274423,False
42.401466515778225,20,1.0884021437507976,0.11176944732144128,3,0,0.4576130420948039,False
15.41327203608795,10,3.4839948681374624,0.2445696547296748,1,0,0.4004499275262119,False
20.909650320603507,19,0.16361643126253503,0.11242676788506106,0,0,0.4253570695665572,False
6.6611979459277615,19,6.36008743101051,0.06663675142378808,1,0,0.4395804637823862,False
20.031500204143576,22,4.803026200900277,0.25400703694598664,1,0,0.44505843236639325,False
20.41773395425606,13,0.4678382345883216,0.26317370649315314,1,0,0.39832295800585765,False
33.89097225601347,7,6.759874271744525,0.16950097697800048,2,0,0.44240235386436366,False
19.567764288317488,15,3.761146913823318,0.1585913617369659,0,0,0.4026874902641717,False
34.714955964530745,16,1.7839796140104156,0.16168130879401,1,0,0.3841334222859391,False
40.11058073654932,9,0.7358578215571625,0.3115452941675556,0,0,0.42226045622110375,False
13.479582521175566,13,7.444271441894139,0.266893575358273,2,0,0.4266022503754852,False
10.015799311516396,22,5.062883217704461,0.16715375579113778,2,0,0.46591587380622157,False
4327.742412521253,3,696.1980520236345,0.4215284595935026,5,1,0.7542477597100223,True
30.318433694725005,21,17.372816294658417,0.48289988285778696,3,0,0.5697292307557735,False
15.585907245773797,8,1.0143356110253046,0.28355080016866674,1,0,0.4258398436800102,False
16.26294572613846,17,2.935619564152055,0.20639814061768252,1,0,0.39701764736805406,False
85.20411208382271,12,1.8627516388802672,0.06847914117589238,1,0,0.4313608999603244,False
12.932778400448184,21,11.972239775146694,0.2220176491847514,2,0,0.48446263604848283,False
39.129874770522704,17,15.10116032877342,0.14164309111006196,2,0,0.4585137520211628,False
36.9889797729435,12,1.3781291217965275,0.25966105733515976,2,0,0.3973617850336263,False
92.38516117502324,9,1.939514947682664,0.06702016055094473,1,0,0.44939964865560955,False
42.96586202854162,7,2.2589787148912803,0.07372189154142232,1,0,0.43293657514976386,False
22.363497057702485,19,2.4850230967445115,0.14500469313879227,3,0,0.44681568943977,False
108.78312051790394,14,0.3637271494914843,0.22251567535274086,4,0,0.5313032910799856,False
49.87079225755238,16,0.06199679803164856,0.32095592541180273,5,0,0.546425518521414,False
33.635338927561136,8,3.245975774418624,0.11302565629762867,1,0,0.41226933452995473,False
36.451950480362804,18,8.629764086557245,0.29133798144985373,1,0,0.4217540291993759,False
41.85758232891829,19,2.752506436317748,0.10721731760929325,0,0,0.41051875747256045,False
11.76098200481908,13,5.53292156287445,0.10998687357428896,1,0,0.41025911526667125,False
25.296686729057658,16,1.438941480005021,0.4398700916521848,3,0,0.4681060155226609,False
48.36483187719773,14,11.161592120375687,0.14025863309942294,1,0,0.4300724170539025,False
15.39111096981858,11,3.7399091238363127,0.4127500386578106,0,0,0.43920811930685466,False
38.592163059877834,19,4.90512336447918,0.3056791759971712,0,0,0.4284234259500737,False
44.62509845769443,18,1.119999920637507,0.07931585697983692,0,0,0.41617682246831994,False
17.143128028626617,18,2.7612307247985894,0.27390076768134325,2,0,0.415745937072075,False
27.912358846961045,11,2.567645372912362,0.015381930610631105,0,0,0.43668408580629253,False
29.58884420849499,13,3.825494735686114,0.13149453701796374,1,0,0.3898165200949339,False
75.96192414978943,14,0.6839330468362957,0.144160457072694,2,0,0.4251257984772266,False
49.69820079134531,21,2.457340222972929,0.2209110757615722,1,0,0.4201334842985106,False
25.09638357039991,17,2.4303540071687344,0.07893200158906344,0,0,0.406236296151936,False
19.739253650816057,22,1.370011803966787,0.1797186078587183,2,0,0.4430913298007012,False
22.499094180783537,13,0.9452025222696433,0.0944779541017543,1,0,0.39244967701776984,False
16.938742243992895,10,5.635594498420415,0.20948766720250234,1,0,0.40358474858668786,False
29.962139248826983,21,4.056420515785156,0.10857187264538165,0,0,0.42834478654825314,False
42.3450161504035,8,0.18371061128346625,0.25154402687030925,0,0,0.4369014755469392,False
30.373891402790118,10,8.494031413112792,0.04385877964678948,0,0,0.44761281160705674,False
59.71861056723008,22,0.9219231291059004,0.36115035272270524,1,0,0.45958709383058327,False
34.87964164863081,19,4.809923434590067,0.3867369963061297,1,0,0.42401459148160786,False
12.565682230842707,17,7.815925278744432,0.11283071312874224,2,0,0.4265773589400018,False
65.38373737422165,22,1.77360337732374,0.008888456807547365,1,0,0.4806696456636548,False
13.814330675475121,18,3.912879771929736,0.17986321188528637,0,0,0.42015038615321204,False
23.654361145368604,21,1.1827986698272621,0.5104083799518123,2,0,0.4836249688913766,False
28.95331513423307,7,1.3412019023560937,0.4661610311278186,0,0,0.48361998173602294,False
15.958138485434516,15,7.700480579870402,0.28027105242592215,1,0,0.41683081431368885,False
45.57619365985026,7,5.318839760050692,0.13641582486383208,2,0,0.4462168683288568,False
15.651457092326686,13,1.4851203007338962,0.21358627481451375,0,0,0.40375339152794504,False
18.088280280257198,15,5.879850603353604,0.10962777049138189,2,0,0.41137103430892263,False
27.204873862811876,8,3.803226247558723,0.06879916158464894,2,0,0.4281369702468034,False
134.65380421862088,11,5.732151379526588,0.6361036225755304,1,0,0.5613596590782813,False
23.291549431638597,19,3.914564239769736,0.011674514311607782,2,0,0.4476661612219173,False
8.771322361267588,12,2.527977806049024,0.26168046307785525,3,0,0.4506150113232971,False
33.482955869472065,17,2.325363897851875,0.07778371467433479,2,0,0.40155812881071284,False
26.363412603289095,22,8.79842589827635,0.29909879830614894,0,0,0.4771686040052455,False
29.53598544396759,20,0.43684602291526037,0.08709243827398504,0,0,0.4277726352083149,False
98.48617644643697,13,2.947419164600856,0.33876617536974846,0,0,0.4673959940777362,False
9.478091922323351,9,1.898516080952471,0.39582907808940954,0,0,0.4544617844646449,False
19.2531065368526,12,0.9794834400401803,0.1362286239609307,1,0,0.38987316566433544,False
29.534046715373186,8,17.45559893552779,0.30459272572488794,1,0,0.49695294254230005,False
22.49029349745812,16,3.3977936622781333,0.1414551446534528,3,0,0.4320127814061855,False
28.147648705388587,16,4.526757677056893,0.0448483682290696,3,0,0.4504423218912244,False
113.47822736851175,22,0.7285402671644227,0.36377843389018555,0,0,0.537764118777891,False
20.332799942271098,18,0.33325640403740936,0.13662937814566842,1,0,0.4039895753996881,False
17.799447288163194,8,0.9720941664390353,0.2611215134942037,0,0,0.43426745733465966,False
65.37946950608341,14,17.879137039662492,0.5565528957763309,2,0,0.5546038569609131,False
44.908948394511526,7,2.86864825436045,0.060525811209642726,2,0,0.4485808842350784,False
27.352177605780945,9,0.011493439250929601,0.23577053362150488,0,0,0.4210000238033979,False
11.912690761791644,9,0.6402612385146903,0.18880025532963945,1,0,0.4154718184542611,False
17.635196887119328,7,0.5534955097316747,0.14525574627727758,0,0,0.4497667525065627,False
35.517001079249,20,2.69241520693985,0.2061035608375626,1,0,0.4022759190022108,False
21.263118614895557,7,5.433623489888389,0.15821991210580344,3,0,0.47746071595248396,False
14.858434657648653,7,1.4098208793083966,0.43616908707048097,3,0,0.5033177335108915,False
25.32280582226711,12,4.86222568195171,0.56376727193408,3,0,0.5106577366301844,False
37.02641978925808,19,1.3988049031742662,0.23055416682222943,2,0,0.4077937032668287,False
5.319718884980592,13,0.3624033671986864,0.23026995393375713,1,0,0.4154087864716594,False
14.350668254515712,16,4.243981580983115,0.07657123050725044,0,0,0.4180352895081808,False
62.87086957346036,14,4.276986842684123,0.31193816902061033,1,0,0.4141825058408388,False
8.575708603620543,7,7.57121566130151,0.04162709112799044,2,0,0.48550429155487923,False
27.444742743918038,13,1.5416556029131614,0.1575439224322001,0,0,0.3937888596270647,False
45.955204119943865,10,16.31887802944189,0.03593753842547111,0,0,0.5097040790434756,False
1641.6726867683647,5,134.87944933404603,0.8271836121303017,4,1,0.7018124364364587,True
33.94439145019991,16,10.600093676887543,0.0597826589092727,1,0,0.4329859075330924,False
54.52280827607752,18,7.678454840200925,0.38904567917825916,1,0,0.4458997605639497,False
60.90462584576711,21,4.152836179694461,0.2456466825782901,2,0,0.4452466801344243,False
84.45429985341646,15,3.3785547004472574,0.16534554460706194,3,0,0.4585088069465476,False
31.414637746164587,11,1.4408399790445812,0.17724255440833123,1,0,0.3860557750067539,False
48.36444024793409,22,1.96093316669356,0.1104758364844289,1,0,0.43192457560405734,False
84.72982956675759,19,4.05212777182617,0.17968160855358312,4,0,0.5284593844256682,False
33.91360007061781,22,2.213435820593124,0.07127652698238128,1,0,0.4334031317936258,False
42.98536223842374,18,2.2392928731679764,0.36932197753824936,1,0,0.4103186342196132,False
35.7195842877113,13,4.154421294946591,0.05227469986477757,2,0,0.41078718021076144,False
12.890402600268681,10,5.4679392590349485,0.23474172898679366,0,0,0.42573566227756027,False
67.61116980307264,18,0.5057826205957073,0.12608800171040144,3,0,0.46496418067485634,False
26.084290893126752,22,2.565290408015498,0.3497296502587588,2,0,0.4528678889436481,False
25.535264184601843,12,2.017846931218588,0.35637983521948263,1,0,0.40102171063341907,False
179.03647373085312,16,3.90125550370124,0.17701620488300987,2,0,0.5068195389647359,False
48.202232767347446,20,1.0274130794512972,0.10580324967269182,1,0,0.40633170059367457,False
42.46880349641488,10,2.5511622301817103,0.38209575479135727,0,0,0.4194370384896701,False
30.610650672361135,7,2.435148620361902,0.035831189741991114,3,0,0.484166919251369,False
44.15977550833881,16,8.492313011687015,0.35734046618239457,1,0,0.4248309752001463,False
36.79714548040018,22,1.6231350160352636,0.30263845946148893,3,0,0.4845621126619333,False
22.75137393132608,17,3.7532962731312334,0.3662048229755806,1,0,0.412960884986872,False
34.043355809579104,17,2.359000185266821,0.12035582773159101,1,0,0.3886845299716701,False
36.289828930667866,17,4.8608705484700305,0.22075875229955086,2,0,0.4048762966883045,False
26.01841227781065,19,9.476506318386736,0.10758545211209335,1,0,0.4244617403283083,False
28.241257340181793,17,3.0543664796385652,0.3362889388287645,1,0,0.4007705731256109,False
13.701649448648219,17,3.17998689438406,0.2800403388216584,1,0,0.4057585774015895,False
58.948023126549494,9,17.371509285756215,0.3193953393795946,1,0,0.49461721610594656,False
98.81339107893902,9,3.628079488167308,0.34143513917152846,2,0,0.469486126073991,False
27.4429042330795,8,2.0299639829159135,0.2751352837572749,0,0,0.42526491159302154,False
29.44126969898658,21,1.9162741828560677,0.21972664472873407,2,0,0.4186523114089766,False
23.731509234723436,20,1.3826178665952054,0.1536152291669253,1,0,0.4007113571110532,False
80.35354257448394,17,3.737305445755364,0.32321219020205694,4,0,0.5296011177024375,False
33.412548236308524,11,0.3761964644665931,0.1614590706298339,0,0,0.4048478694407142,False
63.50840140055195,16,0.5228573539600587,0.4420954568077197,1,0,0.44843266818670896,False
46.95127038699929,21,0.5473950965326267,0.17538678047761616,1,0,0.419701839130151,False
54.8869807444627,10,5.823845425558276,0.14710178148020078,1,0,0.40935974516585666,False
28.075986815395986,16,11.945884135267866,0.620037361050753,1,0,0.5218711767466018,False
46.63364245179092,16,0.8083993310020728,0.19810131580487658,0,0,0.4066735891874329,False
8.66228635718622,11,2.3052640419513843,0.031348928985304336,1,0,0.43247506535531255,False
32.34762644863334,9,0.6945464727408415,0.36188966019471847,2,0,0.4242810094365809,False
51.39067243502404,16,6.522146305836822,0.189324887160726,1,0,0.40730530117085056,False
17.617057983208486,7,18.596190120922966,0.36622725115743876,0,0,0.5445804525652967,False
12.032260088261731,11,9.823939286049018,0.008000928522323937,2,0,0.47628190441532525,False
38.611266420521524,14,0.10587996314858318,0.19575512193866948,2,0,0.4049375868465377,False
18.555927561697033,11,1.560613392261884,0.6547224403875179,1,0,0.49225676738437146,False
82.25475405494153,19,8.477993620349281,0.18682943651266948,5,0,0.5823794992629636,False
21.84334506043971,7,0.8140082697319365,0.18388047240157582,1,0,0.426710088190523,False
33.77149606961725,19,2.4761775037110705,0.07833758550932787,2,0,0.4109449189547256,False
43.625047224409826,8,1.1793222736921987,0.06304319597674717,0,0,0.43966033682579303,False
61.34714552301735,11,3.15466122467585,0.0939900361964145,2,0,0.4121841939348453,False
39.43835618980722,10,0.6985138060529302,0.5654786026130182,2,0,0.4804388387426019,False
22.35672974159315,17,1.0541384462623975,0.138525662521044,2,0,0.40040873935196525,False
120.9280095842484,21,11.50116748304726,0.25624609668140863,2,0,0.5331045657922091,False
41.6165344775665,19,7.35927318928326,0.08775409658785678,0,0,0.4362161942483038,False
20.978144401126805,8,3.344154842570434,0.26791329782227397,0,0,0.4304559674049903,False
11.520298603594417,11,4.257058210814088,0.10708136770761172,0,0,0.4249625509852786,False
49.53783925633609,7,0.8775522894885921,0.13847325554723303,3,0,0.4711512717396834,False
1957.2870750392544,2,739.80816542839,0.4947511920448309,5,1,0.7389441280009799,True
14.572037906284468,9,2.2182586935109274,0.12238551947019445,0,0,0.42038164001768713,False
33.38188390995646,18,3.8411848448057917,0.30708843326456,1,0,0.40433702486442147,False
34.45376976234675,14,1.84291262586278,0.021529686335098396,3,0,0.4553578814271929,False
45.81808886279423,9,4.811268838523953,0.21094956829774944,1,0,0.4088806516767084,False
182.57784626390338,20,1.1420117459524188,0.18060757185254842,3,0,0.5563963812794824,False
66.86985422452878,17,0.7833960564959263,0.06262156660538913,0,0,0.43921272037408887,False
35.85230654833284,9,10.745899332657908,0.09084141649845419,1,0,0.4357947232351173,False
29.835452867982667,12,1.8570182363485503,0.10347278683204729,2,0,0.39625473284441093,False
2368.69148414984,2,105.53764403025168,0.5490862660958759,7,1,0.7251164601843256,True
12.6396317137075,11,12.160490409594514,0.5062867532110491,1,0,0.4953290792254051,False
55.033956823150625,19,4.005619201446715,0.2041583232954279,0,0,0.4207910574367855,False
70.7459978401533,21,9.323573798699266,0.22456674937241333,0,0,0.48879091493669957,False
16.30779796455267,15,4.420397160397008,0.5119113107571485,0,0,0.47260236146086915,False
33.68309390861297,8,2.7249526764880536,0.02753318174007576,0,0,0.4495726934336107,False
19.204844033076466,12,1.1016577527193616,0.0736435449307793,1,0,0.4011394362777201,False
69.24323360303393,12,4.022804414812697,0.08100034053522233,0,0,0.43350481048244577,False
68.14382083199864,11,4.056175839167779,0.1618569086254505,2,0,0.4166732734241233,False
25.287493416256435,13,2.136691406095239,0.8506864955765455,0,0,0.5359356567663799,False
22.85494158601246,21,8.798956975968887,0.19598458764458493,1,0,0.4388136633592597,False
38.624824328036766,16,3.4582124071011364,0.14800903865899243,0,0,0.3979900345635521,False
24.609952681945874,10,5.4303187284909455,0.3346070197378928,2,0,0.4172279722068926,False
14.68037572674959,10,0.5602075066856852,0.3936619175013287,3,0,0.4693387577841247,False
8.537529442102096,10,6.509024394022812,0.3246094187797994,1,0,0.4323211987050238,False
59.40250973639188,12,1.0257544848602087,0.15265771454594032,2,0,0.40628796525101496,False
17.506134334102132,11,6.28031340371994,0.27335124250522197,2,0,0.4167429270925445,False
15.38260699759214,19,0.5483139149444521,0.14397732956700682,3,0,0.4571152560977224,False
91.64771203184047,9,4.276439516002044,0.04201204702611268,1,0,0.463454732525809,False
33.515981156262626,16,2.6490034982637964,0.015964351425396425,1,0,0.42329517375266085,False
43.37525841457145,7,7.320415285159507,0.35202502673088426,0,0,0.4753417699021691,False
1676.3698366539345,4,439.78229002830307,0.5859401265904463,5,1,0.718702073384784,True
20.085109435812978,10,3.045896904610856,0.05892475129581435,0,0,0.41845148452099556,False
26.81831793079174,22,1.3627906789001358,0.16118324533042794,1,0,0.42300956483701996,False
11.335909207967802,20,5.603663352038129,0.20668249476688597,0,0,0.4481575373882757,False
13.693381161672837,9,2.8458734167348925,0.3948506542137591,0,0,0.4450162537380596,False
21.43946471177455,13,2.2375166691853496,0.15431058516184487,1,0,0.3850841590831026,False
22.496949626682284,11,9.460408750055386,0.2040751174125947,2,0,0.4227511895602817,False
16.861659685077544,7,0.47034594293083315,0.025293079940325265,1,0,0.46598891753587274,False
22.19683008848338,18,1.13958747459316,0.16272442817632465,3,0,0.44224368677917175,False
34.25549330456187,10,0.07426486992197652,0.18172746257915953,2,0,0.40755821309612417,False
13.608420581344989,11,2.5799388917116666,0.10451921348254632,2,0,0.4068065383985481,False
45.1312578908997,9,0.6425721327267999,0.5058699212626776,0,0,0.4727500777790479,False
22.54934360020682,22,3.9808475957295872,0.41282416786140197,0,0,0.47477124736782356,False
17.10897605797082,16,2.168346659502492,0.2981982782738213,2,0,0.4091914775075849,False
18.96521477189078,16,0.025161425857692505,0.26224838351373747,1,0,0.409973894727881,False
35.054223862122356,21,0.35734929876510463,0.2848476266556091,1,0,0.42750856842778234,False
102.11572885861298,7,1.6972049830785771,0.3908924169535322,1,0,0.49425787994417014,False
41.019754764335865,20,4.927314681367641,0.3517497638706894,2,0,0.4413763958401799,False
14.051241283595896,17,0.5487235236620878,0.4181705166605388,2,0,0.44125139504895905,False
31.82602719847148,12,3.8672667553988207,0.19623288467485706,0,0,0.4027935744267382,False
64.31373561202408,19,1.0208572636255773,0.21518215198245536,2,0,0.4258904718461741,False
62.10445630876523,8,0.3744695793978637,0.01146879409268659,0,0,0.4888040766580147,False
64.9492991687063,18,1.772006582931464,0.29406906143508704,0,0,0.4312289027102734,False
20.745110118484646,22,0.9010900588096155,0.17788784012851788,1,0,0.42683933662637846,False
14.97949731346625,20,25.7819440851632,0.2916106722701708,0,0,0.5563328807940504,False
56.67669741871581,7,1.7129787557468854,0.32370840495790715,2,0,0.45228994374006104,False
190.24590640865136,13,5.329283935755796,0.1689282944312558,3,0,0.529034760138578,False
36.35230439483343,21,1.6717014568311772,0.06973294991995466,1,0,0.42067735839695714,False
21.183572222721093,7,11.41515341050394,0.23054352846746667,4,0,0.5449835683872671,False
22.102461603434225,13,0.4759616239404211,0.019180005651127322,2,0,0.43615514889307827,False
47.07459159189252,9,0.005866729391576091,0.20107896110268214,1,0,0.41498741064089967,False
59.07042696094767,8,0.9363760355718553,0.2963047054263596,2,0,0.4367111520552465,False
29.118535616728366,10,0.1003828566842331,0.10110438902629419,0,0,0.41478750477034665,False
34.53826691337038,18,2.1771551450220366,0.33967632786636537,1,0,0.40188765665226367,False
20.164316588249903,13,0.6534401768074216,0.49559203430031573,3,0,0.4828491328043325,False
24.67811925869815,13,6.005778737242223,0.5963455345481671,1,0,0.48554785710066956,False
17.18294251880633,20,0.7392288697888733,0.018054529241414975,5,0,0.571294177238972,False
24.580788396132636,7,7.6891041619559415,0.020698318445061755,1,0,0.4720925375933809,False
72.21213873799519,16,4.085130292542282,0.017361512177769406,1,0,0.4509203130039389,False
32.460473731298976,21,1.1282276938866942,0.47824287349889094,1,0,0.46091805827147536,False
35.7722679694429,21,6.901019303406251,0.1328787981993979,1,0,0.42710615447803835,False
35.206079414987734,15,4.292560930037115,0.4630922873636265,0,0,0.44440943893924467,False
15.353730531784894,8,0.412947502506627,0.2205032147244834,3,0,0.4684364653047872,False
33.46167578341117,7,6.89619656158818,0.08076287805457208,0,0,0.45908161683163334,False
61.44345014039558,20,6.46677850823152,0.11871893649145658,2,0,0.4472833650586102,False
38.7701079127793,19,1.8423198483256449,0.2992401953350032,2,0,0.4124517163399659,False
26.958353393067448,8,7.015204317083426,0.11394363244841998,3,0,0.46896434517306484,False
29.20543154456142,20,4.366910370652203,0.2701864961656121,0,0,0.4254335369973167,False
19.727090456287442,18,1.2694622126328936,0.011785619209236074,0,0,0.45058490592255346,False
27.467853015602174,17,1.5470761826451411,0.024800797429400077,1,0,0.4177727805602601,False
40.31797060295681,15,0.02344551892994111,0.11217199817079125,0,0,0.41231396207248683,False
75.85073601714177,15,1.8453499902284654,0.08625501709695939,3,0,0.4606820212965867,False
39.57309714814506,10,4.047748515045897,0.08340399504841814,1,0,0.4010445539115479,False
1255.792826350348,0,550.1750733538936,0.8231887424764122,0,1,0.7478217624190286,True
10.89763998883521,17,1.7205039924308498,0.09530504503664691,1,0,0.4028328474088865,False
45.893624262748865,17,2.806231473250671,0.20464873956013885,0,0,0.4057729004587262,False
37.28809285076572,18,3.971587330379919,0.7974022105099435,0,0,0.5455428234115266,False
10.211276419032929,15,4.252504501043948,0.1324655048671087,1,0,0.40203704766992554,False
79.23594991288331,8,0.20581121131389124,0.09812675045468326,1,0,0.4491791911181885,False
29.90648390364516,14,4.291040487413581,0.4476394309832477,2,0,0.43686625232571114,False
31.275296220647046,10,0.12941746065936596,0.0625090940244302,0,0,0.42694361159818595,False
20.297627579421295,21,7.500072461542634,0.27593386863012914,0,0,0.4560949410294038,False
28.296481444974162,18,10.659786610037623,0.16486842130879348,1,0,0.4243366822518084,False
15.554533817829483,12,3.6919868889175445,0.282310832449342,0,0,0.41628112468428263,False
2155.145426162796,1,388.40035179032446,0.6696374907903767,6,1,0.7282330524986785,True
19.0625665641319,20,1.5404875336489152,0.28596018078805274,0,0,0.42725650816784405,False
59.43308685495335,10,0.3569701215708228,0.2909608942655569,2,0,0.4219425987272425,False
24.523433073139124,20,6.421972715441437,0.24682095008440885,1,0,0.42104695518898977,False
33.97325216065552,13,2.0226452710709166,0.23601329616725283,0,0,0.3954146221921626,False
19.536689739178975,14,2.2766497131247827,0.3612047053457319,1,0,0.402524264971348,False
46.32696654717502,14,4.390801370212469,0.044044308168446025,1,0,0.41179192719763846,False
19.697689223885824,13,0.7007164951638003,0.27773676893451865,1,0,0.39603678530474284,False
25.62704943465028,7,0.49361593711083207,0.06400296395624083,2,0,0.4510023066207373,False
37.38926813940415,21,7.344535793876083,0.07882651784401506,0,0,0.45408524440635556,False
59.47725496008293,8,1.0936674234794912,0.055399672525334176,1,0,0.43732855053302316,False
42.02307874840196,14,0.16663098979803354,0.3962408069100734,1,0,0.423276739420946,False
42.73334541162238,19,0.7674983243248171,0.1764239632288231,1,0,0.39874046609673247,False
27.08664434033822,17,2.843470970002963,0.10375675953439216,0,0,0.4039926047020669,False
19.696403777230778,11,5.186280563483946,0.16419790088987035,0,0,0.411825588648784,False
9.35009372609239,22,1.3186701370789433,0.4391270022611465,1,0,0.4794354218032111,False
26.76731672820993,12,0.13613223421386483,0.1706999997932464,1,0,0.3952256868865844,False
11.705684026613055,19,7.7866066512987855,0.06404678657813444,3,0,0.4919583473966894,False
46.088092918388945,8,13.09043044371434,0.052488552045781824,1,0,0.4810514904027027,False
18.197583491109643,22,1.5835286554888843,0.04148894724304374,0,0,0.46743658189408177,False
19.516435008384608,12,1.3624669462151953,0.547795039862438,2,0,0.46671219233645655,False
54.65642355189884,13,0.8400977635797467,0.06337313335762426,1,0,0.40889894016107564,False
14.966988649213452,15,2.521013852802544,0.03478413514313744,0,0,0.43065717724234065,False
25.176575323356825,10,6.12203594022314,0.15482427291905523,1,0,0.40015747147696995,False
54.997617443722,10,0.44417352424326045,0.04920573789648153,4,0,0.5102379728631137,False
80.4533317346146,20,1.4085156319530112,0.23511838087287856,0,0,0.45537317495317775,False
46.01084031673502,19,1.1853942123319952,0.27297376814471386,3,0,0.45564850874105156,False
41.91720993719047,22,2.575678090655985,0.5333984050482171,1,0,0.4949122993188021,False
29.128640007939197,11,0.6521233462391351,0.14537747909000373,1,0,0.39094219300117466,False
32.41539804758998,11,1.073125319733924,0.046308025397896815,3,0,0.4479410067234261,False
53.03257895487196,11,7.881852765070826,0.42217890735077435,1,0,0.44291580372156,False
50.029624054507416,16,4.776443583496738,0.2223462567154706,1,0,0.40202084891253925,False
66.32087171485662,17,2.293995671636058,0.09843604919121296,2,0,0.4199248373010048,False
25.899162777220994,10,1.2084295025251082,0.23589697290858433,2,0,0.4001496956615568,False
31.97496502639992,7,0.9029730054088336,0.06607012459757311,2,0,0.4457464330816902,False
23.215327191965002,21,4.799228341858439,0.04413730433041321,1,0,0.43133717272910915,False
45.35464993426032,10,3.625754263822377,0.14664142144405481,0,0,0.4058353417175239,False
119.69999377061458,14,2.6460511765088506,0.1565921786426706,3,0,0.4908561696608343,False
24.283362984619526,8,12.022228453257322,0.17224626856293293,2,0,0.4587363150368635,False
48.733334177323826,15,6.377238842184324,0.04596164810375784,2,0,0.42551659011219856,False
4728.8292093575465,5,334.82287176399797,0.7010135546997222,7,1,0.7600262140412306,True
28.57600946176069,16,0.0902701609199999,0.11067236123590032,2,0,0.4074444100522524,False
29.764147489669714,13,1.1908794298642535,0.2968126258492152,0,0,0.40345855670496567,False
10.895646251615762,15,1.381027101237444,0.42663106882691443,0,0,0.44790583549419727,False
47.8360351201612,13,3.4662609289219093,0.012370990993249389,1,0,0.4341479815730459,False
11.177155494884575,13,2.1607624265967735,0.039571902589016626,2,0,0.4243912293934136,False
56.456836504455836,9,1.9965485534827008,0.3703505397245,2,0,0.43519285298443305,False
33.24164433804723,21,10.74047822258382,0.09347555281911821,1,0,0.45086881533923334,False
32.56213645552325,17,1.1431404074285454,0.35000538126001934,1,0,0.40311033488933967,False
24.04007997009375,9,0.15356836471219934,0.4025714024702346,0,0,0.4468497735205692,False
73.1415784217985,16,8.483752853049332,0.07418235906248431,3,0,0.4883367005226997,False
70.1780093714127,7,4.003577376283335,0.049711600452652834,3,0,0.5013894059780464,False
44.60320960188018,11,5.249585371705009,0.032764651508284684,1,0,0.42252909132696,False
26.000152251778484,12,11.125797677373312,0.2105447949920401,0,0,0.4452544101926825,False
26.313644510122728,10,10.789509759545785,0.0580197812923613,0,0,0.45839203445260174,False
22.381848895271133,10,1.2379299273661233,0.22422269373242215,0,0,0.4008219833072895,False
10.731751104808374,21,6.487039133994233,0.09783416429853871,1,0,0.44138140955134936,False
24.548173935371576,16,0.49791453139975417,0.24516723211009295,0,0,0.40703117858325116,False
35.75550494997797,9,3.5033559228111333,0.13188706840504572,0,0,0.4112279069370841,False
42.80839654980409,20,12.715801870452085,0.3068876058919711,2,0,0.47684568330629856,False
31.121753345530387,15,0.49311290439246996,0.0814804549626964,5,0,0.5342755865488161,False
48.616437771909986,20,13.271774279318844,0.12753950503805633,1,0,0.46657241664502774,False
20.169954454911323,9,3.3815790468306317,0.11050779345222562,2,0,0.4109498623642542,False
44.318995413281925,18,0.18326322559058203,0.6191948357244313,2,0,0.5101904931743654,False
86.77252416481858,14,5.085540992998139,0.12094017713622729,0,0,0.4420534728082644,False
30.421898628715724,22,17.664738393439986,0.10982250696275231,1,0,0.5205891754062205,False
50.239540045716694,10,0.48943371169531935,0.04367853916038268,1,0,0.42109999302829454,False
51.2196741110452,19,1.6427003287278186,0.27692870846159146,0,0,0.4215257976777541,False
59.256927465819054,20,6.218143246155455,0.3182349484235123,1,0,0.44516116841649933,False
22.8331678742726,16,0.795898476969586,0.0881692702602123,2,0,0.405527356282103,False
3654.8173912152365,1,654.1309692131015,0.8675472884103067,6,1,0.7624047803844926,True
54.28416458972571,7,2.7021605620383626,0.13993544761946508,0,0,0.4505127185516108,False
17.043562914546623,13,4.019605540511112,0.29790991644032494,2,0,0.410186564344296,False
30.60971621357728,19,1.871244223501262,0.021841894377635583,1,0,0.4260146608613218,False
49.50370648822143,10,3.64573322563887,0.1535398413004618,0,0,0.4092130800279078,False
8.112623162448452,15,1.533172813679657,0.020058281073178506,1,0,0.4338821903314983,False
42.883734369210295,21,0.6163638134027372,0.10719867228380253,0,0,0.4368838524793279,False
28.00736324033452,14,3.075733863558118,0.1583618893680102,2,0,0.3935160135744484,False
32.56410232830195,14,7.866911892177534,0.3132000651603023,0,0,0.43051840792583423,False
40.22119734384538,20,0.4293320006673652,0.4781283301585251,1,0,0.46313395746894737,False
35.47968740509354,15,3.348616715759889,0.16662080996795758,1,0,0.3857801346917685,False
72.39513063338187,19,4.034804785904938,0.36407818305798445,2,0,0.4520888924478036,False
94.84221499732078,10,3.14881813060505,0.02870791522923441,1,0,0.4626893907160573,False
34.05265156084623,15,3.9794731663807865,0.4152238001354954,1,0,0.4132823605500552,False
37.72559274862407,20,1.6701372507653298,0.30895384938315124,1,0,0.41211359985554735,False
44.417359082823054,9,1.041411674131591,0.28468407991586414,1,0,0.40734655705375916,False
39.21601185987607,18,3.104658646641481,0.2746822111947202,0,0,0.41246763398893904,False
32.278137460993634,19,3.718001270567337,0.1255536099597245,1,0,0.39750252254285395,False
26.72185940792666,17,13.757305154744575,0.19273843138685684,3,0,0.4889246314476831,False
20.223897244336204,11,5.266865088054426,0.30161429693109065,2,0,0.4163682152238279,False
36.81642271561039,21,0.9714090797125297,0.32412212301377025,3,0,0.47792330863838284,False
31.73118041263847,16,1.8607521730108911,0.10340491781238674,1,0,0.3874918990039794,False
48.48345887835625,14,0.1867949823860847,0.07658362442113788,1,0,0.40666919740059876,False
19.301506080153207,15,3.1369592413837153,0.03628589540646707,0,0,0.42570994109452476,False
22.339737380866946,8,0.03311006970740938,0.028784735396643554,0,0,0.46470212899978947,False
29.605054862072517,11,1.2311377730797495,0.3462324365918623,0,0,0.4094025169115297,False
27.390075673967484,7,7.746179742065508,0.06402318209649677,1,0,0.45269964432584037,False
12.926012451634687,16,1.7296003662377668,0.18625584842128115,1,0,0.3952748915165139,False
18.35588832742843,12,2.155302512778239,0.10570100905867325,1,0,0.39307904905467217,False
34.968425936972174,17,2.8680420108188613,0.1724078362790624,2,0,0.3968374221675042,False
43.55676990486575,9,10.242124294442876,0.06268991146535662,1,0,0.44288101017298503,False
26.424889689216766,12,1.9135888592130248,0.1594574547196924,2,0,0.3933986897505101,False
36.81507664901243,20,5.894927875085901,0.12390447019123817,0,0,0.4316106144829466,False
18.338506754482307,20,4.93276088052817,0.30608287463979644,1,0,0.4289774861315211,False
80.094624334557,22,1.2344382455496132,0.0430275001873039,1,0,0.4780819802649694,False
40.72177423380756,7,12.575670863214446,0.20839176835901718,0,0,0.4888533697483313,False
25.4970292939117,17,2.3975697638968434,0.23981625667229156,0,0,0.4041179702700479,False
24.96580292181574,15,0.5212970005322595,0.15279049808239223,1,0,0.390063406857756,False
110.82450042924934,7,8.887561235240884,0.16267866245362436,0,0,0.5141778628977899,False
41.180211910719926,10,0.27012093506183926,0.05888214756433384,5,0,0.5455560711033682,False
26.63013878614514,17,0.5059302443091402,0.20933314523244734,1,0,0.39512011629142374,False
21.16483432178204,19,2.4444032687813535,0.03392948601181897,2,0,0.43072239534707285,False
34.293800642856695,20,1.3892716898333894,0.13566813870665428,0,0,0.41325831450354983,False
18.837833628114105,19,1.077617823992951,0.15865912614096317,1,0,0.3971073296284316,False
39.75204608802923,7,0.9976816915610811,0.09135754995165023,2,0,0.44226292046061205,False
17.82818537327631,9,0.26652928702123874,0.019395136396045395,0,0,0.46262399831873907,False
26.51137190189,9,2.5055001412317326,0.18113814480145685,0,0,0.4084663435207008,False
43.89657961031345,9,1.6456023950929606,0.1773776305475951,0,0,0.4113307253659393,False
16.211319733152664,21,5.162098639891727,0.22917092700333588,2,0,0.44249675599984495,False
14.255247313126313,7,1.2568488351491016,0.18058067796418348,0,0,0.45035838707570963,False
23.339120793157896,18,0.5504857212650516,0.16030865476059594,1,0,0.3978171726115424,False
114.24402392385001,17,0.46731477260525817,0.1104050301790748,0,0,0.4878709244288215,False
47.10388586598113,17,2.5866164766689836,0.02506855581106729,1,0,0.4194669516099302,False
101.22953244261485,7,1.62096334725811,0.06175278362597397,3,0,0.520251618438557,False
26.827529237968626,21,5.263655143774706,0.3328831905830789,0,0,0.451985882289244,False
16.883535911094672,12,3.3975640840325316,0.281981842397148,2,0,0.40681773659865217,False
37.51160525509297,11,1.9419892166255355,0.1819748106202577,1,0,0.38632900637540807,False
8.164784460468983,18,1.6003196010585574,0.06591041213067068,1,0,0.423163587940589,False
39.01407247397703,19,3.1735163043844645,0.3685954685932849,1,0,0.415422620974795,False
13.102722495291713,15,8.658319256607012,0.4277862850949182,1,0,0.44410427280184495,False
36.13920143922561,20,0.18863303354067731,0.17170423308415073,0,0,0.42387226864760214,False
64.26173116760012,16,8.386701390822283,0.09369564788536018,2,0,0.4380572791537473,False
14.145400212278647,11,5.586414513626597,0.17233044601296044,1,0,0.4048762391657692,False
10.155251702763005,10,0.5062459527122385,0.06250690696542781,2,0,0.43096278927262616,False
85.60106015540055,14,9.27080144736223,0.23776862050564426,3,0,0.4893808748785742,False
36.834601765979244,16,1.3883470287238984,0.16349648187313115,2,0,0.3956734548185576,False
27.237130490002304,20,6.272975857071509,0.24108823003970772,2,0,0.42843104029399304,False
65.47243472269702,11,4.60322986403834,0.24459060802918722,2,0,0.4203320227393443,False
38.541319092448504,14,3.4614493112787805,0.029269934733477367,0,0,0.42682654069429765,False
50.59837735714905,14,5.428022836310798,0.11262141631165927,0,0,0.4159969273091786,False
56.45195420000452,22,15.080572507129704,0.13651792692558012,2,0,0.519933905431075,False
15.697107703614737,14,0.6571652469731325,0.5429663430526265,2,0,0.4728104425366835,False
12.124039693820675,21,12.162615985762603,0.08272946557630921,4,0,0.5620916027631391,False
70.56698454658184,13,0.46261020202284675,0.12787761797626673,2,0,0.42412710322266944,False
4752.6309210690115,0,582.8088309793845,0.599624912291745,2,1,0.7668628061993928,True
18.336712185559016,7,4.792431665631008,0.3988666045648613,2,0,0.46549687987679783,False
26.74216724955508,13,3.2615390278123284,0.2568624352487028,1,0,0.3922005136975151,False
97.37375451060015,12,11.977655420798978,0.2358551615086257,2,0,0.48113021102000714,False
11.875344234321036,7,1.6638859730728583,0.06461848352677599,1,0,0.4518380980325986,False
24.103000711113303,8,1.2003458460042098,0.15888012116439343,0,0,0.42436333524826675,False
50.13089774834605,9,4.817791332903529,0.15401039823372922,2,0,0.4181922155298389,False
22.413463507759012,13,1.5049737352114734,0.027678923390889114,2,0,0.4191620649061712,False
54.82711563726587,19,7.058232856954417,0.29316281649726755,0,0,0.44302981434433014,False
51.19374823595094,18,1.9369571124220104,0.06254653597755401,0,0,0.42602480150676114,False
34.16149933154053,18,1.9457019889769955,0.2317943188185462,2,0,0.40336351576439383,False
29.334082133607573,8,9.19640614655055,0.27655699039422793,2,0,0.44518249306012575,False
20.58339127313678,10,1.675901872943479,0.139677948347198,2,0,0.39755632051921186,False
40.32470777535482,20,0.93711156929489,0.5126249860912859,3,0,0.5158954771667786,False
99.95832695243271,13,0.2941931384712458,0.3256752117483166,4,0,0.5389262332114941,False
3.7097048005590505,15,24.527859871312984,0.08237411459127564,3,0,0.5464642051174113,False
85.012770777797,20,3.434714526835848,0.37199128668869014,1,0,0.46687744488221705,False
53.03608724218508,11,1.279393035612091,0.20401649645964814,1,0,0.3951776574888891,False
2914.897514719878,3,352.17981121249403,0.5875100025965666,4,1,0.7156349557885039,True
21.77237017680446,16,2.1528886905568876,0.20318849843203843,2,0,0.3990213443218041,False
75.44511254548684,10,1.1394916765370133,0.013616324624685762,0,0,0.47475978777394107,False
4320.934813923652,0,386.9052493098017,0.7866135624836391,8,1,0.7705291408677183,True
35.14283977270553,16,0.5196139111445086,0.08330233276722822,1,0,0.39593435302761276,False
56.11327505995954,8,2.976363476702858,0.13305705387291283,0,0,0.43897218196506915,False
37.57431865248421,8,2.4987445390279777,0.1354151733449091,3,0,0.4503550824883489,False
48.76767094061473,22,2.5287477786931225,0.052432503862397166,2,0,0.4613910811373072,False
46.034435969116586,21,4.038138601751805,0.26151509298608944,0,0,0.43961970158296754,False
20.414203479761426,18,1.336513904207044,0.2793880237586754,1,0,0.4026816095997852,False
15.56019614186944,9,11.583275245101383,0.11581200822508551,1,0,0.4461422428082412,False
28.34567452363576,8,5.818139693873019,0.030018675028681482,1,0,0.4423000175917831,False
21.193265025805697,7,10.486076238951902,0.29274208191048795,1,0,0.4629257254980079,False
80.83733889416008,20,1.5389426881340986,0.20530913431552195,2,0,0.4524754097973338,False
35.55918537200106,15,3.186448468360687,0.33359051370981807,1,0,0.39455844487047353,False
53.81072445390123,10,1.6203219687650559,0.05478349190281178,1,0,0.41313891304954387,False
26.24110899391498,18,12.248658321787211,0.16829167542636866,2,0,0.4498455320728452,False
12.67810500865684,7,5.413681092736587,0.08952087129538555,2,0,0.45670751648117724,False
28.10022553627195,22,5.160488542766851,0.017306362419109846,0,0,0.48463311654665187,False
23.992512590084143,11,0.27702433248607633,0.42241611571567494,3,0,0.46830495288115126,False
26.27510757855938,13,6.996559549921381,0.30200064403606824,0,0,0.4237511475542061,False
99.657120962327,15,11.781122831840463,0.1609847661545486,1,0,0.4742071259813661,False
27.457492546817615,16,5.296319731751419,0.197632087851548,3,0,0.4423842525069203,False
31.42939172723603,21,9.1061818131594,0.33806693076639394,0,0,0.4703108929713342,False
41.473924242701315,16,1.6994363071228324,0.026580921321869906,2,0,0.42115083428946537,False
55.83122862689844,9,2.225877922777744,0.04178188882108469,1,0,0.4274101312110549,False
66.6319719276289,17,0.8624776240194151,0.035829336939911804,2,0,0.44430816762446096,False
83.60436349198318,21,7.84641436145772,0.5530094301993717,2,0,0.550350238806679,False
51.75909436616158,17,1.660028041148629,0.32254217079285485,0,0,0.42014516904139493,False
36.57296393753804,12,3.0880626823045776,0.06317475928536352,3,0,0.4387545590178568,False
31.172405065661287,19,1.8148002302988486,0.34073629721433324,2,0,0.4185426582224304,False
28.891526528286285,20,2.479217605316496,0.489929785292385,0,0,0.47205702777412306,False
99.72655647018762,22,3.620208870840375,0.12577267569441428,4,0,0.5650392061943827,False
22.880484820758937,8,12.455355062155725,0.49253735215003014,3,0,0.536958302865946,False
25.324098312957823,16,2.487011977746568,0.2426816642392116,2,0,0.4004314370899514,False
23.412347055608723,19,1.8829618403920447,0.18805794349848967,2,0,0.40658182235586826,False
18.010578082998393,8,2.2062155474061815,0.15452659382500694,1,0,0.4133381346709013,False
56.583277430333396,7,14.48858823682748,0.11823076144368083,2,0,0.506923734052801,False
22.333958791243298,19,0.477404412127027,0.17763869123288056,0,0,0.41434726520249743,False
33.92668399777755,7,9.158427644373372,0.25303028370553365,2,0,0.4548873037871211,False
16.840846148156878,14,4.617701287966336,0.1764531615371575,1,0,0.3977556019935669,False
39.02811591131859,12,3.8755228316574546,0.2273866466779262,0,0,0.4027423245746893,False
3502.525862757939,4,723.103182259061,0.2476739171004202,7,1,0.7664772351556098,True
32.26941398701262,17,0.23355014725963105,0.32512266988483457,0,0,0.42518170629127783,False
9.082915181927763,12,6.595630492245174,0.395119962834783,0,0,0.46217750194024876,False
35.36733495417805,11,5.037978328851686,0.25615857670849596,1,0,0.396315804686768,False
16.91631388313949,7,1.8590206835175447,0.10028101423799557,1,0,0.4349057410495674,False
36.418206577691805,15,1.7883394406423654,0.3855863378825476,0,0,0.418064784699748,False
19.242386924571367,7,1.4119285011498697,0.6360999918328408,1,0,0.5181956618654346,False
65.15775401754001,15,0.7143212373815399,0.16398996260790655,0,0,0.41612421143630124,False
61.32229302999896,20,2.437851879012245,0.1155223801018893,0,0,0.43145079738527814,False
41.069988597954556,18,12.29651574312083,0.11637838952713875,2,0,0.45314570541885946,False
7.779836241990045,8,1.556094815622897,0.22239000880585166,2,0,0.43807100255840553,False
25.431978476237962,20,1.1084533518990065,0.15619237520348753,1,0,0.40118637790138695,False
44.27363602789214,17,2.5252504640518882,0.08837309936751207,1,0,0.39482207859898055,False
57.77334247218143,20,3.059791140355094,0.26423922996294147,1,0,0.42158730087379637,False
18.532129465383335,8,2.423435194450234,0.2167305067508383,2,0,0.42222249587741545,False
23.227523769920886,14,5.235981408008086,0.07354870867777273,1,0,0.403444469525387,False
54.30716864282424,18,4.212071412372582,0.12490860550409974,2,0,0.4183596056778472,False
48.63957335435237,22,7.624607065166539,0.11552608774417286,2,0,0.4695053760351951,False
37.22804532743574,12,0.9948085608308803,0.11210154109578976,1,0,0.3895133140363289,False
44.967452445361964,15,2.3851348739506735,0.057478925154638046,0,0,0.4137134464401227,False
13.337569761496649,17,5.078117297106758,0.2996180670431355,2,0,0.42359907308035655,False
64.42500839824062,15,0.7423398630691034,0.1619470917010116,1,0,0.40329736693516083,False
77.68370844306934,12,7.5737138013071394,0.01712468114074238,1,0,0.47075557174245086,False
29.06876718191892,14,11.40188323109561,0.0742262715554304,0,0,0.45535078543710295,False
41.17394068649088,9,1.0528594984026893,0.2590886406201392,3,0,0.44551182429326036,False
35.45445418637948,13,6.362167494888503,0.0037477812912923114,1,0,0.4424526664704726,False
9.003656333587447,21,1.8944041893823558,0.5801969270083449,1,0,0.51091749471449,False
30.840137412211092,12,8.836226024734367,0.13927963830620696,1,0,0.40863130799240605,False
39.99873318965318,9,4.427677545300482,0.22814871150132332,2,0,0.41226260102951906,False
44.291204210621764,21,2.4241331565742557,0.36749248621762814,2,0,0.4440061505781742,False
29.319464390188,8,0.9495648821329276,0.057900962454331135,3,0,0.46485709986413487,False
21.09311093738051,14,2.0090921707311353,0.09235295247588501,2,0,0.4008236544954999,False
20.28586001661627,19,3.0044934537709707,0.048801323345089145,0,0,0.43056284417523477,False
190.2895365940514,21,0.009565990500736806,0.173517454124506,0,0,0.5674753162186115,False
60.31626484700016,19,1.094504473556636,0.2410306947376436,5,0,0.5445257667754356,False
19.634149209428408,13,22.343792139260138,0.21737300401070922,1,0,0.49854172998722046,False
26.808523277752183,18,0.2998767789287482,0.38269729390116203,2,0,0.4347609741041763,False
85.8812616963065,11,2.536028505353913,0.09118573427399738,0,0,0.44105982284571077,False
40.414850177360485,20,5.444518232935728,0.08588551924152663,4,0,0.5148058325524527,False
35.568995932096605,15,3.321961354954972,0.13733476661988206,0,0,0.3969135256615324,False
15.873269671061491,18,0.42777116060314496,0.13376054248771313,2,0,0.4174037680850324,False
20.249855196512875,16,0.9836419462530951,0.1673644026421304,2,0,0.3999588815602093,False
19.094008892536188,11,0.9170958501198809,0.12049733678539037,3,0,0.43669810764499317,False
48.546411889549354,11,20.843370055923696,0.2661284476204013,0,0,0.510674046956658,False
42.21295294846518,12,5.242433805661714,0.7169106213599589,0,0,0.5349363804952665,False
17.737368636904094,7,1.8391488302242947,0.18580005101483016,0,0,0.4433594323031588,False
20.733275614639734,17,1.2596953090457026,0.3420555545108438,3,0,0.4524708096053866,False
20.435713293035306,12,8.9723085878276,0.2364309207265918,0,0,0.4273237864144074,False
31.19005368062552,11,11.766471185741882,0.10163526424211704,1,0,0.43513650162894973,False
31.925005984800006,10,6.292424766607668,0.0993935206030234,0,0,0.4178473691454118,False
157.3707105814039,14,9.144597086611146,0.24469571937701246,3,0,0.5358466074963031,False
11.406454925496096,19,4.1443173223304735,0.2378317453736005,2,0,0.42399661477077016,False
33.32145013830611,9,0.5615309009729043,0.15264697718709744,2,0,0.41001246642902334,False
46.77401931813648,21,1.8695442376985203,0.06949305009236213,2,0,0.44180449461170257,False
34.42399306802723,9,5.909792221904835,0.470827051327563,1,0,0.4487257491756948,False
20.317813443804248,18,3.334172003071066,0.048280532124877824,3,0,0.46193874951403524,False
14.152548932540121,18,1.5608569886353838,0.2991793701601466,1,0,0.4098279851040655,False
34.249980800766,21,0.9746753714822518,0.08375187640589667,0,0,0.43452912933105714,False
99.34241037275618,12,4.813504418793352,0.2253573526817704,2,0,0.4485034417455886,False
27.374939137555117,19,2.5312873514472423,0.08473146808094593,1,0,0.3977626383720852,False
98.72988576597315,20,0.8833706731695133,0.17887751996422635,1,0,0.45866556781420914,False
50.02843234478207,22,0.19956030259931112,0.34758980069987777,1,0,0.45650118639174136,False
23.914029807277526,14,7.607546019237528,0.035754287108645685,1,0,0.427923818382288,False
64.302339964638,13,0.8258396299126427,0.0949663180894099,2,0,0.4175064740343655,False
40.4706523092503,16,0.8638864354145569,0.059349611067641944,0,0,0.4163960218637903,False
98.03736928775483,7,7.974081063724489,0.19681437850349204,1,0,0.4818642024553811,False
12.551301431231002,17,2.8133732688400155,0.10979661449135217,1,0,0.40149236233675795,False
12.734609496580951,11,1.6146663159762742,0.053540748110836034,3,0,0.4546960334969337,False
37.885876249480425,20,1.9959866388896113,0.5449145538812356,0,0,0.49263771688372227,False
16.9663135477039,11,2.1460978554804693,0.22386745706250225,0,0,0.4048554642713934,False
24.5272158875075,9,2.2173403961986833,0.0878114177881269,0,0,0.4151636613970821,False
42.19798252528142,10,3.3860066073367454,0.03269830692987067,0,0,0.42682897706739903,False
27.08740831292401,22,0.4919195481042235,0.17477602486499508,0,0,0.44572222363698916,False
71.83258889366286,9,4.789431722887311,0.21999561471013349,0,0,0.4441278347118115,False
38.44959486422629,11,2.5317579049709504,0.6183718348300545,0,0,0.49001724988588563,False
53.209453938977504,10,0.31659673744237526,0.2893254845476847,0,0,0.42300414027967387,False
28.583604734995195,11,2.8059378711774405,0.3496933546169238,1,0,0.40000248818586476,False
31.027627596740835,18,8.177141480825272,0.029192373036215212,3,0,0.4939314508608203,False
21.830779001795467,21,0.08758559068773548,0.23621725387215106,1,0,0.42729458832515294,False
71.74129689062633,21,9.63379504423084,0.2258884458077857,4,0,0.5553254926428381,False
7.381523794393668,18,3.972108232430323,0.08267908319290519,1,0,0.41839394879776975,False
28.66674332637786,20,8.669732480375702,0.44805996094088973,1,0,0.4649720162357125,False
29.726412110545184,7,1.0942679068921402,0.054876079218268585,1,0,0.4405695931302742,False
79.86268723760824,14,2.510547261056338,0.08212423885366929,3,0,0.465559791587435,False
25.09300004068017,14,3.445545910423617,0.12734156245045097,2,0,0.3980508160293867,False
25.721011099726894,22,0.9767552842716172,0.2029506341914458,2,0,0.4401201754422642,False
2685.5259621817813,5,724.3134359018384,0.7507478547337605,5,1,0.7420134702310671,True
38.301845283917096,18,14.060095697443051,0.02783856133410215,3,0,0.5290786563688266,False
88.73377379512912,20,7.3042008733826895,0.14104376730073226,1,0,0.46421847866665605,False
30.77644630962259,16,4.602242381503439,0.17837363954970592,0,0,0.40338071862190317,False
27.010805364626403,14,2.2495380531787066,0.13407858141221896,0,0,0.3960193051304691,False
44.39829708141163,7,7.009253259558353,0.13491867353694087,2,0,0.4504829379520311,False
36.04259420064476,20,7.8718290678297596,0.23288235763283846,1,0,0.4251352009916218,False
44.18776740971758,19,8.600717669633717,0.3129785918320554,1,0,0.4354201982751034,False
63.7487879702535,14,2.157586048889869,0.26224846328073015,1,0,0.40754597978596663,False
85.41410933033207,7,0.16321238910218366,0.036863840921395004,1,0,0.4829292893896724,False
13.581064471396877,15,2.849767342643179,0.3447034664442361,1,0,0.4069863317617831,False
29.070206908886572,9,5.472156259234997,0.1492002509572023,3,0,0.45011663311408995,False
27.055784290390754,12,0.5044525342809995,0.27217583556962505,0,0,0.4068960988924623,False
1285.7560894619392,4,726.9480089811709,0.9346253427005201,6,1,0.7597588991860365,True
39.56044724081092,7,1.707926256173775,0.018733272374015786,1,0,0.45759520203190457,False
105.11002735028225,18,6.72683984037956,0.1646512002311751,0,0,0.479581873571651,False
55.58372503573613,13,11.047498231495227,0.16201464087653594,1,0,0.43412744527967034,False
24.038575607504963,10,4.420620157982659,0.17722359285089095,1,0,0.39169596997583245,False
44.44996352939533,7,1.9533388462744505,0.057435491602068796,3,0,0.48265407368140273,False
25.33728031503505,9,1.911332094795076,0.14617693566690984,2,0,0.40461174865419375,False
56.82633136393158,11,3.1299920798154073,0.12401780125137493,0,0,0.4150284247397402,False
15.996480360532106,16,1.1411730405088085,0.4837513012975815,3,0,0.4856231302243977,False
20.564656018256393,7,4.474280711761697,0.1978003323858085,1,0,0.43117004459380476,False
18.23602320626818,16,1.2007513759684678,0.09140991421993935,2,0,0.40689384615989954,False
31.70747941366582,11,4.008846150344567,0.3399848153244821,1,0,0.40018251860526155,False
14.878473083143398,20,1.550539985924224,0.031851133373502385,0,0,0.4502639338036785,False
40.22173473282595,21,2.0574146339900574,0.19380307705172636,1,0,0.4105095489570054,False
13.141660494158193,14,3.8952872904452636,0.03831318818227153,0,0,0.43937020916698283,False
42.07228205728645,21,7.947789263687393,0.2823568540197354,0,0,0.45847175294998677,False
51.27629401715617,15,1.6869314156142565,0.5893911464336248,0,0,0.49308640855057295,False
50.76393765406481,18,2.4498677171253664,0.40723844588767893,1,0,0.4278344962651737,False
43.49527027742635,9,4.78035709190303,0.2925500427991201,2,0,0.4213543817978335,False
17.79563373774097,9,0.9387992519517165,0.11278318987833863,1,0,0.40896732695177856,False
85.11582206324698,18,15.18313580000682,0.4600370652211814,1,0,0.5235459983055399,False
36.23583977925564,16,2.0248259677799973,0.10511130462484528,2,0,0.39755115110290395,False
33.75959267640344,14,3.604190352561619,0.18539632830208025,0,0,0.3984934988542435,False
21.442919300879172,17,0.6559835641498045,0.34650051444795876,1,0,0.41029124878886747,False
22.882457859387166,14,4.076420043223524,0.03316444463583268,1,0,0.41410437885916007,False
24.11765925484452,10,0.05299759386164398,0.1626053936421607,1,0,0.3986818655983752,False
18.03635943596019,11,15.392925204529597,0.09046428626564704,2,0,0.4725300260578267,False
52.0992766916732,21,3.38732681603073,0.35938624636983146,2,0,0.4494594848954458,False
10.53941197875343,20,2.5842112953075835,0.03714276781532698,0,0,0.45830993826234406,False
27.55160047086113,22,2.269251622355531,0.04292916779307061,1,0,0.43898061227847385,False
13.62189047468178,9,5.298208757855506,0.1904111483231402,2,0,0.42350813724076836,False
18.000329843282326,11,11.038021744296758,0.1378980081717683,1,0,0.4288412289430492,False
25.157370594524487,21,4.200974626447696,0.17575612918154346,1,0,0.41419636334111815,False
11.881232617427793,10,9.99407561588976,0.3958800218276098,0,0,0.476825971840958,False
141.4928247544475,14,1.5102398260501686,0.04366470062983425,5,0,0.5935010765204213,False
44.28615338629173,8,3.847941296261124,0.538217654483828,0,0,0.4920776676978147,False
37.367708109570756,18,1.1800788588092603,0.046689085877784746,1,0,0.40708913237865263,False
29.982375167097167,9,0.6723327544426327,0.131423472432659,1,0,0.4034591338072596,False
12.232144369294046,18,21.494188460881613,0.17000568878873065,0,0,0.5397987730684028,False
30.17222581681803,16,3.8321767447021364,0.05589476611519478,1,0,0.40306922709394677,False
27.070280483189507,8,2.258668793218184,0.18669823918126527,3,0,0.4517964831397249,False
75.06221761901989,15,2.495031592721014,0.05250919914696573,2,0,0.4328734629414849,False
37.87837834290338,17,3.397275473789827,0.37031596861100075,1,0,0.40834752683102954,False
35.667646188541845,13,0.12541478293322056,0.3097821005276793,0,0,0.41703366116121837,False
49.28400480365595,9,13.045170181616001,0.03628689903140181,0,0,0.49570065108696326,False
17.825720703435532,15,1.5889718851941899,0.2201901501450572,1,0,0.3943679410017203,False
8.652468887716795,9,6.638251144827291,0.2578100725245564,0,0,0.4515204502428117,False
6.399885673089549,12,13.566899162619563,0.09870556906578642,1,0,0.46695516675667664,False
71.1413206299229,15,6.380265674078514,0.08569683296622846,0,0,0.4407233046738582,False
41.14708607556412,14,1.087887322007928,0.05205614564891216,1,0,0.4012782980106927,False
44.57458117045157,9,2.200048465486057,0.0722193537366896,2,0,0.4158857074935868,False
30.183535465417165,8,1.35712785518156,0.1716855157228791,0,0,0.42310401664141556,False
11.654568004890296,12,0.38156668876547084,0.23704423998668436,2,0,0.41503758776809596,False
45.85832157972768,15,9.605681312002885,0.18342690772050874,2,0,0.4255650403387109,False
52.807880604652325,12,0.897612523384333,0.4898681352226627,0,0,0.4603741763240858,False
50.527321363023184,13,7.610984230812565,0.16234931513088113,1,0,0.4112413448899822,False
27.09978882932629,9,1.4571817179711597,0.39580204535742225,0,0,0.4329792716228346,False
9.957357815989083,7,11.195278259478169,0.3141302447731131,0,0,0.5107436400699319,False
26.446570981503108,17,17.71309554791748,0.01927200917896876,0,0,0.5291768444204851,False
16.64151955607802,15,2.418722785860861,0.022530729576129192,1,0,0.42147233891582414,False
28.305690420344103,11,3.5533819261753115,0.029389941834496773,2,0,0.41633075310902296,False
18.31585186963798,20,1.8871680957958625,0.1658958791925726,1,0,0.4034944612831193,False
14.349267689017406,19,7.929677416892405,0.10701147411837057,0,0,0.4452736454220436,False
26.769079505736155,10,5.662874862385167,0.24114962838176252,4,0,0.4952996829850823,False
21.13119163847132,16,9.817640802762057,0.17374281759432939,4,0,0.5096258293017504,False
21.049321952981018,11,1.0374341376869884,0.09112292475517804,0,0,0.4087984606783613,False
54.145157588731806,16,18.521787899448782,0.3430996550506482,1,0,0.4893588174948198,False
32.951344673895456,20,1.0924448011591654,0.42629991394848765,0,0,0.4484066437713111,False
10.529093726180706,22,1.318551890548985,0.1913289565509113,1,0,0.44004759893630674,False
42.346978575004734,18,2.9189814037914528,0.22402672900787302,1,0,0.3954886656040258,False
25.301444151287956,18,2.0899557892029854,0.15167431473356618,0,0,0.4029137313714222,False
49.27986983412377,15,0.05351916367351785,0.4894826046003313,1,0,0.45201338537346586,False
14.986975996090363,10,1.0142594194510375,0.2740241003250557,0,0,0.4131881222331812,False
64.0707403045722,14,1.865049813769649,0.4140494240744145,2,0,0.441415742037433,False
35.347274596928685,22,20.314569473134423,0.20364266878739962,1,0,0.5255587437525199,False
21.505550667890297,15,15.226758099700755,0.2387518045695009,1,0,0.4536881749117458,False
47.14471750854615,17,16.379703104093622,0.24161210475547187,1,0,0.46616357003615183,False
35.10866786740919,8,1.5413394984438498,0.2592680372552497,2,0,0.42201161276239013,False
28.459715593711483,10,3.4917682240277768,0.2708013214835847,2,0,0.4021396353859139,False
4054.2074691273447,3,110.87447327844798,0.5459989605807797,7,1,0.7433997989857415,True
37.98063441012497,8,1.061912976657479,0.08898063581266401,3,0,0.46108262086197604,False
16.618298801538977,18,4.359657995702426,0.1351213393026842,2,0,0.41580162170959795,False
131.5982151122469,14,1.656881720927948,0.04434506167189067,2,0,0.494450185840279,False
39.75876213398592,9,10.804078778908913,0.03861390465637621,1,0,0.4557197282628865,False
40.90293301609638,17,9.422090170241418,0.12514546911925148,1,0,0.4149034362165885,False
21.179002373300886,19,0.024178634864699986,0.08550444109970692,2,0,0.4301560302843188,False
22.800796867052952,14,4.139035201635036,0.05768631798316448,1,0,0.4037120778017986,False
34.20088557688576,10,3.6809236994272565,0.11221585258231744,0,0,0.40197826753873855,False
25.062476431635652,7,6.235397099935192,0.12351738716524555,1,0,0.4369949095780997,False
36.13669688402505,17,0.42481890711642334,0.4162650267194108,0,0,0.4403070929993316,False
8.112402106391714,8,3.632647777088117,0.34242150151651046,1,0,0.4468740760048456,False
99.69824928586338,8,4.35101044166783,0.3167587729557251,2,0,0.4785945410717438,False
41.8594826459907,22,13.694339062024321,0.3359185959459626,1,0,0.5015139591254612,False
60.182456144492726,11,4.1825840657074425,0.38093351605510234,1,0,0.423752633538813,False
28.971329254179775,12,3.3633133676520472,0.09201177701244173,1,0,0.39239544193920123,False
26.61132956598712,20,5.931578638132366,0.15576047397214676,0,0,0.42794160281326094,False
52.31533525349644,14,1.0684409064622624,0.2348080666309962,0,0,0.408748610243706,False
22.663336946875095,18,11.729706297165363,0.24376823774086323,5,0,0.5709486155101912,False
33.604810728097746,19,1.5382214736428506,0.08644888677580377,1,0,0.4001005808852018,False
32.041728863464684,17,13.262496703457524,0.01346669911804236,1,0,0.48238375805099754,False
41.232148077912356,14,14.412863485740257,0.08367787440714529,1,0,0.4562910717593509,False
22.046571072932096,17,0.7093716794695875,0.16131201129847014,2,0,0.40152265881981675,False
36.831623859902955,21,0.4925268301800078,0.24110370513337626,0,0,0.43535954050045955,False
48.31018479069311,20,5.085316530342931,0.15450631468045234,1,0,0.41601449214787534,False
100.35310412752295,17,3.2232289197196575,0.357974089826885,1,0,0.45837615453310937,False
23.77857969465424,15,0.920735673371231,0.08822390909805426,1,0,0.39230929704401235,False
37.320501911486375,7,1.8109656626228274,0.1952473501581681,0,0,0.43985783419738594,False
13.815743117173842,17,15.014862614976783,0.3765364162123552,0,0,0.5084861360643538,False
17.824283840944027,15,7.685027030332544,0.05589681283023802,0,0,0.44094998189854817,False
57.67475280559843,12,0.993477393106537,0.11556954424170925,0,0,0.41503999052621937,False
36.728490090182085,9,2.38746878185974,0.20772591867105292,1,0,0.39852236137213665,False
67.67289780033735,13,10.641380679300296,0.15072662668814124,1,0,0.43982055221709426,False
44.10254993162861,15,15.794539038482483,0.20627858241087726,2,0,0.46197883580432014,False
48.41070631590052,11,0.7593172947570402,0.2223278158359319,2,0,0.40138095495241194,False
20.982624514350302,20,2.740312432766955,0.238154119088589,0,0,0.4229079427588136,False
16.299143480813488,13,0.026745354374447593,0.00938206580307477,0,0,0.4582695958326653,False
51.15768896177224,11,11.427914930170473,0.13167227090501188,1,0,0.43662480411942334,False
19.14943493668712,9,4.695108582807075,0.1499107503505899,0,0,0.41885602654209103,False
20.848080887826924,18,4.176082696598293,0.48336606674995775,2,0,0.45993972911286507,False
32.12541813929766,14,0.5101566874670608,0.20726560924174425,0,0,0.40196104998619203,False
28.57531119234231,11,3.0472724235629958,0.17612874905224077,2,0,0.39451132212882045,False
54.94661815589736,21,2.187537552601675,0.27899830530350667,0,0,0.4403722081702391,False
11.697422782395309,17,9.373702467025339,0.20690777027311086,1,0,0.42740006970888683,False
63.658349710534154,9,1.8965468664130916,0.35402855232886676,1,0,0.4284493511141426,False
43.69909940930113,14,1.644229133632569,0.2635843871193763,0,0,0.4041802589146933,False
73.87975687126482,8,0.8674695645263556,0.25985808148269895,1,0,0.44114705876414867,False
43.186475302108384,7,4.791259831958755,0.10750730912899328,0,0,0.45197413908166606,False
95.6559546141707,18,4.739829453363019,0.27561980220607335,1,0,0.45292837784570916,False
21.718372285906224,20,2.1027872951747666,0.10133767185408322,2,0,0.41780205820538585,False
48.38495364351163,15,2.848499880468201,0.12812252174984604,0,0,0.40372682272047566,False
13.850834339564464,7,2.621553551674321,0.1623992829270903,1,0,0.43444783389687675,False
4896.465177870896,1,649.8924923445933,0.5716736129958395,8,1,0.7819078110622645,True
38.113898903509615,7,2.5708670138291185,0.35352025620424066,0,0,0.4572882184617246,False
4855.796555742439,5,464.8690143677569,0.6745891948370871,3,1,0.7565703904850543,True
38.62812463515221,20,3.8461276081512366,0.3195079873738774,2,0,0.429867309074274,False
75.26999903749521,17,3.7575281425681255,0.7243361268448195,1,0,0.5428901574124299,False
52.4778063630023,16,8.98106595813552,0.12411285389637997,2,0,0.42858586232178747,False
41.25307925787453,12,5.580324375491613,0.24052727209856617,0,0,0.4122448813516912,False
26.594867433222813,13,7.560481740364664,0.32743923135771913,5,0,0.5521287631499103,False
20.96418121514899,12,1.2689051132868039,0.07716555730174221,2,0,0.40434596703932774,False
55.25393710740018,15,9.208984298858734,0.12320372008684949,0,0,0.4408801321719907,False
26.424001311725256,17,0.591080331306934,0.0376189722709034,2,0,0.4225713680343142,False
41.68020300144933,20,5.761915422222383,0.09966865043916265,2,0,0.43166496531555,False
32.66776574869265,9,2.4450065815259077,0.21429156479860936,1,0,0.3986814480833271,False
29.279950153397486,9,1.1736044276943438,0.038132863698592805,2,0,0.4255332203316384,False
26.425712266616703,8,1.8016743541036742,0.10706393154958228,2,0,0.42090242170086184,False
55.691066105562705,15,5.3878176433850244,0.5390832902209399,2,0,0.48010861348562645,False
57.38522492164312,7,8.356595919990879,0.186269108415758,1,0,0.4525901797541284,False
12.172499159997995,8,3.814861316211221,0.14725668000711892,0,0,0.4403801695338398,False
11.039243384541692,15,4.298390748735378,0.22162795680825392,2,0,0.4116927283227361,False
47.706661482166574,7,4.816431726646528,0.33829825820312165,0,0,0.46712899755215925,False
73.50668498517865,18,5.480855893485959,0.07411231900206586,1,0,0.43503274047412593,False
62.2471602802611,17,0.8839749436329084,0.1309109399994051,1,0,0.40611319519917266,False
32.411235973957005,19,4.477700474472247,0.030376481958580042,2,0,0.4347150504373235,False
78.81281213206907,14,3.343344089872197,0.331278621020959,0,0,0.44489509935743204,False
64.57191313140333,15,1.5624227110107227,0.01479044375005029,1,0,0.43984264704832365,False
33.94386097616579,22,5.315921379109609,0.28783800756626066,1,0,0.4438828910272669,False
27.04777921763345,22,7.707402658871218,0.2877257626336063,2,0,0.46523453226694705,False
7.9536083401790805,13,1.5869469496980924,0.03531301096475309,0,0,0.4446978845418358,False
34.65451335725776,7,0.6041442217037964,0.34130906773625613,1,0,0.4429056992621091,False
1320.6624908864192,4,741.890881121211,0.7276524709643662,5,1,0.7394383558818424,True
20.805323391435838,12,4.5574187055899165,0.49008739273012897,2,0,0.45170976120109113,False
40.535332680073026,20,4.024206356105296,0.1676045268933356,1,0,0.40408306445530773,False
17.148807761699924,12,2.823255172496602,0.0023595573669533835,0,0,0.45041990517984964,False
23.503056311026583,18,1.8505184853276457,0.5399915088807257,1,0,0.45938691274106,False
10.604078474898891,10,0.8264461962184676,0.2944027980670815,1,0,0.4143654587275034,False
52.22864636480921,22,5.164697315758697,0.1781812055610446,0,0,0.45922574653180265,False
20.104492457552766,21,5.353156310507112,0.32721576085511217,2,0,0.4542734241959902,False
38.05362185637736,20,8.622221124545996,0.09608320120018647,0,0,0.4463158428813709,False
96.18849002028058,20,11.117996452348626,0.4879210343750507,0,0,0.5591431302595985,False
2971.8518096191574,5,642.8858911210001,0.5438335486444086,6,1,0.7464121428529181,True
29.739140041616096,8,2.3160465035030886,0.0656201708822047,1,0,0.42049723148807694,False
57.552089832043464,16,5.6134769663476645,0.19227538840071784,0,0,0.422762020368016,False
18.9507060164273,21,5.523642166624049,0.20472382804833977,0,0,0.44356530290369595,False
40.809782081269745,19,5.1898551884858595,0.01277662312373133,0,0,0.45838249297557837,False
14.513257107180635,9,4.692596954863964,0.5041959475206693,1,0,0.46332828997465075,False
39.19356633562219,7,0.19331445443273007,0.101095520874617,1,0,0.4367723938743441,False
15.50674056927301,22,7.914995232530906,0.17564521005038083,0,0,0.47390407231567255,False
42.44781292862708,18,0.965389295541673,0.3037318176026461,1,0,0.4049010900989446,False
14.09414325011069,17,1.9194696922179635,0.5124860902968184,0,0,0.47615588092307504,False
47.927085351720685,12,1.2211188403703854,0.02911648851056942,1,0,0.41796333331001595,False
17.388873758361946,18,6.549323114119511,0.2199822869778788,1,0,0.41504431508978384,False
21.81143629651147,16,6.996628823305934,0.2092830875564937,1,0,0.4039095451949321,False
89.91507693416646,11,2.148824819662354,0.19054311057688025,3,0,0.46459432965256475,False
29.896919588743327,7,0.3009412440215741,0.21897183840680093,1,0,0.43410929780986235,False
59.62735963419184,19,1.8157705525671457,0.14159764623395202,2,0,0.42015905193246145,False
24.646915153157597,10,0.3813348441576746,0.17897299648376494,3,0,0.43790965016260874,False
30.560435696783077,14,0.7430624224648805,0.33949462514877077,3,0,0.4427514490461343,False
24.748435583055986,16,4.744219162567121,0.1519447179017117,0,0,0.40453431631512426,False
43.111162901517666,22,6.133364587576795,0.4048769685155573,0,0,0.48437674482805826,False
55.18942423087038,11,3.5935669119887566,0.04583352145255335,2,0,0.42350656838353556,False
35.56200966959308,22,1.721513174207612,0.1819311574767027,3,0,0.47707353283195386,False
12.068564670447829,12,7.186987863858421,0.21877511165201718,1,0,0.41778315639309554,False
112.0382240092368,10,2.705670736555139,0.17469255718655344,2,0,0.4541635978654913,False
57.327155669659874,9,0.7568568680511677,0.2291699158130341,2,0,0.41999538468140873,False
116.46598430251025,7,1.5724463114630365,0.14661163084077874,0,0,0.5072618295828724,False
46.40298194153956,18,2.7153186427842493,0.3085885937560071,0,0,0.419014608650676,False
34.91015418669713,15,12.215033370944615,0.2445405758818345,1,0,0.4362626361285073,False
78.90425990759776,12,1.2611746703421933,0.051158107651121276,0,0,0.4507237767130428,False
44.30393659628716,15,3.836367678294527,0.01813593156699774,0,0,0.4400171075122432,False
19.993965775354503,15,0.03045571194143666,0.06811901163932248,0,0,0.4266599235181182,False
19.19285869425039,12,2.0606442556145894,0.128837033567241,0,0,0.40054855715587917,False
55.8913265478715,9,14.263530868608987,0.14170753043893816,1,0,0.46406976508284026,False
42.98841079096106,21,2.720700018348824,0.18785373691402035,0,0,0.4268565489984294,False
27.392094355591258,16,1.4441059082104861,0.020112382928075847,4,0,0.5020600045249405,False
40.62015069839528,9,1.220192834123944,0.4095163812003469,1,0,0.4269700922341739,False
83.92590612728645,12,2.230590444475563,0.11508716620816731,0,0,0.43565815036346944,False
46.87897041042208,21,3.727230457283389,0.1275080348826643,2,0,0.4307897937638097,False
31.436737072525545,13,2.1536959022284576,0.1531725854189594,1,0,0.3848157085709319,False
45.94643474494628,15,6.455040586865818,0.03328839154936597,0,0,0.43979091254749036,False
2313.8576608654316,1,619.8631800608914,0.36230224352340795,4,1,0.7376042212205558,True
4650.345809071553,5,342.0080516193972,0.8206958638771251,5,1,0.7463306418467146,True
41.78852936462494,8,1.6324774238454356,0.13746933274174983,4,0,0.5010115806546829,False
112.10122018690141,11,14.548969291794027,0.2000060409029811,1,0,0.49722735881415786,False
21.388078959461545,15,5.22660730882002,0.03677416716171718,0,0,0.430704937308833,False
78.679518573572,13,2.3616569152245708,0.1898484689846106,0,0,0.43008575392648635,False
20.884068681802955,9,5.751621870489267,0.5557176941097782,1,0,0.4736774395121235,False
53.303838268431825,15,13.936429440756939,0.283036099793537,1,0,0.45874280478476376,False
8.918562801920787,21,3.7594064166361605,0.4722170925987286,2,0,0.48884316129035105,False
48.24372464181188,18,10.035599435986395,0.3445319107143767,1,0,0.4420092434620603,False
27.92550968695567,15,6.539330285181609,0.10563248400824601,1,0,0.3989161272811739,False
14.316150450858215,10,0.09048423394140948,0.14270869625471075,0,0,0.4197125415401069,False
29.959403301185986,12,3.517564684673958,0.009962727463988531,1,0,0.4307857122172487,False
31.400745442772553,9,8.334136018300686,0.060809813491534456,1,0,0.43066116511092334,False
31.56857809131484,20,3.5595541461274807,0.11789063533471364,1,0,0.40225278990902447,False
72.58435293334144,19,8.203904751220854,0.10903177487527324,1,0,0.4448099193587605,False
25.368978973678594,9,1.144478308484009,0.18250536322898492,1,0,0.39798612462261185,False
27.23963258409974,21,4.405848247335816,0.08610405840673091,1,0,0.4176272195101514,False
168.41771905776915,20,7.9586283518526715,0.10389454418200753,0,0,0.557957919377689,False
14.322371643028035,17,8.485628943946315,0.5223750952483279,3,0,0.5264116348156841,False
49.26276656686694,19,2.950236165581851,0.22882513992831474,1,0,0.4052767189121068,False
36.254115869534246,12,1.8385639504413454,0.193197204154549,0,0,0.39707407499410563,False
16.392387402007156,8,4.068584917392389,0.038050050319239075,0,0,0.45767546846947893,False
33.28488453391036,10,0.2254186165725267,0.0736991676786897,0,0,0.4201237640795794,False
12.662492475816125,21,6.5059798000771805,0.25363140607938983,1,0,0.4417294912190387,False
88.729833650438,21,6.360649869607429,0.13323179641309552,0,0,0.4853936237518969,False
51.795296496401676,13,0.5055111195759711,0.4155074487222339,0,0,0.4423840685458457,False
31.753161167471728,12,2.769655176749168,0.12307861011794256,3,0,0.4283977320880238,False
25.949464930979218,15,0.5833372349070808,0.13049236276688858,0,0,0.40485863343945366,False
48.84091512801154,22,0.48206816316164763,0.24926779305400207,1,0,0.44524416653565224,False
60.46627517732736,16,7.891123945646585,0.2518814435484177,0,0,0.4368324915744357,False
39.67288275441228,13,9.45958121279125,0.02719254075564311,0,0,0.4581636502633481,False
17.803857886221753,20,2.5908634505697856,0.23314591508609692,2,0,0.42041075881395695,False
13.889367846937262,10,6.236273164043017,0.2934326858288896,0,0,0.4311519215597114,False
42.45030812301097,15,7.191007074491642,0.2448889861385076,0,0,0.41722733493867764,False
36.43677877007946,11,1.2735928451324765,0.017901488600551366,1,0,0.42351739449457954,False
66.79058085542317,10,4.257214223886368,0.2696943059480862,0,0,0.4303913496149468,False
33.84828906148803,18,0.5522585873175136,0.12125629599003672,2,0,0.4096100643898832,False
21.457164274831893,10,2.3020251903673445,0.15238194566331997,2,0,0.39723417830004565,False
60.13609723995595,8,1.6837032067893853,0.22103514048567022,0,0,0.4392116771425868,False
27.54232069660735,17,4.256604423275987,0.22015067275221498,0,0,0.40805890266912587,False
63.051679463942314,17,3.504910362960614,0.3701438791505688,2,0,0.43377809346054647,False
1921.6226072981856,0,149.01613502276945,0.4459335477887427,3,1,0.6974005535619138,True
47.551061473569675,10,2.5342707765096226,0.32317895639877947,2,0,0.4108766680836602,False
87.10778731647748,21,0.7795477509568263,0.0452120406154525,0,0,0.49496655368008624,False
34.01477430377638,16,2.3995740913588706,0.1879333156490968,1,0,0.3857561335536337,False
29.43254243554187,12,0.44723675701454874,0.3412163344435737,3,0,0.4481392035745043,False
54.347715087885014,20,7.541745691440421,0.06848550923793417,1,0,0.4422584705303735,False
14.601948937554804,20,6.073974050155304,0.1651632032070781,4,0,0.5205287934868167,False
38.66509650535513,18,0.09407220772410049,0.2397403578223484,2,0,0.41777182383911954,False
85.40927947473078,21,0.21324060463413685,0.05659248049834868,1,0,0.47401856848384966,False
23.181621515541437,10,1.2489069035305522,0.1489536528608104,1,0,0.3880053146590646,False
61.782578717698605,21,0.35109154589497066,0.12004165924554835,1,0,0.4368313711231787,False
33.717059406517606,17,5.937962637349253,0.01781651038011712,1,0,0.4350628050590183,False
27.999702953637357,8,0.23071949753583829,0.2504270666637253,3,0,0.4635873070151551,False
38.75351600300792,22,1.295190401713891,0.3375859567556317,1,0,0.438455748237212,False
49.920051108584246,9,0.9261388591295756,0.04478155955945269,3,0,0.4668523066489587,False
27.790584840130293,14,4.504637983407,0.08560639005721456,3,0,0.44186425198420964,False
71.67237285964384,7,3.255878295948041,0.153300200242487,1,0,0.4443830624509798,False
37.70236429163789,14,2.0427232869028504,0.027707074260556276,0,0,0.4248297232487257,False
29.91229412329804,17,3.924659774346104,0.16085004805129394,2,0,0.39726892190557256,False
17.77958368603973,8,8.36092833061321,0.1928679665417711,1,0,0.4325424515344013,False
24.875156790986633,22,2.439224885252103,0.08249882883813178,1,0,0.42999271850635007,False
44.19524476784755,16,4.482273415107263,0.16525971149329363,2,0,0.40391480933231194,False
14.529748811693871,7,0.13518509845566723,0.15792205559812006,3,0,0.4881698393101544,False
16.491405331091283,11,0.09678529649240385,0.1745312696475821,0,0,0.4189210183676301,False
14.065403906838027,20,6.54130422641368,0.3653698286489047,1,0,0.4465568998873766,False
42.281867770369544,12,0.38326619259830813,0.09424841434240988,0,0,0.41224322901584726,False
15.627179463141696,9,0.1578727848850608,0.21812613461827557,2,0,0.4240010998220826,False
19.571239291524723,17,10.530917254164429,0.2334510568390676,0,0,0.4457214273984829,False
33.34325934480603,16,1.5804664442704046,0.01614579724072339,0,0,0.43428867833130724,False
11.226603589180135,16,1.390676713523968,0.1395372743867487,0,0,0.4121409656443396,False
25.63700998914725,9,9.285369453758783,0.05602666581718163,1,0,0.4354926335522056,False
50.42231797946947,21,3.2161938011990494,0.33413475329854553,1,0,0.4337186509188437,False
27.549423982508706,18,0.707476349413494,0.007693283552253829,3,0,0.48515423422279,False
9.230205074097215,10,0.11484839953374175,0.1425561938883813,2,0,0.42377033653744717,False
52.87453100861441,8,10.455672569622445,0.30659765862916644,4,0,0.5387342167907041,False
18.28858560811488,17,1.6339323743712817,0.11840284091099072,1,0,0.3934017327100515,False
55.95822650296373,21,0.027956446204480644,0.23339479785078476,2,0,0.4462644148626694,False
41.261045405453835,19,3.571921142471379,0.4685194284852617,2,0,0.4545004901748397,False
33.01384041211639,16,10.216943643408879,0.04368489717402988,1,0,0.43573005889821353,False
4475.199569238866,0,502.2978780728824,0.9297560630733422,5,1,0.7718947828423974,True
16.60906621011205,11,3.878351180842551,0.17910520546268024,1,0,0.39611867141351875,False
25.261835678918423,11,7.731469177452357,0.4709627474215432,0,0,0.46791869204778597,False
25.42404255210417,11,0.6825032808670822,0.403686095236534,1,0,0.41546167989863303,False
52.610722872386624,18,2.0438419222931,0.10394733671402717,0,0,0.41277447802894274,False
19.359123143081487,18,12.62432654186096,0.08079046158261403,0,0,0.47742934850576507,False
10.64225340860424,17,4.307185391270399,0.08434571639317318,4,0,0.500266325254648,False
26.500122572285903,13,1.3345501337013157,0.03964192448535448,2,0,0.4122723770832244,False
35.48389105883495,17,2.546189011223854,0.1537725144019133,1,0,0.38647958439642954,False
103.85919924482474,16,21.390395947937318,0.03867486868568084,0,0,0.572127431472029,False
16.546778062055992,20,10.75602233802524,0.2782576982215311,2,0,0.46263541427870924,False
39.345218547715994,9,3.025445979262179,0.10597151276960715,2,0,0.40666465742129343,False
113.99777176865113,22,3.1484743033730607,0.06865807039587728,0,0,0.5339754339802428,False
152.87135818738437,9,0.023288169638366878,0.07696336177870491,1,0,0.5106243219128886,False
53.02763695789519,16,4.358492318266345,0.15338601846714395,2,0,0.4084816995403164,False
118.75729106369963,9,0.2063606213945595,0.14059949291223514,1,0,0.48182922940812895,False
26.612302909737938,10,1.0122665525352628,0.1253263660631328,1,0,0.3915568171098903,False
17.27453801885758,17,6.640024595716182,0.2547732016535672,5,0,0.5438549140548659,False
60.763923430029756,7,0.9209879594645902,0.13374220789444222,1,0,0.4397370155311289,False
40.403847560572444,22,1.1540651301148954,0.32478521361011475,1,0,0.43978348929809385,False
102.44283422528761,19,5.69780231925636,0.023656425707814493,0,0,0.5101353140822026,False
16.09296223979963,14,1.1704601338855791,0.3686816727380565,0,0,0.4269816310654656,False
18.081302166141857,16,1.148302661597944,0.0612209762183367,1,0,0.4023555330116951,False
13.345071418192408,19,6.8410671381119625,0.10479662771555283,1,0,0.4233708302601603,False
48.91819451979011,7,9.76197708863537,0.25873888698312075,0,0,0.4802692450802093,False
30.192091223100615,16,5.259831063056488,0.09847618113127714,2,0,0.4050214292095101,False
40.48880112821863,15,5.637097853136467,0.03593157689456793,1,0,0.41550953480771097,False
38.13626500990812,19,1.6676132698856792,0.2342752945370285,0,0,0.4104805216222287,False
15.381215349400344,10,0.5358038694051387,0.23529195548755294,0,0,0.4121120204605729,False
17.579610416917387,22,1.3667395301033036,0.07810199267187357,0,0,0.4552584976578442,False
32.28016088300369,18,10.466395682539092,0.10678915265304043,1,0,0.426386188508182,False
41.89667894871055,19,9.1567855078609,0.43721480080468844,2,0,0.4696935278136554,False
17.95064752845008,20,0.5177306475995038,0.11546021271154636,0,0,0.4285151947329465,False
16.97882831793049,18,6.018191870313444,0.15835943437134806,1,0,0.4083454270600667,False
151.28157064175682,21,0.41896365054857104,0.20736598426782107,2,0,0.5219484757208204,False
21.57873419400626,12,1.5967248825259501,0.13922973343520945,0,0,0.39778246093714176,False
31.847936643903417,17,5.20082645755236,0.16811124156184765,0,0,0.40815184130303617,False
44.55542827046717,14,4.68991458430546,0.026629977999274954,3,0,0.46533382553375685,False
77.88219512376429,19,4.438993845713646,0.03143749872458328,1,0,0.4580697335914465,False
49.76680213003069,22,2.925972410738524,0.13105926118357464,1,0,0.43597989239535195,False
8.13479979933709,13,1.424377973292489,0.20393438479718656,0,0,0.4232751637433698,False
19.68381739635934,11,1.4882398239287988,0.07086430479170193,0,0,0.41428684459456017,False
20.617626224839917,16,7.129294980254717,0.13590414354296892,0,0,0.415380051174171,False
19.058053369879275,7,1.275305535951058,0.2562111965525201,1,0,0.4329793342570471,False
33.67693939636993,14,0.405458334611235,0.2245216303805642,0,0,0.40422657885641966,False
45.81806762373724,14,1.4311935633110628,0.169062552476822,0,0,0.39878112237451346,False
18.881965024195697,15,0.45467301907574775,0.19132179320647524,0,0,0.4094014692882047,False
32.1385667498989,21,2.914814987786576,0.03077250310301268,0,0,0.45241481396402305,False
27.770051209118762,10,0.9552537706449168,0.34885800058353394,0,0,0.41168779194726707,False
126.19635978051518,19,0.930887177248774,0.11416098759076992,1,0,0.49250529705172486,False
22.712357552090097,15,2.3275530147536423,0.17840059959994503,0,0,0.397803260002491,False
27.227916720579387,20,3.72119822998344,0.1218432853950364,0,0,0.4161344752926029,False
35.73462782568538,7,3.2326028293274787,0.04351999136839431,2,0,0.44969339989847035,False
93.35887819284537,17,2.2302264462902732,0.0129763617195605,0,0,0.49460252519662196,False
83.2971663459561,13,0.9407658373714096,0.003259199070142378,4,0,0.5363542051681438,False
40.379075480920235,19,3.2962146161475645,0.39523563655309946,1,0,0.4224687817099709,False
52.00969999900019,13,1.6359365890877011,0.11654646259992378,1,0,0.3958213807688271,False
36.92129669312534,8,0.6431563300409227,0.011154104117220532,1,0,0.45037262496742925,False
29.42570407897485,9,2.557515243616714,0.24543114570453378,2,0,0.40646758874185246,False
36.966249785228065,16,1.2811779672949697,0.07281776180248839,0,0,0.40826986047352426,False
32.47912998578788,10,2.175954219214685,0.08345578507251324,1,0,0.39503680694015053,False
23.922273244314322,12,1.7354192654448988,0.26320497217094285,0,0,0.40147104512223664,False
22.114143680505347,9,4.005534398992752,0.43085673841072475,0,0,0.4436562593141256,False
34.27602200711928,13,7.700771549413821,0.0639141036780405,1,0,0.41829281345317765,False
22.15783465891041,18,0.8350784257674426,0.17518077719984612,2,0,0.407996926981776,False
10.069530340031465,13,2.3261058318549646,0.33072711389114795,2,0,0.4184771726177655,False
147.7679769047637,16,3.360501040443576,0.12634008717244946,0,0,0.5031098579730426,False
66.55958014556538,18,6.131485070305518,0.13460752569215542,1,0,0.42319968966137683,False
54.37173197187232,18,0.8451009684609365,0.015351167164255516,2,0,0.45614810727565797,False
18.50645819765305,12,0.832080183659837,0.06487057359151911,0,0,0.4183546820549387,False
54.66513914746869,14,4.561740007745933,0.012595112893660769,0,0,0.4541636856898238,False
26.79067247352389,14,0.3184067983916046,0.10843903933305131,0,0,0.4108215786645959,False
19.122479253898593,9,7.66972181416706,0.22442439699507152,2,0,0.4274489903559794,False
37.56883215717375,18,1.49459495568711,0.313020045803983,2,0,0.4123888312921638,False
104.57106896504715,7,1.1176172304771699,0.546402138821435,3,0,0.5628236076452825,False
24.75447214559307,9,0.306862872355875,0.32035597718628867,1,0,0.41338859984263987,False
59.126416757829375,19,3.5448321760407593,0.4863140081622569,0,0,0.48061618509620935,False
30.181632525270913,15,1.9643409531306932,0.28094305909637945,2,0,0.3983733044249577,False
36.04801082573648,15,4.729618962047596,0.44596112144779776,3,0,0.4733673095107385,False
25.941234043094067,17,0.01393088597795523,0.378729962220723,1,0,0.4272331219789983,False
29.909259721883117,15,0.18818994880163725,0.14888631526195398,0,0,0.4071376098403346,False
14.413058674533234,17,3.1930961705853163,0.15723857582904618,1,0,0.3963472189523726,False
35.612858610978655,18,6.921149034475343,0.007811178369917367,2,0,0.4581093561918268,False
49.4543791448282,19,0.7826324050578479,0.07928392150515233,1,0,0.4087544364360195,False
37.68196424391,13,5.1241673224140385,0.4035260881709226,0,0,0.43762578012624015,False
21.943882394929922,11,1.843869102855505,0.22035787970649615,0,0,0.4009927971464462,False
19.669789713374552,9,17.011543202409424,0.31659932124253237,1,0,0.47868726742824846,False
35.99813184290448,19,4.322275096855123,0.4538750353149282,0,0,0.4589041076774979,False
57.371147801587995,21,7.804681018516726,0.14168478990094976,0,0,0.4659303843105428,False
35.84213970348132,18,1.7175014748482464,0.30417494993113786,2,0,0.41033582381235134,False
59.202691936405614,13,1.7317924693368765,0.2586958068434917,1,0,0.4023380411536154,False
24.693832574830093,19,0.44400845674365375,0.04623291651182866,1,0,0.41917345423583535,False
18.559696319574332,9,0.5132325441638887,0.1822715777613839,1,0,0.40536181899340556,False
40.36512312745978,20,1.5819159956926974,0.5072257834046409,0,0,0.48010245461999,False
2354.3711569962006,1,514.6253585596152,0.5798100411102523,6,1,0.7352952272290958,True
41.190963105862814,17,3.814013355680756,0.1892555105648662,2,0,0.40025628678017106,False
11.356988963976676,15,7.975976102476209,0.11366081942985992,3,0,0.461160643846471,False
26.46848123908891,17,8.339626461121057,0.5992958400106375,1,0,0.5015322549408573,False
16.53569240482692,12,9.777690695958935,0.0026250571955348037,5,0,0.5826442666714,False
23.290579114475406,15,0.2156577289529919,0.02784033072155599,0,0,0.43641862824696936,False
62.07784559874124,17,11.672048349181804,0.2723102879963533,1,0,0.45500652743045594,False
23.896459679217315,8,8.667629221687541,0.33571163088548117,0,0,0.45963760752796273,False
37.67734108341182,17,1.7209059970911103,0.12135085198293549,3,0,0.4325475080908672,False
59.67348889058928,19,9.317664306776239,0.2072815734132823,0,0,0.45723937937552345,False
61.10108920421067,17,1.5397046220251853,0.08049665766459635,3,0,0.4513690146488422,False
27.76378983929238,15,5.470237607618101,0.18445269634382427,3,0,0.439324820292506,False
37.45897432780602,16,1.8570872929487376,0.036578637373186576,3,0,0.45126551866620723,False
80.35354405964085,10,10.352042752571267,0.07596252652949152,0,0,0.47864272964602433,False
88.60714133508387,9,1.7568264751973872,0.16806718827715716,1,0,0.43584346167505383,False
37.598563304421184,8,10.756499890057954,0.3307314103106748,0,0,0.4726212463185805,False
38.33071328380064,18,12.477226845975483,0.049489462279561684,1,0,0.46177659479949595,False
15.884099556438064,9,5.588414162444228,0.07013215322954548,1,0,0.42216412338448467,False
13.945955252388794,15,4.2648955365022125,0.5270722562262151,0,0,0.4771985101106839,False
28.223691656180975,12,9.960190798091915,0.1775556734218335,1,0,0.41461682254407123,False
37.77477688993237,20,0.6439453637303731,0.08072474190133311,0,0,0.427466375469751,False
9.989354582990071,10,7.8530632031243295,0.1174050873390163,2,0,0.43403676820599213,False
22.70608129439177,7,1.398315281733735,0.2600411603307815,1,0,0.432650759701277,False
85.34150585459189,15,8.912030167778827,0.2476220499570213,0,0,0.46390200728465686,False
36.675397628328746,15,10.608339193832167,0.23304896936454744,1,0,0.42171803824194937,False
149.977370970696,17,0.9278716067109969,0.38546163621533713,2,0,0.5192148607192878,False
104.97977540768609,10,4.393473567341819,0.046314856716688495,2,0,0.47223760131834674,False
48.544579542340806,15,0.0719050138503782,0.1731087535830141,1,0,0.4028404261848479,False
110.17892621257363,12,2.5986643521123947,0.1335720046510064,2,0,0.450904569003267,False
44.380262063710894,18,3.756477180322375,0.3673703215422351,2,0,0.42502888653971327,False
39.779357228642084,13,2.781075298038473,0.12986897949851547,1,0,0.38973882522215414,False
18.57500636704476,21,0.4157674412931547,0.3916809183223803,4,0,0.5395843002533907,False
25.52921567055732,16,1.9750915548942483,0.11145468772870261,1,0,0.3887333224289783,False
29.790228281084932,21,9.54961770236464,0.5010623891395476,0,0,0.5171862116200887,False
26.227804574812545,10,5.407765459118096,0.04955717962183524,0,0,0.42495884467983036,False
1962.19561953268,4,617.9455868224386,0.7087809031805881,2,1,0.7356950512314973,True
11.335779418375912,22,0.03219539512201397,0.3148620983388375,3,0,0.5106623611693533,False
73.83461611809234,15,1.7660373007482284,0.3877594525508658,1,0,0.43287062261241277,False
23.69673304427614,17,0.5146731561627584,0.394260164850159,3,0,0.46549136120080303,False
19.552606059873828,17,2.5740570212757987,0.0694002013391343,2,0,0.41054988989036,False
64.5987993075105,17,3.0649960017426894,0.27311405441321346,1,0,0.4101501472575648,False
51.606498443250246,18,12.729311813299569,0.27124420659798615,2,0,0.46425247448220036,False
43.094522257667265,12,3.3817493115181074,0.130313685441435,0,0,0.4026617116193177,False
23.417337517899472,12,3.407271998242637,0.29622530573889405,2,0,0.4034205011205243,False
68.27284972455975,18,5.6192438001086344,0.2866909616309886,0,0,0.44363510899093206,False
132.41046130431786,17,1.4526375287405493,0.09193686813931334,1,0,0.4879857241729388,False
43.336465484369455,18,5.346275504279529,0.059084044583957926,3,0,0.46390886256146685,False
3954.1142553227173,4,557.8837383224184,0.9723571681655503,4,1,0.7564250877628548,True
19.396300018749763,7,1.3327379883096517,0.11231443634746222,1,0,0.4304519520208638,False
38.19258402900148,13,0.10850257330104152,0.1878122995750169,1,0,0.39514765243675654,False
3403.62430257018,2,296.8168876463565,0.7323596914794043,3,1,0.7260999426186506,True
28.049756358193406,9,1.6616015229724646,0.3660114062384886,2,0,0.423990627690488,False
50.52604192184182,12,8.363463479836271,0.17663425481179418,0,0,0.4264326101444288,False
13.762325173994782,18,14.454864305962557,0.07643826245323936,0,0,0.5012109662935982,False
21.866114472883698,20,0.21640845661184385,0.13209921858428522,4,0,0.5070145929968859,False
29.87822938884308,16,9.606769651322534,0.012623453277470827,0,0,0.4697641453376582,False
27.92107268695285,22,1.7104660889347043,0.17539007583370578,0,0,0.4375992451935549,False
52.86373962241141,21,5.679508299873058,0.2119037075476523,3,0,0.4861882892815386,False
24.65736168314773,12,5.003345606673076,0.07727479891355056,0,0,0.41381571425536806,False
25.19665507749107,10,2.235090810639814,0.10773027118473083,2,0,0.40003633158745044,False
44.783026776018275,12,8.327937442087896,0.45368038167547753,4,0,0.5341979248167059,False
73.20630392455169,14,6.78173124064247,0.11132685547611623,4,0,0.5152793085271127,False
60.17723771505618,7,9.450274593177424,0.2512735620546681,1,0,0.4639445660195799,False
14.641280641598135,13,1.0171918520309835,0.03155023253196552,1,0,0.4204655566460636,False
40.24278895009514,10,0.4077277144017107,0.15883178761319408,2,0,0.40470849063358794,False
41.680621918879815,10,2.0172808800723416,0.2306050067965446,1,0,0.39206206898367496,False
18.00505499049831,11,2.081857115164456,0.12715194351903017,0,0,0.4042123422651614,False
29.995198977208055,20,2.2327599631197454,0.19393953661775803,0,0,0.41265230114242324,False
52.62148915706039,20,5.743359126185216,0.2388191150458998,0,0,0.4397033643425651,False
59.00336897177928,11,9.818952616512695,0.11916951161193962,0,0,0.44624201823419646,False
34.95613873488016,15,0.11524348159689977,0.0419069418430223,1,0,0.40987931011204115,False
22.667010523567743,19,2.9460348995184784,0.15142393638866827,0,0,0.40822283938961623,False
143.60666756327583,10,7.049169333354691,0.2971737398765985,0,0,0.5120489811460152,False
38.887175534621356,10,8.136763433767642,0.13659833899657522,1,0,0.4087992550016395,False
68.95987427562027,17,1.1549051813195292,0.36462029954603636,1,0,0.4278086455171901,False
35.26228636648502,20,1.3099228883885572,0.36550802316024755,1,0,0.419732143587012,False
31.35825162657508,17,5.428466322928114,0.1371610989939877,5,0,0.5350422112152511,False
102.13361277058284,12,1.1692223847350183,0.09515501230057513,0,0,0.4594432805436693,False
20.70862333226394,12,1.1040680037055675,0.1547139193744837,2,0,0.3966137753598289,False
34.99747776587211,18,0.07502872737206656,0.05659926384883898,1,0,0.4202992333245531,False
28.81005867468865,7,8.16511696470481,0.24281985257139538,0,0,0.45892469722554735,False
39.978624623793195,20,2.3906187461728563,0.09295507539118536,2,0,0.41813743845046686,False
43.51101968950582,12,6.792856348533532,0.15697594032779633,1,0,0.40108520342634646,False
33.36463381716544,20,11.84355091948259,0.44274780768737515,1,0,0.48681668986589277,False
57.76962329124621,15,3.708834479956607,0.032236321723087796,0,0,0.43828418463315866,False
19.165922381614774,13,17.16395586323903,0.08832326847276416,2,0,0.4842237012622988,False
22.034566203315325,10,3.7610031592102593,0.35150725160043694,2,0,0.4148439435421833,False
40.37351365513,11,8.81744833746184,0.14889714534768728,0,0,0.42237584010968476,False
64.04016062165819,17,0.12106689432829432,0.18229968902710575,1,0,0.414569809981959,False
21.314068455700156,13,1.6450497996406837,0.13930470724586105,2,0,0.39599157296616583,False
49.39966294355894,20,4.6447472743550895,0.23273790114405604,2,0,0.4303809602908537,False
43.44085554880811,10,1.0497800466952443,0.11544583987368415,0,0,0.40644943458373856,False
13.649122337208462,13,1.8895279239683356,0.10524084914845849,0,0,0.4095399135294868,False
53.792209387650566,16,0.5993667082457682,0.022471245760588152,0,0,0.44337408048777804,False
28.731805226326017,11,2.441480434006381,0.18187532813603965,6,0,0.5555164227328703,False
19.10157193873742,12,11.92373285462416,0.5843983648388971,1,0,0.5105359337326473,False
25.953846155587065,8,11.901423877768766,0.11233373278757731,0,0,0.4724587404774098,False
61.11353559838709,16,0.05965041492544064,0.11750175130597927,0,0,0.4313196767377602,False
23.040207233396018,20,0.12678695040061244,0.10676252878711663,1,0,0.4138710804120217,False
4204.1304414188,0,311.24986987137515,0.761983048272108,13,1,0.77137270603058,True
27.394029188494542,7,2.140079227781165,0.14387664039831038,1,0,0.4203083792183326,False
18.22120205064019,8,3.1565278008803364,0.2213317732196517,0,0,0.4299830866821664,False
34.492706693529755,18,0.5899390979772502,0.12848133773901596,1,0,0.39890776197353606,False
2856.4907328549484,0,764.5374411815139,0.9086117879047314,4,1,0.7604902949034327,True
34.98487634032935,15,1.0909488543886716,0.1649342892357756,1,0,0.3836788271946355,False
44.454225770601944,16,2.3454812505199945,0.13552014075043453,0,0,0.3995947600049042,False
34.841066693633714,16,0.9493510181115344,0.17428388982300314,1,0,0.385428847294962,False
14.57558196929041,19,0.06545565876670956,0.0658100967500814,1,0,0.4316610626730231,False
62.56439353229005,13,1.3166977601688699,0.15673533636126424,4,0,0.4915166538877919,False
21.115322425660878,11,2.705412874802329,0.06813578148225463,0,0,0.4138918408026813,False
19.27354281963292,15,7.1816510147030845,0.06621397077895962,1,0,0.41187378264251917,False
36.87616402619349,16,2.7230203108092597,0.1456398115946192,1,0,0.3858342816813763,False
25.564286964368375,20,0.0017579181481522477,0.22196612653825584,2,0,0.4269829481279662,False
138.42333338411984,9,0.35377803381456313,0.3099989314847192,2,0,0.5029127078499536,False
24.842057840461315,20,1.6773533431949603,0.41831510791728843,1,0,0.43586252580648593,False
19.875905645479207,22,5.0014418337338356,0.09988021300301732,2,0,0.4567501001509923,False
64.82156214748171,21,12.138454826372884,0.48461544684396707,0,0,0.5460114747311346,False
51.917729455175575,14,1.0357498673264884,0.14737647067340548,0,0,0.40765064259545214,False
30.246149086146637,11,1.6466885101267021,0.03220571687458051,3,0,0.4534485661700007,False
42.51346668359985,8,2.1979734346661086,0.46996690369535954,0,0,0.4713936850285779,False
48.350670937699874,11,8.597179382444471,0.25714286713349366,1,0,0.4186928903976664,False
30.369213239813877,14,8.559502232497458,0.22629909761927786,0,0,0.42443967367028995,False
36.828496171423524,9,3.2254177075413115,0.13990854569298555,2,0,0.4039730573955731,False
40.3269824131315,20,0.017228727627688418,0.3626028488415636,1,0,0.4349532498154137,False
24.17577416547148,10,0.09653670359282254,0.08946031477962957,3,0,0.4486688025446186,False
31.23777316659812,18,1.460551671711008,0.13699011521237628,0,0,0.404835024124121,False
34.49659343206865,21,3.9478437881798616,0.3996888358880854,1,0,0.4376842372278099,False
19.440968282671285,21,1.9526470249824783,0.3907762781056934,2,0,0.4504251080078277,False
73.80825648152407,10,6.269911428428779,0.006386468940510747,0,0,0.48677930832166183,False
32.95876684888746,8,3.4755595798379773,0.160282775918354,1,0,0.41070257858536086,False
40.11428093818584,8,0.8660056508448721,0.7618497638180011,0,0,0.5491679348565405,False
49.37774707738971,7,4.914233247012058,0.02546836714480074,2,0,0.4725977759630934,False
11.426683482764144,12,2.6892436688803283,0.1215588849094676,2,0,0.40756854241328333,False
41.30625608787126,7,1.051088849394623,0.0950982958420383,2,0,0.4404008966751697,False
33.86946731627293,12,3.687634036684324,0.14870922034367148,0,0,0.39890849172589465,False
53.71327244388707,8,5.2069691419452315,0.28265341049620896,3,0,0.4727673328654607,False
10.952061783837944,13,4.04938520948862,0.38582293667772766,1,0,0.42606875882984585,False
45.68537302219543,22,7.31010665301734,0.11039949225217481,1,0,0.45360258130622333,False
29.829455941270183,15,11.07411791574552,0.4036894642415819,2,0,0.4539476129435413,False
106.3524602985047,8,1.2218632567664387,0.09148121469117886,1,0,0.46551746809285577,False
22.98816463632596,10,3.68564187199084,0.0863363802695783,1,0,0.39820537408458606,False
46.8472800351555,21,6.52525681610356,0.014411905499646264,1,0,0.46834195817173635,False
79.63177193171592,9,0.011763617510883622,0.1255453334678072,4,0,0.5244095924204885,False
86.57986950487945,14,7.3742658147368685,0.2818553285747236,0,0,0.45847687542457577,False
68.92625739788565,17,1.1529297006394166,0.039946835839668876,0,0,0.44959534908515614,False
36.73772968526894,10,0.28493992922338596,0.06625940456059502,0,0,0.4250713622221454,False
30.144945421434965,21,0.11769793809732025,0.20973964307401194,0,0,0.4367122720165846,False
39.552141770061,18,2.7926943249453684,0.2706037556333867,0,0,0.4134065503873103,False
18.148603427108288,20,0.5310150027729258,0.3441280676532953,0,0,0.44493694012288487,False
26.751244902152962,19,9.60335296243895,0.22553502012607676,1,0,0.42504315585104213,False
12.759288344856234,21,3.196354758252367,0.5535005064957225,0,0,0.51767077584055,False
46.22622227479623,13,18.367992937552316,0.24867606745332183,0,0,0.4976875364363291,False
16.392037267361108,15,4.8271360257754035,0.05397999456669331,1,0,0.4105868731025398,False
37.600910687033185,10,4.306201635354396,0.25205886495012153,1,0,0.39593598892882875,False
9.651788311105863,11,8.23798411769819,0.4393772697422671,1,0,0.45896206454670546,False
18.148257535350545,20,0.32019708552170856,0.2332079576485821,0,0,0.4324010043050484,False
26.39873468341246,22,4.314884039749677,0.17066700541817217,0,0,0.44770669438226424,False
22.383458442893513,18,5.246218050670422,0.06285945876534729,1,0,0.411517234803821,False
20.219550636390355,20,2.391385844714105,0.05238688332647935,3,0,0.47372927412448584,False
10.347536000641075,10,7.528842328582663,0.28679899390094366,0,0,0.45097501632163267,False
74.32102937350552,8,13.785435569607184,0.04853673490319362,1,0,0.5094353458591416,False
178.70589002984818,19,4.129495088337934,0.3179589816375364,0,0,0.5508739762430805,False
10.937505924232626,12,1.9040807713234178,0.3025088025271482,0,0,0.42730163246853486,False
60.21568886273335,19,1.1028458596176185,0.0634271737035311,0,0,0.4404397123986782,False
49.0760353236363,12,3.835299002253565,0.2628321645126584,1,0,0.40281606632784445,False
38.59520516043863,14,2.7908673991930484,0.1434666915422922,2,0,0.3931633255945308,False
34.33897714342726,19,6.70660310870698,0.12165489995290779,1,0,0.41118593734850356,False
33.36502700221696,21,5.755496573825727,0.2858719554757207,1,0,0.43223861164003846,False
34.75643258960899,12,0.38610200481080537,0.33409647813636145,0,0,0.4151304629527281,False
88.81726227905087,8,0.3253060869945226,0.2843822154199576,1,0,0.4634243632500848,False
10.029319998598108,8,0.020067269903938346,0.18733287892612596,1,0,0.4386743585735074,False
75.24462484395525,9,2.0846889404109525,0.19435263997515556,0,0,0.43924322954527656,False
40.2941348553738,14,3.476450384029666,0.6618132024915155,1,0,0.5001470967709988,False
11.471008601220985,17,7.243170376874462,0.3543362721600447,2,0,0.4438261697673003,False
23.03464927007583,19,2.234879965482976,0.42468419902593907,3,0,0.4787454477982842,False
82.27568284042337,9,1.293798134627097,0.12294697495730172,3,0,0.4734578766369896,False
80.54961488914749,13,4.901412269987814,0.034405794017516755,1,0,0.4472053803715606,False
87.92118636386068,16,2.030398825895268,0.12745576154309526,2,0,0.4371727532286217,False
20.95056624037618,14,5.453355513307625,0.024839567189780285,1,0,0.42266073148398997,False
2920.2940170366383,4,724.7459517752504,0.6830938250820743,2,1,0.7443102767139893,True
42.59253212644401,14,0.76715795021786,0.3033583428961788,0,0,0.41018002152030597,False
30.884054428996915,9,0.042364830863121525,0.24891431306350312,1,0,0.41033812151531956,False
54.47334095556908,16,2.1695907237265852,0.19383392305753822,2,0,0.40417050380111835,False
23.280300767402252,19,5.727832212875557,0.42238887492065347,2,0,0.4520045386458725,False
67.89597275502652,20,2.45913507402405,0.1792593609676911,1,0,0.420203692491133,False
81.51128837272573,15,0.9515146215861003,0.19884980542636796,0,0,0.4345349010362222,False
15.346527874760806,18,3.1303355234823305,0.11407477139063145,0,0,0.4187899636650348,False
35.824595964827765,17,2.528534727078369,0.09826097206517213,2,0,0.39874379169055224,False
14.47626554278733,9,0.7149425029969418,0.25495496751800756,3,0,0.45577070895021865,False
51.911157942362934,11,2.104816527380523,0.293793919449021,3,0,0.4423304152583454,False
24.987072618750496,8,5.587401016032393,0.21095398818613748,2,0,0.42593139926373824,False
59.570216034474576,10,1.4073897486585227,0.028209162635482003,1,0,0.4297014979611338,False
52.642505593745355,10,1.2348876369525796,0.024042133170208466,1,0,0.4271699051290177,False
34.85591425944879,15,3.5552353648240103,0.17767039713169705,0,0,0.3974080570276528,False
26.869139083734254,22,2.543895252318858,0.3029594877649533,0,0,0.4500471784687866,False
16.476180306929628,16,0.04936328377932486,0.22386884208466695,2,0,0.41505904852555947,False
46.068135062784386,9,7.060030540784973,0.3149231943825989,1,0,0.4243413003664253,False
33.39449724010848,13,2.7355385130437266,0.01621439155305914,3,0,0.4605030825611476,False
37.83329997768108,16,0.22022431021006783,0.3384266651467363,0,0,0.4226017869529062,False
48.199769379161175,9,4.039053777877731,0.18348319203554458,0,0,0.42178730727901687,False
39.39407775322644,22,0.9645817831720934,0.23439695092519336,1,0,0.43057486560088254,False
30.02211452355991,20,1.629166740758063,0.40796172561574423,2,0,0.4400968717071813,False
28.90825658429093,18,4.922364600983478,0.1767805876292353,1,0,0.3978273505930411,False
24.10541769801129,10,0.7981730925604988,0.1643991667017703,3,0,0.4328699631155601,False
17.283991107651786,11,4.5091306251792735,0.08964486124276708,1,0,0.4042615501234006,False
10.68302739520162,17,7.333940994426095,0.2783667773483916,2,0,0.43148399480471455,False
20.69913853980717,19,4.923155440202657,0.1988101167497903,1,0,0.4066752954449146,False
52.53546688268665,15,0.37405623403519417,0.41512051099349095,0,0,0.4435355460680749,False
45.151418243647086,16,5.3139486229945705,0.06380910459412477,1,0,0.4094317405119659,False
23.233049017703223,10,4.135128777686792,0.1847773242290083,0,0,0.4033328108501391,False
73.33867070120458,7,4.00810878921555,0.027845081761593435,4,0,0.5501086942350912,False
44.30496145591515,20,2.9640034486870546,0.13783991360425799,0,0,0.41734463054043325,False
46.932917136983136,14,1.6474897739567034,0.08454485921196589,2,0,0.40363685556168255,False
24.441889423879307,7,15.85784868333728,0.3131093436047785,2,0,0.504500359871093,False
45.304942309857445,9,1.3751743883337562,0.1253278586664602,0,0,0.41863097123968074,False
12.778205437913511,13,4.836510481632059,0.03672590775814836,2,0,0.4337790079591273,False
60.19343004496415,20,0.34690705768696006,0.01858763051862279,4,0,0.5427540842477157,False
35.40348485898708,10,6.097003788451351,0.22984402670153434,1,0,0.4010906930212387,False
20.990695010567265,13,0.6012371267662046,0.26073608295910305,1,0,0.39692477491762396,False
23.905235687447828,13,4.502872201412499,0.018287190624181326,1,0,0.4274521171195821,False
31.457443152301092,20,12.626595379917124,0.13838845215134285,1,0,0.45570279334579417,False
29.733919713529566,14,6.203867714980842,0.030783206052843074,2,0,0.42876482924230047,False
18.91261939271228,7,1.1865859351214698,0.3159561635939681,0,0,0.452913151816406,False
40.199314963174984,11,16.00102245560767,0.08843834131479052,0,0,0.4837555477253555,False
39.720249910813145,12,0.40847114845432775,0.11943508600699809,1,0,0.394866736348445,False
32.28296571760837,10,1.3612553149910422,0.3113322065653726,1,0,0.39547840180135285,False
47.549066947949996,9,1.168518200503635,0.09824678944832439,1,0,0.4082565673362779,False
22.335502745670766,16,2.5561035692914227,0.18687701984470853,1,0,0.38748783255966146,False
34.41135602199851,16,0.492132621938163,0.10624929740553848,2,0,0.4030080338143334,False
32.14464311781427,22,0.32917882504239204,0.24497612350490658,2,0,0.4454491920572936,False
38.73920931146388,8,3.695726103085769,0.004159143215060191,2,0,0.4594840945829991,False
23.424961326504615,7,12.18495547067967,0.13947690795092135,1,0,0.46282957739726877,False
54.122953241519994,16,3.8351528971760454,0.14783813743958274,1,0,0.39986228277369423,False
26.725467876767755,22,3.5348059482752694,0.0478927722210515,1,0,0.4425334551107103,False
124.7590811080995,7,1.1524914641974877,0.06530347490292471,3,0,0.539674505895572,False
34.04632051384129,15,1.3663222926672431,0.10626776314792784,0,0,0.3962582656121499,False
32.03851396718053,7,2.9121622570156003,0.2856751767547919,0,0,0.44613315791660885,False
82.51831524259504,19,1.1059000421072314,0.3377117901908206,1,0,0.45333879582613634,False
25.112964623479144,9,0.2548743442122493,0.18058892361062406,0,0,0.421752309132732,False
4576.475747089925,3,125.86738347062877,0.7883764979551223,5,1,0.7394613694214063,True
44.49505890492256,10,14.500459797238848,0.15658877028365645,1,0,0.45245731181487253,False
33.20115237484969,11,8.478796485245846,0.2639656402270149,0,0,0.42441650831262734,False
63.35950128628633,20,4.139368465854311,0.20648973274120352,1,0,0.42340900003584503,False
31.005341342746565,20,3.1124763100267465,0.1959471727663398,1,0,0.40268356916486747,False
16.9381679191986,12,1.777857492352642,0.21668932532157992,1,0,0.3927070108307242,False
20.716404247647738,10,1.1161970156440442,0.14960365237827697,1,0,0.38953527819764,False
40.646194335248694,16,3.983928866596929,0.02813693016036111,1,0,0.41501781701283086,False
34.25126135295092,10,8.308906456131465,0.23324229247626896,0,0,0.4218548203415571,False
19.26897127360853,19,3.2770160767096206,0.023686073426308338,2,0,0.439488180365065,False
33.64791876828475,11,3.1893377820404036,0.10735427119014988,3,0,0.4332657896220346,False
46.14765154469455,20,1.3731745258719845,0.201319008308537,1,0,0.4080026670393601,False
26.395048215408725,22,1.0076644761886095,0.16676551148494187,1,0,0.4240311917426554,False
33.72970474516694,17,0.6519783893561127,0.12960495254650456,0,0,0.4080092555958396,False
59.84044619923623,8,6.875753230811504,0.11780965861770704,1,0,0.43907553040472963,False
1045.722714054168,2,376.6041203248769,0.8722171990575215,3,1,0.7269543380276635,True
41.83841862161988,9,0.671185402259724,0.36457363408644283,2,0,0.4279536257146397,False
133.68253871984768,18,2.492785569412117,0.09838936739537253,1,0,0.4912549009913137,False
49.45846398720519,15,5.369863511499982,0.14533519590827637,3,0,0.4398525218112528,False
16.897089233480763,19,3.8303076008224157,0.05700407648512582,2,0,0.42871372407050856,False
39.68333729464213,10,2.521796164845696,0.06342776728617942,0,0,0.41255821292240774,False
67.5342621128685,9,0.5427032718403569,0.03826468345453114,4,0,0.525659290693609,False
31.36863768206462,15,7.208086406856281,0.12164777317076798,0,0,0.4158367101127406,False
42.83601559820495,9,2.912747573870624,0.18427902908589203,0,0,0.41340780299653207,False
23.921978954800668,21,0.8187253982361318,0.08132680143826221,1,0,0.4190287013676106,False
21.597936146510335,9,0.6670793678151857,0.25644388717632943,1,0,0.4074541789314519,False
43.7743542153134,15,4.261741226730291,0.05479592844024581,0,0,0.41714126905908383,False
53.92319787694124,15,1.2909819885648834,0.24429961536699094,0,0,0.4090608911532413,False
29.009006654322043,8,7.4969970013685705,0.11863545506730439,1,0,0.42818740348011314,False
13.217885117543842,17,14.723788066604802,0.24853969360384584,2,0,0.4724443480226101,False
79.43209331328713,19,1.744173570637611,0.31013483976252915,0,0,0.4555113384349349,False
75.22178751929579,19,2.3899170307904845,0.5928443447926744,1,0,0.5115371771011548,False
56.75190618987637,16,5.805092148084331,0.20400516292630422,1,0,0.4081793540464015,False
21.375676929091146,10,1.1123627155639437,0.15579893952399126,2,0,0.3992025541130228,False
23.719199476815604,10,3.100649230944471,0.03765250197890864,1,0,0.41119552419528804,False
27.32155013419175,13,0.6741163985501109,0.05588810639543343,2,0,0.41079145992665644,False
91.8792904351921,10,4.172176666220195,0.0711295666064295,2,0,0.45127056299426815,False
51.37173079301997,22,3.26820161799867,0.10626889990297998,0,0,0.4526293103203146,False
20.03660930819509,7,3.4270341333189,0.520023149816427,0,0,0.500372471089038,False
74.8519786319068,7,4.266691490024405,0.21669908840239738,2,0,0.4593416250790648,False
32.93841741975297,22,3.277157186303803,0.12863946543865265,2,0,0.4435498081306303,False
16.46279756326532,15,6.244701615932077,0.046821278037586504,1,0,0.41762077314398816,False
27.588406690953423,12,1.7433121312855289,0.18741085110227845,1,0,0.38563125319696573,False
16.715603079270405,14,0.34860215880904405,0.1723309711260561,1,0,0.39849703506549766,False
24.655663508129514,9,3.1681952224896155,0.16600324966777327,2,0,0.4084530356659222,False
27.37244545574809,22,2.155772046410745,0.2082353058956386,1,0,0.423228922877974,False
26.393096178857064,15,1.0093224109726913,0.507826222249531,4,0,0.5267571794140484,False
28.43718055236596,16,10.803816106653258,0.4560248726230636,4,0,0.5539989509759529,False
53.38357920390981,18,3.218231610625569,0.19430413487503742,0,0,0.41303708193361593,False
28.40332226406499,17,10.965450654155251,0.3571507432829361,3,0,0.48833364938384743,False
43.9367137514766,16,4.095225123946366,0.594112160813432,0,0,0.49447065021828446,False
19.490845744566215,11,7.627209645077412,0.055437875223961694,1,0,0.424926682910537,False
45.23161747715665,22,2.770055101648881,0.23612905733917042,2,0,0.4453392523438759,False
71.8809932073131,22,12.958976389927914,0.257553911220034,3,0,0.5485124055328098,False
19.416391002697537,20,4.01982952809526,0.02628447083955499,2,0,0.44715167813477863,False
72.76355104255553,19,0.14747728194433413,0.1844491834655004,1,0,0.4322222028176971,False
50.52200806393977,22,5.361805630122606,0.280527894696984,2,0,0.4614512795127502,False
16.17360692630274,7,7.052566771424438,0.13661654456605712,2,0,0.4514357606507413,False
15.25444047047443,7,6.516785337386985,0.11338670448112524,0,0,0.46371896811878144,False
35.912092281073996,15,4.991012586312565,0.4557061753797681,2,0,0.4375241879599033,False
35.31447878420662,15,1.8988958759822772,0.35995782816805266,1,0,0.39681010131510963,False
19.12993208003939,14,0.3029384421551122,0.14647691107709945,1,0,0.3961156239245749,False
38.00390924403521,15,1.412102050043583,0.05062688331122946,1,0,0.39636931446540485,False
63.164604853491966,7,1.3706887423401626,0.2991686171483569,2,0,0.4539028684954197,False
39.20106439596558,22,8.679202977839704,0.283501159230834,2,0,0.47273153916325855,False
55.44700140664526,17,1.2159760315480126,0.26372568203212443,1,0,0.4051895130631252,False
22.12905290230449,9,8.567103292297059,0.12044105592767715,2,0,0.4286792699357037,False
22.070723054026043,20,0.6676975652281248,0.11105702350350875,0,0,0.422250664330984,False
72.65559578388014,21,3.594528265206881,0.5077913779790642,0,0,0.5162019891642834,False
41.96713293174275,21,3.447230294695789,0.18329979701832624,2,0,0.4239068598482779,False
141.2714648003831,7,4.812389163581655,0.39691037376388183,0,0,0.5523458471429468,False
80.50117820130043,13,0.25639962250297843,0.113877223655491,0,0,0.4453592503882695,False
22.87910725293075,20,9.370455294168446,0.14736064289920167,0,0,0.4458740089983717,False
50.03169371726322,16,1.9765720916265468,0.1359173006654667,1,0,0.39280548953573147,False
15.785821249297156,7,3.5609134305321097,0.2644686149103434,0,0,0.454168305065998,False
8.20527446621683,19,3.115794320817089,0.15237042662970796,0,0,0.43313414391340205,False
1231.2423179829116,0,449.99113161181765,0.3039867757486885,7,1,0.7518573356601992,True
19.269935651762086,11,1.4212299668207158,0.5290802659663526,2,0,0.4579358622984967,False
50.95835508221556,22,3.1885550163682517,0.00824026756267625,5,0,0.5896523820218498,False
47.644857106430706,21,1.7000653212038281,0.011690168331476219,1,0,0.4535726522820913,False
28.891505412428852,13,3.854650875154311,0.35241749139261214,1,0,0.4016281657838164,False
46.11393873225879,19,4.257514798145483,0.18733007965072496,1,0,0.4060674622890147,False
11.752147517367101,14,0.6498179647671235,0.005940136633144884,1,0,0.4466279401084736,False
16.59404473272402,17,0.902467357597113,0.49567799742546914,2,0,0.461141618665563,False
45.716547063835264,9,6.6568203498869165,0.16944816902233475,0,0,0.4304879478437617,False
12.83013126010511,14,12.767565152439337,0.41171196676429056,1,0,0.47602582162486373,False
17.559023076489108,7,7.570831169096914,0.4712481737409124,2,0,0.4981082231401058,False
41.23488756469453,13,0.3643804130629443,0.13156736006695877,1,0,0.39577399375862254,False
38.420821556128544,16,1.2403907590108043,0.07183511114204136,0,0,0.40801217180448673,False
31.215310927316164,19,1.6440127495823011,0.21214976337184102,2,0,0.4041493749939668,False
27.179808443145244,17,19.460782285605134,0.12918220438340552,2,0,0.4834545667329996,False
28.026268307052653,20,11.147526387109231,0.17776674903841305,1,0,0.44233756788428646,False
15.850484560660666,13,2.878414006696334,0.16498897757478911,1,0,0.3925479514771355,False
47.41829991003206,16,8.64867537929788,0.1987374350482634,3,0,0.460526311234578,False
1336.2319223540264,4,494.48756789992115,0.5224736819973399,4,1,0.7199967348423862,True
47.04706665492757,18,0.20837345993235146,0.18712544842979612,1,0,0.4085848332306228,False
32.45446195056939,17,0.060827756016008074,0.1951887472345378,0,0,0.41418515187546734,False
33.34029141449618,20,19.7025674455511,0.10023577101894268,1,0,0.5035959940660668,False
122.91809753127545,9,0.5329489577481752,0.09628141442025512,2,0,0.4886503332425205,False
31.69214966603611,19,1.35935701305937,0.13699512404979988,1,0,0.3946508219628335,False
13.05783520681724,9,1.6343565578570871,0.17925752894133873,2,0,0.4157857909105279,False
18.66452940888263,15,21.70118697781598,0.3431851123130667,1,0,0.5063924210006755,False
56.77710526136529,11,11.333206021705141,0.04358046535910947,1,0,0.4608632884333025,False
27.647664257729794,7,5.6851945906747305,0.28790870724478107,0,0,0.45715671489130183,False
44.13818686684187,17,1.5852918068180635,0.01719173024707561,0,0,0.4415131955267793,False
41.03361683788338,18,5.39966951273546,0.25775354649918397,0,0,0.4199640204439205,False
3326.254627425827,0,104.91968631170093,0.8074532987391252,8,1,0.7604902949034327,True
30.03611369955342,14,15.136413309617945,0.02453216684759417,0,0,0.5064417237020074,False
85.76425390899271,11,2.5437849188849,0.13703065071967094,1,0,0.4214788272330536,False
25.280106216735703,15,3.9937959717452935,0.1890224700638748,0,0,0.40248332514508545,False
75.87024329095092,17,9.741052757086285,0.2140848812152387,1,0,0.43897038625787127,False
20.44033231048831,17,1.2835653831813543,0.11086021512181782,0,0,0.4071037257156119,False
15.164120704370719,10,3.808404166326688,0.15626794575686118,2,0,0.4040172595510861,False
20.230027134228198,15,6.309607197292437,0.04584684727473507,2,0,0.4216076638672688,False
30.911652939593154,19,2.4253377101365694,0.04482662867035595,1,0,0.41033600416817395,False
36.546754848860914,16,2.1612102386710568,0.42614049913433466,2,0,0.42282287753058967,False
93.43056934906498,14,5.890034462152224,0.13234210536708915,0,0,0.4551585069293179,False
18.972783816126388,7,1.2836785545987248,0.35529643165391095,1,0,0.44316824831476853,False
25.186453295338374,11,3.3458580396181774,0.4189382861524956,0,0,0.42887553558501734,False
19.20997156075279,11,6.619733186471702,0.13885516019062802,2,0,0.4096271314665535,False
41.58803677431616,7,0.5873347482140858,0.1138817353609457,1,0,0.43089772183221986,False
13.52766027722408,12,2.064487292866148,0.1782511377781484,2,0,0.4021881861436538,False
33.235215056673525,12,3.006924687165864,0.418104814875869,1,0,0.41412365886881297,False
17.665749565852195,14,8.05628222994686,0.21992136110747362,1,0,0.4129441012231446,False
32.97434671630726,10,1.4773601384532393,0.10287027174838459,2,0,0.4011879458173034,False
19.194070117659102,20,1.5054964556307389,0.03810371441327736,1,0,0.42439986445941635,False
15.999844831542548,8,3.3279760702042163,0.20040428963544493,2,0,0.42538597175089227,False
28.223412939299532,10,4.055689724500268,0.04878349155324311,0,0,0.418624376249721,False
15.073196503539576,7,2.8635609811848193,0.4855934884453626,1,0,0.48078093185044757,False
26.053912952448762,21,0.3483702877764894,0.2052942714154096,1,0,0.41753805220169254,False
139.15745110298914,9,0.93638284548553,0.09873652196479311,3,0,0.5270043580290316,False
33.38228892490696,10,2.174997488492064,0.16968251403732665,1,0,0.38678948376548056,False
23.158147447831,22,5.373385385207032,0.13545946024230976,3,0,0.492263385798739,False
36.26758900157838,21,1.3681883864927487,0.24628032151778656,0,0,0.4272659533213962,False
18.23123129381582,17,5.583123398295814,0.22257085331460072,1,0,0.40596773657088336,False
17.188883304184547,15,3.8881391061842066,0.04507084241298151,0,0,0.4244991351552383,False
55.30213072533121,22,6.535257310107955,0.07682532692419661,1,0,0.45913014394137747,False
31.08935629999116,12,6.58972703656588,0.08960260364763999,3,0,0.44849044679916505,False
12.291949195108076,10,2.760614730553407,0.11768106334089996,2,0,0.4126084746038921,False
42.61103082179171,20,7.865818277964576,0.24895469263626627,1,0,0.4282344526284243,False
45.87372719781683,19,4.167785566310912,0.33112449129374366,1,0,0.41871546609835153,False
14.570507063213661,8,2.5318029091649152,0.09953010713462128,2,0,0.4305740526268168,False
9.78673853750924,11,2.4782587307895962,0.08600574481489336,1,0,0.41380258933433606,False
18.721606331758487,19,6.991096464715757,0.28009138409253376,2,0,0.43492616641000786,False
3532.904840745021,1,251.59096265113064,0.7089113637448843,5,1,0.7272228126486681,True
13.732603907776872,9,4.117341329645946,0.1918560385367996,0,0,0.4249614031578644,False
29.650961465675945,13,0.7118958928602555,0.15347676726155524,1,0,0.38714606253666606,False
29.128505499637793,15,4.037116969202008,0.2647563882073669,4,0,0.488023096319205,False
24.207364674908447,16,0.7385583244939913,0.02741550272456088,3,0,0.46056084783574736,False
11.40624511141756,13,8.683722673960457,0.07926301424536453,3,0,0.46872612665768865,False
31.387438288966845,12,4.82395220939463,0.1806241772065133,0,0,0.40565805549229805,False
14.376411052139353,7,0.28675538548152074,0.1945469048592402,0,0,0.46149858944544275,False
28.22385397420678,10,8.45112792904538,0.11700492919186468,0,0,0.42706366585390065,False
4317.18673681484,5,614.797803217403,0.9584091139236965,4,1,0.766369771934339,True
22.219337488836576,16,7.574045658296946,0.6039352533996202,2,0,0.5079178454688315,False
18.41076360243787,18,3.3644207019100913,0.034077856563312164,1,0,0.4223492484877057,False
15.836154122091878,16,1.0277203487954478,0.42294512378548166,2,0,0.43101566825950133,False
41.883737387458424,17,1.861690186633461,0.23512727036861583,0,0,0.4036648669602666,False
21.078737893646213,19,9.224567454124593,0.04722017930808176,0,0,0.4609485737845605,False
41.596414740442235,16,0.6906689166461347,0.08853891823702123,0,0,0.4089500365318312,False
37.57729932201289,11,2.5054372603843658,0.43269899232912545,2,0,0.42330120927162834,False
20.33239821895395,13,1.2095983944792263,0.36009806171582226,3,0,0.4473887746671217,False
24.910570708449878,17,7.9726157512948355,0.2134167117771754,2,0,0.4173819754250599,False
8.374792446035734,21,5.848651814191218,0.24046052825022943,2,0,0.4551373835806457,False
24.42383877104451,21,9.026316423044287,0.05010613614270709,2,0,0.4663038964749467,False
65.34061982725098,18,2.240846421962682,0.16360183253587635,2,0,0.42093368408105986,False
26.49536950459828,22,3.2549395858042347,0.2997366324106787,0,0,0.45103122846920274,False
31.757239927059448,14,0.5706340060361513,0.20859024219743466,0,0,0.4018677106925469,False
37.85820925655199,7,0.9388085559342402,0.5209408990338623,1,0,0.480201670487847,False
44.34904291665928,18,2.717449260509562,0.21221737790846268,1,0,0.3959807598613251,False
35.9498169519304,21,0.6873337665227691,0.2395480498591493,2,0,0.4254318036209852,False
31.414077095002416,18,2.814902334214808,0.2388629567459951,0,0,0.40755834663331025,False
67.14879055351132,11,4.121854863700515,0.17820080953788978,1,0,0.40740219384767007,False
11.191041272950349,18,5.2922188076796735,0.29633565805999906,0,0,0.443236300730744,False
56.629383698063066,11,1.2551019011449276,0.045072639972632764,1,0,0.41619392924187465,False
57.74943398024113,15,0.3963909155807051,0.08903941339462539,0,0,0.4230370104649197,False
26.14917175660517,8,2.795155482186854,0.09763136803725744,2,0,0.42168387610886543,False
19.74322879643523,18,9.93570824364094,0.06740802858468418,2,0,0.44908759485836086,False
30.053147517508954,11,3.9867177126833973,0.5712759807758341,0,0,0.48365778447642005,False
76.86742854929462,19,15.58726910465171,0.21750082958669142,2,0,0.499998596210445,False
31.431922437871048,7,1.3736760466957114,0.08202710981688707,0,0,0.44497154848591025,False
6.854545367673543,16,0.648910891321627,0.047868224579547834,2,0,0.43121174832315545,False
34.603858346507494,8,1.6614524335529623,0.1907413912012274,3,0,0.4509969972872134,False
30.421767778054598,7,1.4388046906119545,0.21594919280003302,2,0,0.431186941381309,False
17.65988827440393,8,1.0218665939517424,0.24193540381401699,1,0,0.4190565433502088,False
33.465737056377,10,1.909492370311267,0.32637757673437934,1,0,0.3963815570935807,False
40.30383626566588,22,4.874629475683332,0.08915907674413359,1,0,0.44101443564761617,False
79.01256423271371,13,3.0849018284449596,0.5844365693453586,1,0,0.4979953773183036,False
42.61446279406876,18,0.5423946022898984,0.23591074579505844,1,0,0.40281671425620225,False
55.84017889857257,15,0.5704849524327971,0.38083615962418405,2,0,0.42769765158715667,False
31.21605040559338,8,7.480276474646347,0.6625571539290434,2,0,0.5372325127053182,False
25.86826703896512,14,16.874441963780583,0.20607500071412843,2,0,0.46837928059598405,False
47.20707586151496,20,6.948306674422119,0.5964133341608524,0,0,0.5307931040582351,False
38.20754560001368,14,1.0038226615581622,0.027915244438057454,2,0,0.4204244148365432,False
18.324810995409706,20,6.516936656522553,0.08816698486347296,1,0,0.42210962911213923,False
22.626280883460826,10,0.9930500489129828,0.34519872035153887,0,0,0.41450158760623956,False
72.5444684701558,14,0.07437056501900824,0.08484960941466638,5,0,0.554770105750159,False
56.61529891639839,20,2.552195980033965,0.05763259603771884,2,0,0.4434088084829081,False
43.21932035144343,22,0.2836936982828383,0.04067689645147164,2,0,0.467970270801809,False
23.639429841912886,7,4.993365245515323,0.24122910025355748,0,0,0.449713194115071,False
76.76215651658546,18,0.3878130923395844,0.08972163758148027,3,0,0.48154735518588815,False
55.17536361397774,18,4.987350793474158,0.08255398086242705,0,0,0.4288397043818767,False
49.679248638353535,15,5.1625146612090145,0.1960392497115912,1,0,0.4018172052152172,False
42.0231215545146,11,1.9182219417804895,0.4830371138064813,0,0,0.4451845721126826,False
43.646853008485614,17,4.610143143683412,0.3099442721716041,2,0,0.4163877415082893,False
25.967310038319834,14,0.648171270499107,0.08137424528055663,1,0,0.39600259578217384,False
49.755169653539454,12,1.5174715669899355,0.01836892601368606,3,0,0.4711744878197563,False
13.651990154837819,21,1.9516859736509928,0.12124504442775433,0,0,0.437690915714698,False
38.28226419196603,7,6.11806238028873,0.5730290863001667,0,0,0.532364716567744,False
28.599884715533555,19,0.32160692644453415,0.07252269999328567,0,0,0.4292429118594991,False
24.85726752071221,15,7.451400150316574,0.3080598819435198,2,0,0.4199711330634306,False
66.64654810630869,11,0.264324294513674,0.3726264256811472,1,0,0.43398228326765825,False
39.478660842679105,17,1.2966172840970593,0.15230689035595302,2,0,0.39821396879001186,False
38.79263164794139,19,3.1641841203173384,0.02239698993753914,1,0,0.42658528385380007,False
11.859344285750037,17,0.10041629043946984,0.22310224481982105,3,0,0.45471935880106196,False
33.366323117161734,22,0.06715341735832368,0.048965047138564526,3,0,0.5026904254268416,False
21.75730541334196,21,1.7326706364915854,0.16279476794406983,1,0,0.4106340668104724,False
33.92505751918553,9,4.949133512699395,0.12174145563094917,0,0,0.41825512138769805,False
96.4221702044635,15,2.020746424143934,0.14975370425980788,1,0,0.43384626069795695,False
15.573496311600545,11,0.6991992434104832,0.16695870600483395,2,0,0.40402213317895086,False
24.102230174151085,15,4.060335512452734,0.11270731899951325,0,0,0.403595794181851,False
26.784708733428424,14,6.439994537548256,0.09335481827753839,1,0,0.4010484951232893,False
53.960819261482904,22,1.712742491728134,0.10445534120903373,2,0,0.45131650581050614,False
16.273255621262454,14,4.166477353445049,0.19325656620393944,1,0,0.39663181074532233,False
43.28444309263053,19,3.933867735346615,0.06096960895634047,2,0,0.4252263844338085,False
25.25866662291832,11,2.7969121198084284,0.020945209496245773,1,0,0.4198324465121938,False
19.289958774512307,18,4.030022406802083,0.04490969760722072,1,0,0.41341244168148406,False
13.285595920985786,22,2.8098411272746677,0.39400408698155187,1,0,0.4614931097754242,False
47.21274647915374,18,2.050363085188147,0.4747533677253676,2,0,0.45406661042849805,False
2953.714580861364,2,148.2609914074085,0.90464941372937,3,1,0.7284167807559232,True
12.691098989729218,7,5.411989931243022,0.06261229254611028,3,0,0.49580793806564144,False
81.20402271296895,21,2.1349013247934234,0.04503953663145014,0,0,0.4854940709921559,False
57.21080772285172,7,1.6717861714337763,0.20086991387421835,3,0,0.4747607787423573,False
65.63608936013638,8,10.820012584134458,0.3044838505106128,3,0,0.5077513866053959,False
59.88035043307387,13,1.0777849498101983,0.14198567136836443,1,0,0.3995915322616026,False
823.823609097969,1,472.0955054078645,0.6533777406405276,6,1,0.7324570052651644,True
39.69330150056678,14,0.09425301501734819,0.06699473868099032,3,0,0.44839074131543416,False
14.995439355323716,13,0.007276632704852894,0.47288937525615915,1,0,0.44831495946637,False
43.89914983388966,10,8.542177127996043,0.03860654682207172,3,0,0.48018321303473155,False
78.3821647200434,17,1.5778600009179262,0.14076701247102122,2,0,0.4304127555585344,False
51.310595633306036,8,3.221947254434055,0.17360911562168926,0,0,0.4332387818267275,False
34.96963152622462,8,11.04901737868938,0.27264479402127273,1,0,0.44882279366957745,False
62.71416327908952,12,2.8771650864674334,0.20011480686616764,1,0,0.4014497937215827,False
40.10323083082098,20,5.983980195229267,0.025099120771958732,0,0,0.45734248877758005,False
21.80791045867046,10,0.2323519475337837,0.07459449397647844,1,0,0.40788060800429715,False
59.60569985762399,15,12.959650352444053,0.4638018590887434,1,0,0.48603142337666133,False
31.740446137734512,22,1.0126637437652732,0.011970889492550684,0,0,0.4754179185213528,False
46.29941729373644,14,7.893480758503392,0.08897746765293546,0,0,0.428589600302138,False
16.35084879419698,21,6.490459026935952,0.23816836676457367,3,0,0.48962339776885017,False
19.435857558279093,13,0.18166418912069485,0.14117241072585973,0,0,0.41197468659265785,False
36.900251465846125,10,0.41722222416983556,0.10955281716044755,1,0,0.3974771862971561,False
46.23075014764639,21,0.05240952205143358,0.17869316837692145,1,0,0.4290965608998727,False
11.72351948818973,7,3.1088710619844253,0.04157550894723945,2,0,0.46322071811104526,False
19.0740472509784,17,1.095817948234341,0.1897283266159919,0,0,0.40835142507725686,False
105.0774421096957,13,5.663214109378395,0.16723827121666518,2,0,0.45512230780150986,False
35.745253296225556,8,1.451585993684212,0.07368790593431167,0,0,0.4329512471329749,False
62.76584805890922,15,5.757475207719675,0.2144737993420608,4,0,0.506521767761293,False
15.086826565111473,20,2.2594550686773607,0.021346542452118103,1,0,0.4421051306996384,False
40.614534133110375,13,2.264052367156223,0.31808745008826644,0,0,0.4062233625638078,False
25.42183745697192,19,1.2698249083238262,0.2606456004481696,5,0,0.5406323414080232,False
18.57348242980255,19,11.834965349428241,0.1439621440194152,0,0,0.4709138438512494,False
34.174511178093546,20,2.297564399350754,0.11702184650166275,3,0,0.45613424829089977,False
112.28541541126795,11,0.7800736106512607,0.21444425115797233,0,0,0.47228244750117393,False
43.60341538159685,18,1.1616952139671657,0.38756332939063165,1,0,0.41862627286073734,False
3947.9074210756503,1,437.1542515383744,0.49292817802132904,2,1,0.7477046075715217,True
10.132009584321228,16,0.660887289277194,0.152779026385622,1,0,0.4039216522941476,False
14.504397029032063,15,5.6276555232085315,0.27673513986430404,2,0,0.41633643663789544,False
47.77510169185569,11,0.8194258995024665,0.02692993045009075,1,0,0.4227093079248162,False
29.546254845989672,12,6.562727146267613,0.037330722574876705,2,0,0.4270034771324235,False
23.3101043729994,10,1.8885718182267965,0.1956367392846391,4,0,0.48257580180226034,False
35.81828484028099,7,0.6217130120890036,0.011550950811113802,0,0,0.4836958505585875,False
16.871350429805403,8,6.884446257091235,0.14709865324984284,0,0,0.4446752287093704,False
10.458870232757691,9,12.663271522671238,0.09760627372243495,1,0,0.4658075093669342,False
41.33108316174946,7,12.121965342000728,0.35688493264318516,1,0,0.480481032338382,False
29.680791757524943,11,18.298407714251052,0.456707302424747,0,0,0.5223493970700078,False
61.39132581779743,16,2.012012864787167,0.020992829190978942,2,0,0.44266044306546326,False
29.212031041437992,13,3.327301486357832,0.17089228597008502,1,0,0.3886407678212665,False
46.82613777616683,9,8.832881608634978,0.3457577376109033,0,0,0.45406641301328265,False
24.63772072407711,22,1.4487297683273446,0.10336413092221731,3,0,0.483333351717311,False
70.43338507140851,19,1.6279196322914424,0.29241173648625857,0,0,0.44153258841359866,False
4642.272045332407,4,680.9840478948946,0.6168581906638576,7,1,0.7672344515346594,True
39.42656811604864,17,2.9654246815788055,0.5222449817004088,1,0,0.44930257394307005,False
31.04630356418397,15,4.523486557041061,0.029738392969587014,0,0,0.42845820096190834,False
29.560925223506462,11,0.5702719724670765,0.25581630178046777,4,0,0.48615038546003636,False
23.67114103616879,18,0.5706979834992221,0.2298398215786359,0,0,0.4144443424804477,False
65.23913962641804,12,1.479466490997123,0.08318216664569372,0,0,0.42265489548038204,False
87.06628186468244,18,7.741190779515602,0.024838527795529926,3,0,0.5277926819759176,False
22.678629327111533,11,3.239765774809261,0.29278374063568674,1,0,0.39863863409753414,False
26.199010171046094,7,2.7016084124936732,0.2313845644782234,2,0,0.4327891530935005,False
11.376583176021523,13,1.6341012251555052,0.20042451234214867,0,0,0.4136607149162704,False
63.70628317494617,9,12.479675636134278,0.024810392451246836,2,0,0.5006942539472083,False
4432.2306729704305,1,94.89261517435901,0.6154728449930602,7,1,0.749967302985382,True
7.977959549079031,12,4.272846835722268,0.5108530939934433,3,0,0.5044924764369235,False
22.03709336715601,8,0.9254420230515611,0.31232700873722335,2,0,0.4312285687060683,False
60.328486910631256,13,0.6197736084031624,0.015949558752592144,2,0,0.4502742359193375,False
37.59518905025473,18,6.107407221301446,0.19824376593868115,1,0,0.40473467822720544,False
30.92219048792675,11,3.2732303914586747,0.4961982060408325,0,0,0.45035114066977805,False
50.82906055200881,20,11.679765797761718,0.6628650266055207,1,0,0.5557292761923722,False
11.998989171098053,12,0.39530224968311223,0.11792439627395536,2,0,0.4142630492470497,False
87.05692343083462,19,0.15852149005298616,0.19395259015816568,1,0,0.44743297549399474,False
21.578017876279095,22,4.378688228565934,0.2500229158036151,0,0,0.4558326580357088,False
12.9924712985101,15,0.5598495419352211,0.39770013102482976,2,0,0.4304800936832528,False
13.72256755104954,22,3.205474511882135,0.1483203533012603,0,0,0.4553885445324773,False
34.98474491501164,17,5.76909034616098,0.07020348829596008,1,0,0.40533586398402044,False
30.826671727724985,20,3.0492043027333513,0.20565105490238372,1,0,0.4021290883724538,False
34.24578906284622,14,0.40917115954495703,0.06994798931100259,4,0,0.49101899566626683,False
55.581781248167005,18,1.4265187528174348,0.10769519687959034,1,0,0.402012111638877,False
33.39275384174664,9,6.467025581785434,0.15695277471788724,1,0,0.4081362861704133,False
19.84088021300699,11,0.9773002369268395,0.035413355981279974,3,0,0.45533004528223964,False
17.259381495137198,21,7.559537250288533,0.09938926222741212,3,0,0.4938686440748017,False
60.67063948253371,16,2.3930478210971833,0.08673374425824606,2,0,0.41465152829809493,False
26.88504811288091,9,9.041697496634006,0.039857138022886825,1,0,0.44015161398014363,False
20.812389720476283,16,0.516120981862172,0.09326344181081851,2,0,0.4070148322101064,False
40.52624852727257,22,0.14185086096898303,0.01585695843119232,1,0,0.47081108197003485,False
45.348203992099435,8,3.3396177530478965,0.14379391925102342,0,0,0.4274942400229004,False
83.01882043828084,19,4.133408097257566,0.1363671380672243,1,0,0.4380207417036124,False
53.20776525154152,10,7.396711031434052,0.24633577700299394,1,0,0.41630915101086535,False
44.525372396835564,15,8.27916834499903,0.16966828524106184,1,0,0.40899861086038436,False
26.653959495971666,17,1.3462650945775798,0.24781754293830108,0,0,0.40403209840590815,False
35.45715678364809,17,8.5297222888517,0.12518541062228147,2,0,0.41905073645759644,False
34.48579298514286,12,5.818135976403587,0.20570726711157958,2,0,0.40181981976185804,False
23.569940317674128,8,17.246662637153204,0.08432049034007338,0,0,0.5095694581142296,False
51.66440536638032,22,1.7287959083051536,0.16211371787343723,0,0,0.4481368291938907,False
10.358628463525775,21,0.21447666379834607,0.1182264584544188,1,0,0.44003449473218487,False
10.455177201103421,15,0.0607418581763099,0.17014437353400746,0,0,0.4296857796862037,False
28.859072296441433,12,0.004285076588123687,0.06360692695252908,0,0,0.424707523502948,False
17.93280704277074,17,6.639675451815601,0.21065155956819506,0,0,0.4273585058400216,False
17.789488484844156,14,3.5722685816084367,0.011599202493275526,1,0,0.4344172063891237,False
22.821174876339175,13,9.58088220156893,0.3855451824101464,1,0,0.4359061620219958,False
59.242896021107505,7,4.795882190011214,0.09245816524665279,2,0,0.45639009661936264,False
138.6802716643361,17,0.16822733382513455,0.1106219910916685,1,0,0.49962595240797636,False
41.807866705131865,18,8.683315030574779,0.31744173419411215,3,0,0.47988836580292926,False
18.252314890500006,11,6.307138577013736,0.05388387889180747,1,0,0.4210995652391727,False
37.92141157563832,15,1.0059432275817497,0.04783939482699952,1,0,0.39868332612684587,False
15.428686598461775,11,2.8996800379607492,0.20330646028583804,2,0,0.4020399369826263,False
74.7431743066751,16,5.195719595618665,0.34792773890653733,1,0,0.4292925254128242,False
31.477974249864094,8,6.090232026322953,0.19087930983226703,1,0,0.42119035808643795,False
27.825713399741034,12,1.2664311400122465,0.2122663778084067,2,0,0.39285195898537917,False
32.37371989550772,12,0.6747035314138818,0.2058111926543757,0,0,0.4017420197642188,False
19.25709052845754,17,0.37613442862702523,0.12327125482725272,0,0,0.4168735361365898,False
34.55654020981936,8,13.52345396038238,0.559690836620949,1,0,0.5234738831885484,False
12.199392604725103,20,0.14565870129114755,0.0037153149403582417,4,0,0.5492704478942324,False
19.85066105950734,11,1.1567918848884449,0.01945881246878775,2,0,0.4315867867342167,False
17.494108416628258,19,3.6276456793424345,0.41101274515955694,1,0,0.43393545800926175,False
16.501525417321176,10,3.464422567391388,0.3472771312689255,0,0,0.4212915341380722,False
77.70939678842662,8,13.360711388584953,0.22598349858340752,0,0,0.5007713957328098,False
35.04068569995589,12,2.6360631376068264,0.012834408588469414,0,0,0.43747342981801124,False
31.415411758565305,16,8.819182074465195,0.5178209155809707,1,0,0.46591540451744357,False
14.212307898818864,22,2.1851555015799824,0.16507531165908063,0,0,0.45105654358759095,False
107.37106801725416,10,10.905331472192374,0.08984299014344398,3,0,0.5223674662229408,False
13.28467960185833,14,2.4758450075559555,0.10570821686921641,2,0,0.4078531181107979,False
23.615827517085858,14,1.082385254419315,0.29259122019000244,2,0,0.4038688106636017,False
30.03371554219541,11,0.4546953467082851,0.09930178791378674,1,0,0.39687313808182895,False
38.11693493608701,7,15.409438164736594,0.3091087590525882,1,0,0.49140565289398597,False
28.603662494830825,15,0.9796431406894602,0.2684883792028192,0,0,0.4019568166580312,False
24.01241711484453,11,0.08288723907729532,0.026068233059214657,0,0,0.4396430377082099,False
26.492223873830326,14,1.5901891517761786,0.11150187875548256,5,0,0.528761343385612,False
17.368472342003873,18,1.1489662763739112,0.1085175278853929,1,0,0.4003158442068346,False
32.14525008506756,18,3.487801537237008,0.03766517135489354,0,0,0.4314901268428204,False
136.4370260561882,15,3.8345424086381223,0.15482376894627373,5,0,0.5883743907357863,False
33.0773278373451,18,2.457674237811543,0.0455995786255609,0,0,0.4227315504366318,False
44.91839787812533,22,10.267067482325924,0.15981821354508413,1,0,0.4703536613643232,False
33.90585928153632,20,1.6009288103354697,0.03542123157145584,2,0,0.43396884398367336,False
34.53425564256449,9,0.45915296756409385,0.041444624187527195,1,0,0.42075163274531385,False
22.256923047217587,17,4.133227744502209,0.06991193685103635,1,0,0.4006202088830202,False
26.303958589687046,21,2.3068619511811246,0.44798128657325287,1,0,0.4520455491361959,False
23.83502744354702,18,9.12267719931435,0.2883248251835415,2,0,0.44073149799368416,False
32.63618263714638,17,3.6348623372774402,0.12137061700366565,3,0,0.43398068300901255,False
14.941795272921057,9,9.226491459552749,0.18492273247576071,4,0,0.5157252473445109,False
35.47224863619304,17,7.968555777464996,0.12305275878759217,2,0,0.41657162802143755,False
80.28392618169453,19,6.098855235502187,0.20905605581930292,0,0,0.459028181002576,False
69.9220448232286,19,4.251112805576011,0.05179767123680221,0,0,0.4574061363322557,False
47.775213063606515,18,6.813898700715159,0.3097346224755253,0,0,0.433405697820674,False
36.71466253778217,19,0.30961147791262306,0.2324782590234285,1,0,0.4075438500503319,False
28.4674779392721,13,3.866760278897636,0.3266024864644066,0,0,0.4126811094613387,False
35.32251248206786,14,2.2514117909721327,0.044327196591803224,0,0,0.4148838912894504,False
17.899162487302767,17,18.696839122648846,0.07374833247194129,0,0,0.5162181158327521,False
7.107520116845162,10,2.6443608392172484,0.11709394836469572,1,0,0.41544601945829357,False
15.43884736523751,15,9.21272070413541,0.08509925122119866,1,0,0.4217906506271518,False
57.780158588558045,11,2.6704716613601835,0.03578341603878328,1,0,0.4223369932609846,False
32.653309857673605,22,2.4457120638025622,0.017368648140892715,2,0,0.4693612329462714,False
44.078043576849744,16,1.606358941997508,0.5607875802824441,0,0,0.4765286599551084,False
21.473149112744085,10,1.907350277370422,0.04878491068247446,0,0,0.41692730804503725,False
42.54163209853433,18,0.5210826476187188,0.29870154185161457,1,0,0.408423627538825,False
70.79460054491881,22,0.9592136345259266,0.1642071336306813,2,0,0.4657328381710236,False
31.379711015007373,18,0.37325328742694974,0.07767959627837125,1,0,0.4058664425745202,False
43.29325759607716,17,2.696220395864004,0.2748168037522804,1,0,0.39845915979286417,False
16.02208831981456,11,1.7979295820861743,0.12179088731136871,1,0,0.39619711209836556,False
58.30334578018117,18,0.48777330177001654,0.15687027455474536,0,0,0.423879271302462,False
41.975482230686744,17,3.948064142951497,0.18006297986902384,3,0,0.4328100512856153,False
62.15922036051589,20,0.6110509140096787,0.259044484482114,1,0,0.42986939845525796,False
10.963475323109833,12,15.95745162005571,0.4801524621977216,0,0,0.5277303167822683,False
24.42816651115107,7,4.592995055785778,0.05549747397409196,2,0,0.4482474311259189,False
24.628863656516163,20,11.876412693940267,0.07413569738224682,1,0,0.45890787132271516,False
34.00567514996062,9,1.8557472145546556,0.2731312694538195,0,0,0.4111303419958269,False
50.29205611397036,13,8.38994167298493,0.054764463910441576,1,0,0.4298732419225993,False
42.46353297567438,9,1.8744787181081417,0.430569530519213,1,0,0.42973165472587815,False
17.297183444396918,19,3.503412151035961,0.19399091702212856,2,0,0.4136119553637314,False
51.96245264451684,8,1.8697227514258103,0.1919530277692999,3,0,0.46058536977358644,False
3106.9439366293523,4,464.4236236744576,0.7318740666862747,3,1,0.7316902204127349,True
32.01278460334134,9,1.4795244685130007,0.26270761834094625,1,0,0.4021062937581328,False
29.182989594165058,16,3.5973644206253628,0.04719110766418305,0,0,0.4165217222315843,False
28.55710374079497,12,11.82999614539313,0.33559983897018386,0,0,0.4601942382418087,False
19.758626367750473,14,3.1956925634436337,0.23012093602404987,1,0,0.39289866301627074,False
10.486005089263184,7,0.22580590608181003,0.1678456733629063,1,0,0.45231998396812356,False
29.18248243241055,14,0.4199620194755339,0.07419228014991947,1,0,0.40003782668657406,False
46.069551596993364,12,0.48341884129007584,0.29550721586050943,4,0,0.4941881566439402,False
22.98981361865156,22,4.310606549848948,0.17379222557814777,1,0,0.43324871122066516,False
34.94255403796685,21,0.3911115368125189,0.4962288006182256,3,0,0.5184057949570232,False
52.178266444993554,13,2.0617785869897527,0.2666704270658062,1,0,0.3977848001228196,False
22.910926102748487,16,5.632349362456709,0.3450499031730628,0,0,0.4253496201612383,False
30.860427496298765,9,2.4249961616992963,0.04461498962219689,2,0,0.41839034108521195,False
59.29967358830803,18,0.42316420888184125,0.29228708131664805,0,0,0.43574835320033595,False
33.17497991260006,20,1.9964298757783938,0.17884775588093996,0,0,0.40987915532570757,False
41.62757607396988,18,4.313110418398137,0.39145652157932026,0,0,0.4392246320953356,False
20.08911179042073,8,1.6778725351929031,0.33876684198510293,1,0,0.4275110262980297,False
57.492482837045436,18,5.775303886174638,0.05115873519894539,0,0,0.4459146233108724,False
27.075671095812538,16,1.1869443684347385,0.1756143077597703,1,0,0.38599502448723705,False
28.354236623428527,10,12.545390542566569,0.4595679920882577,1,0,0.4746134177058633,False
54.63721961374543,9,11.451204603099058,0.3834706418838643,1,0,0.4665360555181566,False
34.5780865231495,18,0.6472569055903079,0.2728176132593189,3,0,0.4479933569768706,False
22.343912722221475,21,3.804213004668782,0.00943288692138178,2,0,0.46454907066327766,False
4050.342195668703,2,746.4834178289676,0.41444861571085007,1,1,0.757005402862389,True
97.3718057430158,16,0.3367079784159964,0.37007814805182954,0,0,0.481786188931064,False
49.65438952440792,14,0.38735453494230865,0.5543791662569857,2,0,0.48017142198615737,False
12.965207102041925,15,1.8423091165141923,0.31356636077297184,1,0,0.40365957894984666,False
25.402662459014802,15,1.9830177125768027,0.015630444784300198,2,0,0.4298835255113705,False
35.84051854044662,8,1.4164769527566248,0.015251118810686849,1,0,0.44350268746689125,False
27.190968184669643,11,12.2923124238362,0.0809498258651048,1,0,0.4430617965379121,False
48.188825512955695,9,0.03965744956410881,0.19616869105193682,1,0,0.41585701183398877,False
11.693280385301652,7,17.89068599201526,0.05729799061568712,2,0,0.5355891720256682,False
31.53340115527452,15,2.6387089019432994,0.06323410977578864,1,0,0.39315500111792423,False
36.20424065663593,19,5.107674280570431,0.07941040321983212,1,0,0.4086750238778127,False
61.98693812660984,20,14.460452662080321,0.1315046044683773,0,0,0.5089312039259565,False
42.79788242329383,13,4.613708942145313,0.24077867263571331,1,0,0.398672827110746,False
32.233390116366564,11,3.2441253923378777,0.02384816194791614,2,0,0.42055498062872,False
51.89841922364991,14,2.6795253486802837,0.12795315724144785,0,0,0.40662344647533005,False
17.510001722884393,13,7.424890963005456,0.43720739525565905,1,0,0.439572641312052,False
21.887827826795107,8,2.064257578684905,0.06340281123687679,0,0,0.4383880271082191,False
63.39665868183048,17,0.9237086786599991,0.29238388746929983,1,0,0.4151110160511635,False
16.15930771321565,8,1.7105160754031024,0.03996983264870067,0,0,0.4528014908751878,False
43.33173544563179,22,2.746191414058945,0.24578890079662652,1,0,0.43591684710024514,False
32.33584058166718,17,3.6293341841138194,0.4554590525794713,0,0,0.4464070532641824,False
56.36432234144731,9,2.141989786726545,0.07070345959074156,1,0,0.41697719184659476,False
35.82393587006959,20,2.277336564839857,0.04197113177011779,0,0,0.43260741147558335,False
33.82992907203403,8,6.757995090754938,0.09726695740357932,2,0,0.4299798422443382,False
54.34910710683559,15,2.161686643742158,0.25538856265271365,1,0,0.39937569476098567,False
27.228216067017566,11,1.2105484122614565,0.34845536757635426,2,0,0.40795732596934026,False
20.265125207152217,21,0.821928509147954,0.1533132560510363,1,0,0.4137508209422836,False
14.80100228116588,22,3.44890412922767,0.18226962635719882,0,0,0.4516406251361552,False
85.23452334160038,8,2.7079804254603115,0.031058699536523644,1,0,0.4626637863560223,False
39.10982517709056,8,0.3372416594892994,0.16958218140032089,2,0,0.4280681283360442,False
28.468937285579955,17,0.781759012484712,0.07840678863065707,0,0,0.4122675333797479,False
160.90987934617775,7,8.101731711756994,0.0294900070920272,1,0,0.5423392928124118,False
968.7376088739913,4,410.28965766176145,0.893752661766036,3,1,0.7292191445596121,True
31.91912603984559,14,0.6027272734674705,0.06142260074445032,3,0,0.4424303739864091,False
63.89962206546201,13,6.700900547861033,0.05207473880410206,5,0,0.5533204709356777,False
27.960214005552444,16,7.350269898738368,0.18409556262225865,1,0,0.40282478910673747,False
22.60182895324744,16,7.894894667148174,0.2644098927909249,0,0,0.4234666094095077,False
68.02245479273414,11,16.61298335820524,0.10084240325042759,3,0,0.5236122101468692,False
22.057120823371083,13,5.226145322908809,0.03784003848808693,1,0,0.4179929212592838,False
78.39663879605209,10,8.355326008743123,0.13453027765331405,1,0,0.44118011564491816,False
160.11478198202315,17,0.07958875230568187,0.1322139405128814,1,0,0.5151423849335287,False
65.95375764432234,11,0.8475203156602565,0.1783183026285343,0,0,0.4186485166166217,False
69.76803810475258,7,1.8352982209744866,0.08124139397527518,1,0,0.45020176671721646,False
49.00620535393683,9,0.8034200725038378,0.09644800766822353,1,0,0.4107357589001002,False
37.531844118526166,13,1.7807171809380677,0.7130507777310361,3,0,0.5409878171716913,False
33.07735667749224,14,1.05149403897758,0.17658534999579997,0,0,0.39538855809949164,False
37.16816705688941,12,5.063973724386636,0.33725305854875165,1,0,0.4039649039685598,False
37.443158571736255,13,0.6532053724953178,0.37437434658135044,1,0,0.4074531761365891,False
78.46605916374914,9,1.5838625864677067,0.11429535808196299,1,0,0.42974057040730324,False
79.81581691541204,9,0.834654733013576,0.16664268008933975,1,0,0.4325419217669696,False
43.10804706707613,18,3.658340318097539,0.026023162640505696,1,0,0.424647282778884,False
141.66551356047992,15,0.6562412918337603,0.031225055156592928,0,0,0.5267357078483266,False
28.80588355477682,12,4.085463993277902,0.15545328647449147,1,0,0.38998077981471385,False
10.859653443671489,9,1.904765083206258,0.2573927267749242,0,0,0.4310190559239474,False
47.87350706598369,10,2.9784813965730232,0.19665148220559306,1,0,0.39652205900932946,False
31.958251563731885,13,1.8197121806085814,0.07297568763346148,2,0,0.4026629994717808,False
35.78918390280423,21,6.605599512414597,0.06030270918013828,1,0,0.4360020919163902,False
57.13950657112891,22,2.0247673369856174,0.12426731850440241,2,0,0.4570208635510717,False
44.66685218375536,9,6.9445316873185385,0.29524190601505546,1,0,0.42137045562551434,False
13.814479099674552,17,1.478420375538235,0.25856047749868427,0,0,0.4180596653009398,False
56.096318179968954,14,4.765647769068446,0.14702594497493082,1,0,0.40289453686781707,False
59.39983466994017,13,3.6536508433739354,0.14105790704912588,2,0,0.4107994265711337,False
33.155201550793294,14,1.3193720103888946,0.18233962300025677,0,0,0.39439543724470255,False
43.483403979483526,9,5.15323133216153,0.23770160426874323,2,0,0.41969332359379063,False
28.160123653869974,21,8.726432534208673,0.6657566844674627,1,0,0.5400725344927519,False
23.373646233486685,22,0.8573805912292881,0.25384925484594334,3,0,0.4827168955952143,False
23.831129239194112,20,1.9610134960625825,0.23794466291243235,1,0,0.40619612037501784,False
24.293806513758753,12,1.2874880590866604,0.18047381501146081,2,0,0.39456699522970906,False
17.347528582566095,15,15.383358981695165,0.05425247132417631,2,0,0.4847670454956747,False
62.01548253180268,8,2.1351127808767796,0.17384790072679088,0,0,0.43761776398970015,False
4918.7144287911,2,519.9498790817452,0.6146976496869236,7,1,0.763451945705747,True
37.28286245707078,22,4.033681891172928,0.12963321943077658,0,0,0.4485956750787473,False
53.813095004009725,10,2.839832082624902,0.07026009395072985,2,0,0.41556996311826494,False
50.83768394794939,15,2.6353375912824193,0.3395545970676084,0,0,0.4163381493730853,False
43.78529649225138,21,3.817823797018458,0.5814388792087846,1,0,0.5031424359641018,False
81.37146544372696,10,0.6750701181377765,0.23975556080092683,0,0,0.442026034052845,False
26.158344408472534,19,5.287968489519812,0.05828824325900674,1,0,0.4156499572799717,False
31.87039903070744,15,2.27791668948332,0.3285864686255453,0,0,0.4065222896284371,False
48.83974664777286,7,7.381911313303567,0.18585192330098887,1,0,0.44476352332972613,False
29.06077084988649,16,0.061214455238005255,0.07462600264512304,2,0,0.4150797407832561,False
52.5590652070846,16,0.2504888692065094,0.29513108166632046,0,0,0.4247907315359614,False
13.173886985414894,8,8.74191996248239,0.20829125517964095,0,0,0.4592622132984831,False
44.597260120057484,17,0.8114893966407215,0.21338789242907663,0,0,0.40700521180484733,False
41.56695755359358,12,0.864385924292559,0.2029211561951888,0,0,0.3999848010130895,False
18.372483667013288,11,7.208397443476582,0.0801616214079392,1,0,0.4146277827628875,False
12.632159569308882,10,2.1006019836289007,0.3351912599398933,1,0,0.4133623593845948,False
21.722465990760444,21,4.618177031335126,0.4473338946415083,1,0,0.46594512793043036,False
3664.377307041557,1,344.7806133168344,0.47999170598106417,8,1,0.7584851086000621,True
30.21947187034511,8,2.6118816529230307,0.2790278183866354,2,0,0.42295422162370966,False
84.8532987400731,16,2.4886717911544185,0.22649784068743944,0,0,0.43589002105557745,False
10.681817892036266,12,7.739770353183264,0.14323168947397935,3,0,0.45966732766269486,False
18.650966583348474,14,0.4730653836414404,0.11996268317048162,0,0,0.41179727213829664,False
41.211404355434894,19,4.487071009003873,0.19115611361766077,0,0,0.4167130615284433,False
125.02223099824047,12,3.783970489649339,0.04401326939060455,2,0,0.48951972570324953,False
16.313606805383447,21,0.2387147116843376,0.04063002005363932,1,0,0.4483745721209076,False
16.61785303844011,19,0.21282722366998474,0.20482421243954496,1,0,0.4148585846724008,False
9.348613045646728,22,9.288493571407658,0.045337818050647086,0,0,0.5116947891328492,False
19.944886670062406,7,4.092873032083524,0.17738109843520358,1,0,0.42890782337762107,False
20.89834060401574,13,4.78804237745488,0.285899012100413,0,0,0.41522281307027664,False
55.0793705613511,17,0.9104671749176908,0.06492343643959514,1,0,0.40927587578259195,False
87.33277386886107,12,5.876659279780045,0.23695325725376315,2,0,0.44045035833209323,False
20.666669601196194,15,1.9388192516470755,0.23456582995250655,0,0,0.3999616167972183,False
14.259716601849167,13,10.521958857138989,0.32603312879278074,2,0,0.44900352790281445,False
10.868989764176789,11,2.5957752827729723,0.14880003064459915,2,0,0.4060831812883861,False
48.01257765581102,16,3.423655198880095,0.17839022059800097,3,0,0.43066774942233177,False
10.849280409398071,9,1.6061893284089575,0.34997089719153074,4,0,0.5124123880652617,False
16.726661841915025,11,2.111477513464719,0.25004086331580216,2,0,0.4025321094954849,False
12.69449677607775,11,4.076265704115975,0.1866873453606548,1,0,0.4036502356004012,False
29.81522526499536,7,0.13017823172244955,0.377655582199095,1,0,0.45513412266078124,False
14.625542719988056,19,4.523262776489247,0.38234873058253427,1,0,0.43393813373184187,False
32.722371818768025,17,3.2265135191155934,0.29634342958139753,0,0,0.40767067266821094,False
13.90662419441514,10,0.008257072151510126,0.11857617039087218,4,0,0.5020253256782657,False
5.6216696211200485,15,0.9823565547317696,0.0819644645777825,5,0,0.5488929143288959,False
39.62066761372172,20,6.74556497611777,0.14774422797388598,0,0,0.43294972929547915,False
53.63227388685621,9,1.309458614004766,0.16133596623057908,2,0,0.41506934928052064,False
18.160068411989208,16,2.43087165765968,0.08050999475810397,0,0,0.40842507658428334,False
9.964936220935932,8,8.01474436589941,0.17491428889886385,1,0,0.44273448877816995,False
17.371431201296673,15,0.7157163442343811,0.26982737150176045,0,0,0.4150019209333379,False
11.174437369811965,19,5.30157186007408,0.12970794959046048,2,0,0.4283063410605017,False
49.61417782843342,19,1.9674017739848992,0.10359110082112515,1,0,0.4005705238906738,False
80.71716645444762,19,1.8455225643365913,0.36955970991619486,2,0,0.46697520391716885,False
44.35313919148822,15,0.20010145285086356,0.26856304617081156,5,0,0.5387263171981774,False
27.409656164378422,12,1.0735988497548472,0.18516478852495755,0,0,0.39722951287887137,False
63.36237821603935,11,12.123339905755866,0.01875527685083586,0,0,0.5057306779602563,False
5.928475087394811,22,1.897789656149482,0.09943455195886779,2,0,0.4627082727569693,False
41.211638050487494,22,0.757077054705414,0.04507456684452419,2,0,0.46126243041808984,False
24.20039081223597,9,3.5119761607183486,0.07219716174115148,0,0,0.42203708799278694,False
73.47123525453587,15,8.940267696193754,0.5598841232273387,1,0,0.5046568484253268,False
17.689544772751134,12,3.831680953602616,0.07034701054287622,1,0,0.404762443985229,False
22.559337957644104,17,2.4091562726715865,0.2959483642977888,2,0,0.4068102846707348,False
26.368973819531465,14,3.987168811801364,0.023332964032096594,1,0,0.41912369119027937,False
24.615985030292297,8,0.35097933825441086,0.42063972521348375,2,0,0.4581900081205736,False
24.673325075018887,19,2.1794073576639392,0.382523282736115,1,0,0.42050278356802673,False
36.322885431932306,14,4.5533878729208315,0.3994003792604521,1,0,0.4173387292655649,False
23.697336728527198,12,3.563302957546027,0.1864109948933134,4,0,0.4828129505246861,False
23.299900116781373,14,1.3473725684051918,0.03696986953059266,1,0,0.40798142487500066,False
38.629518006749144,11,0.20790840055026477,0.27631190695603847,3,0,0.4446414393838691,False
28.435045848988345,14,1.5899973480199285,0.3584549719486524,1,0,0.39843989638796956,False
72.24237295758986,7,0.08230231009963129,0.03202019042329841,3,0,0.5188171683103926,False
21.216770813828482,22,0.367592156032301,0.027811174169294524,2,0,0.4712572324793382,False
41.497227665886506,12,0.9245636393524179,0.17975845584459116,0,0,0.39890679487130526,False
20.067253518702476,21,5.812100741781443,0.18143027676409593,0,0,0.44335105993682516,False
61.36453971452298,18,3.7458610067911664,0.32237485330299726,1,0,0.423636499333047,False
130.18802170720048,10,0.13711062005642377,0.41354644979448524,2,0,0.5179070328875475,False
12.468116074181415,21,0.8252737550881514,0.19181360233921907,2,0,0.43469154371718893,False
15.875307589673852,15,2.565137694112798,0.04567813891767211,1,0,0.4064245413701234,False
14.658816496515154,16,0.6199923055126795,0.5149878571714139,2,0,0.46601482779027614,False
84.02615102118035,21,11.27877690758056,0.35345797189284556,2,0,0.5205416436024078,False
41.7420048155386,7,0.9945927651560795,0.13287269789412992,2,0,0.4358042418507453,False
49.370404318123995,15,0.1013456273799063,0.1540259995288499,1,0,0.40351200381076163,False
26.40845634938515,11,3.2450931604155806,0.26801535220509676,1,0,0.3935563630557381,False
46.51210750462983,9,4.965049181388884,0.43150906645409975,0,0,0.45444443089188463,False
48.254849861750145,19,1.3504287333309017,0.39336935730074685,0,0,0.44253704981955333,False
4202.66992206129,3,518.0597594546446,0.6716027344361788,2,1,0.7479432192296733,True
20.375389235791896,20,0.1715253527966075,0.4082119662721854,3,0,0.49862970161076364,False
85.2191343046592,10,1.0851884397635547,0.1574180214610228,1,0,0.4259442788616994,False
35.552438521539884,21,1.016905675208923,0.198290890454164,1,0,0.4118172511608498,False
11.62605160253784,8,0.33514572749192295,0.06857576629579981,2,0,0.4512731672870401,False
32.7826025876344,22,4.312319887875912,0.05103026974392939,1,0,0.445676297906045,False
29.31897255068459,7,7.390328453560316,0.0970184845814728,2,0,0.4496193622110183,False
57.662938549689784,20,3.685389279384579,0.22259913404387882,2,0,0.4307674050098546,False
38.89624313963345,19,1.9877191089185675,0.33465136406383705,0,0,0.42037423230054916,False
40.15020737954672,22,0.7133381016389326,0.13811115462472306,0,0,0.4474708251266729,False
38.00342239415584,13,2.493659009023029,0.29502546290550263,0,0,0.4045903768340275,False
79.09955978117232,11,3.10622326905909,0.03299195094525533,2,0,0.44616948405423973,False
10.872243349421778,17,1.4618354423344273,0.3637960074362609,2,0,0.4264210820263545,False
44.87809853301267,12,7.8639775868208845,0.16681675046061717,2,0,0.41749735448357467,False
69.35149070801475,7,6.631522877438457,0.29890229604611246,1,0,0.4633966237525315,False
16.92880332037536,14,0.8251079997751766,0.11441518847984049,0,0,0.4118504533431664,False
1413.1631397874216,1,465.7463507319045,0.7059991959835126,5,1,0.7279763733682197,True
12.931856271777386,9,1.0184222709784714,0.16802725791211476,2,0,0.4178295478391657,False
33.40842400612407,18,5.148595273400007,0.14863994308826625,1,0,0.3993682307520115,False
57.101917989739945,10,0.37090250554952897,0.21903427949345416,0,0,0.42085937239257,False
69.38988866731493,16,2.5127198465520735,0.1118756014184513,0,0,0.42099561337020003,False
38.51749867897342,15,0.7883493132068986,0.45250081323471203,1,0,0.42558278460576404,False
13.833684293280799,12,7.26925714681968,0.4877075654489757,0,0,0.47875409466487445,False
25.227559325621264,14,16.864953358522136,0.34108793344949245,2,0,0.47920559278132524,False
21.92960229364165,16,7.819186758822504,0.11412019148958058,3,0,0.4551651828776177,False
1503.6067960497817,4,409.6183090855459,0.3459246429539164,2,1,0.7122698178603202,True
13.938022240159931,18,5.280563391710014,0.2835690719374113,2,0,0.4288518642651737,False
43.18411688655777,16,2.321375164922135,0.22584714950507698,0,0,0.40214741670251464,False
41.47277928302232,10,4.182243974297001,0.47662602819331507,0,0,0.4508068826692464,False
59.092398528300684,13,4.1486723087917,0.24078001428691767,1,0,0.40710111417009126,False
33.1171288303655,15,7.31825601817555,0.18566886771015195,0,0,0.4150522337588609,False
7.786035443930646,21,2.0560804286439334,0.13167660562261502,2,0,0.4396478060788893,False
93.35506516939432,15,1.9035785495733193,0.32219081481349254,2,0,0.4537467520315996,False
43.63851621372112,20,3.1902095141427553,0.24192042983603693,1,0,0.41066044582169325,False
82.25828058254527,15,8.762359603015302,0.28684678720402074,0,0,0.4645711034846303,False
32.8499600187655,9,0.7184519922797904,0.5134657110263708,2,0,0.46127594140949013,False
49.21830169153427,20,0.830343246088315,0.0903383266863375,0,0,0.429635150947344,False
37.88569649435065,17,6.9153094624774605,0.0908192450507499,0,0,0.4215848730836238,False
1709.9512870671697,1,129.56233671631873,0.6218177322495569,2,1,0.693606876123552,True
77.79955282047476,16,3.364523246325646,0.25412431543929154,1,0,0.4210144141273028,False
17.09911832530109,12,1.5815245218486027,0.2506321638953796,1,0,0.3954333787383333,False
11.416208835691178,15,10.164449597718734,0.19003341657873052,1,0,0.4294095016267349,False
32.02730974637544,21,18.849595705017332,0.5619972487682554,1,0,0.5680806684871593,False
67.57718787401373,16,1.6711989889905388,0.13390503374203766,1,0,0.4059881450553772,False
13.443529690222014,22,7.682993772676848,0.12518764705720917,1,0,0.4605368925641438,False
27.66610897974691,14,1.2069183548115594,0.3275507924297915,0,0,0.4083484291209116,False
24.709506770152625,22,15.914466294465281,0.11273156587930858,1,0,0.504508545562648,False
35.32985179925512,7,9.186289562089478,0.13858240211659736,1,0,0.4421587783140675,False
36.05314206398769,16,6.11574930562889,0.2765505657546474,0,0,0.41347850268443054,False
63.26469441665567,14,6.343589192126623,0.30624720327191324,0,0,0.43523460327104024,False
20.69639162952504,20,2.071488770988158,0.2789208406724545,1,0,0.4132597343755324,False
46.176448749922045,22,4.806681002253226,0.13832416445223358,2,0,0.45657044424929166,False
96.25419378702277,11,5.972132256038826,0.5094238667927615,1,0,0.4974360409719876,False
26.46681281882254,14,1.539945840764456,0.5514844922782184,3,0,0.501680748463745,False
55.67778214407562,20,3.957032009214601,0.09130465733477824,1,0,0.4170301113807682,False
19.217816835794196,20,0.5740334607512683,0.4512066140944602,0,0,0.4718992334540305,False
22.2256715439627,16,3.5548723089575414,0.17918745019973786,0,0,0.4003904857624404,False
12.617547619049587,14,1.78410858523796,0.3077415761466196,3,0,0.4501373528220815,False
4060.9283629640854,3,571.050142008641,0.8165146276074264,6,1,0.7494979608520865,True
84.67588183528406,14,2.7221113168464663,0.15632939692564418,2,0,0.43028223497900747,False
19.70346090437162,20,4.213973396607066,0.5122908060112744,0,0,0.4926751528018761,False
29.5488756892349,18,3.0203827442715676,0.2955031117145086,1,0,0.3999703286320315,False
47.28214863383584,16,0.2745141612467673,0.12068564729420474,1,0,0.4026933950242785,False
83.21716155092147,8,6.842887424920697,0.2981281480971584,0,0,0.47804221302483463,False
32.51019396589762,14,1.032228628598643,0.0942647835798923,2,0,0.3981787034328956,False
47.49267890377097,17,0.14509393026265183,0.32919620868320204,1,0,0.4172694483153009,False
48.95611929937113,9,3.3744135637066552,0.0678689714196262,3,0,0.4564398777953474,False
30.300267997292707,18,3.623732492265645,0.19907711819352433,0,0,0.40571364730897064,False
41.11425945033013,13,1.796355666743988,0.046530526030382637,1,0,0.40183824088843006,False
18.62199386681814,21,0.1700369031686374,0.2607300557425803,0,0,0.44861401823840746,False
41.422797398015106,12,5.175139694716525,0.13730347659023237,1,0,0.39513078188166806,False
43.33062320296878,19,2.7617838279534235,0.012006553711096714,2,0,0.4469077597917916,False
48.647208689271054,16,0.24101205587670393,0.046256662066572925,1,0,0.41872410996179626,False
75.36361457085393,21,13.516952170102671,0.33530384321348516,1,0,0.5085358158956768,False
22.426376181463215,9,4.183569020578091,0.27516540739375034,1,0,0.40627945690357986,False
27.558983737634946,11,4.476129135097567,0.3457052281009911,1,0,0.4028547759489056,False
66.80966185232441,19,0.7717493915969621,0.0536086377604915,1,0,0.4352714810053243,False
14.237103802448974,22,1.4214993220916705,0.25160842005516915,3,0,0.4890849011728934,False
9.184338002900112,20,1.4269055649594358,0.15637339129824315,0,0,0.43580556848182744,False
37.72654261747486,13,2.3840623937219254,0.03680214247668648,1,0,0.4072576450331064,False
24.542900838548956,11,5.884468672209885,0.46128372963100484,0,0,0.45365468152456945,False
24.65430544110157,16,1.534604973553886,0.28239619719723413,0,0,0.40533772265644213,False
12.323428670596172,22,2.281082874910093,0.03298132809397338,0,0,0.48105346382217845,False
30.31172211094563,15,2.975589449508579,0.08165112519506795,0,0,0.402122450996926,False
23.51018668271774,15,4.171604312970216,0.07149185649178195,1,0,0.39593430227573645,False
23.81387579347663,8,8.884990846392506,0.0803157452244582,2,0,0.4431970703593478,False
20.91994100940543,7,1.7093548200412487,0.3094445931857017,1,0,0.43581671388757987,False
31.281310595872185,16,1.1700615549360585,0.15913439963273965,3,0,0.42831467303187737,False
26.95929968096467,14,0.6831680753643399,0.032556294952557435,0,0,0.4292106065349479,False
1291.6490984347247,2,81.48633598226104,0.7801822186912793,7,1,0.7299601319889735,True
96.65046736080092,21,1.60765822493254,0.21899680236616012,0,0,0.47927270007797074,False
29.555406644134415,14,5.3410315231637435,0.15580348959239,2,0,0.40036242500339186,False
1695.650443208414,5,320.586768808232,0.9105136737451898,7,1,0.7510948055138945,True
43.0969404502903,19,1.8467155641825068,0.20855305532097543,3,0,0.44444673670218626,False
50.60800597053671,14,1.9955894166438812,0.03368312943631415,3,0,0.4553518340896609,False
20.107368429097146,12,2.224378792326545,0.12311988185832808,2,0,0.39932978932691005,False
6.5385105308615,21,0.27904168459591006,0.1575799240578738,1,0,0.44181658695388265,False
27.094379194777805,11,2.9596135342442915,0.10757641080925512,0,0,0.4023386469899233,False
20.165575588386808,11,5.895392263876567,0.25369628714668546,1,0,0.40369478973661366,False
17.98728996344674,15,3.6069824719171124,0.04686065071042727,3,0,0.44980473244155117,False
21.60160246840152,20,1.63056996464941,0.04459863958575153,5,0,0.5535679486370311,False
19.377674938448187,22,0.1273011337462652,0.12038853172261349,1,0,0.4427553222641854,False
20.05273856267453,11,3.191666341764337,0.21045007236531388,2,0,0.3987708246281464,False
15.300041421436791,21,1.7657382624059141,0.1434501895506285,1,0,0.41557002554432304,False
25.33934618655832,22,5.410618345932801,0.10592049007272603,2,0,0.4543969040362132,False
76.6678020135366,13,3.211452879276763,0.4025304688423854,0,0,0.4565249445094656,False
27.94735468313467,16,8.581944146046899,0.24323391968913205,1,0,0.41165132472062005,False
65.12735913771574,11,1.7763075659743004,0.1369869507651783,2,0,0.41111288725512046,False
34.39122418737132,19,8.369400198532503,0.39129588077063593,1,0,0.44360525887689134,False
27.345064123955947,10,1.516023400610829,0.20812588709362365,1,0,0.38814542708693595,False
53.22262953021964,22,0.6912918002593079,0.17036453921100608,4,0,0.5355219654128095,False
14.110832411648753,16,0.0689084928383939,0.1988083368307723,1,0,0.4098856519052043,False
15.212486990906848,15,1.965504397472581,0.22222761762214194,1,0,0.39421116086425495,False
2665.761856031916,5,371.70601583966135,0.7284069270090713,5,1,0.7199722737274057,True
76.11121591765195,15,7.7817819098760594,0.13201610837865105,0,0,0.44562184770961344,False
15.938095130544415,21,1.7643302575788977,0.6059286854117446,3,0,0.5542492738828491,False
24.373567954372728,19,1.356567975420997,0.1765537967332194,1,0,0.3936714435527254,False
40.440923232229906,17,0.862036127194008,0.5819796973088667,2,0,0.4901780557556979,False
34.53873027426029,11,0.4121882469757197,0.2683685465763404,0,0,0.4085147901331479,False
20.96396655749678,12,0.7492442283620409,0.18334471203109942,0,0,0.403020539851008,False
28.156044789814867,9,3.15515489180931,0.3202631118487295,2,0,0.4145361812697412,False
111.31720396701597,19,10.217106761627162,0.20863163943820362,0,0,0.5104627190154901,False
18.79040322894731,7,2.6295737211391828,0.07793460617622848,1,0,0.43366225795553787,False
35.19374818291992,10,2.6974687077861046,0.2407334293783843,1,0,0.3909696430249133,False
30.941519470318468,10,1.53925597741663,0.2319934418291692,2,0,0.39874162269678604,False
20.687189085357442,13,13.54735636939951,0.1901198621805318,1,0,0.44090617630701656,False
97.57237013028205,8,0.05718260875571183,0.2394664982440584,2,0,0.4763545000582573,False
39.561277560614364,7,0.6787961372495259,0.30529815634059504,1,0,0.43869696327345264,False
34.86904381897402,22,0.05431029618075795,0.16107178710560666,0,0,0.4530579155436937,False
2758.2257637630314,4,429.50593095666017,0.37620058350900254,2,1,0.7246985741336793,True
16.192736892495976,15,9.47245426578295,0.09481510867568278,0,0,0.43946516018295545,False
27.4869023843093,17,2.0057529931822264,0.06148250092392271,0,0,0.4130190462898522,False
27.579680345206537,20,0.272657758802478,0.04422376215745583,1,0,0.42549438084203955,False
34.4644200684558,9,7.0330810626788605,0.2481685302647968,2,0,0.4194499612951627,False
58.12022750233779,11,0.5931712168448968,0.07817252283801997,0,0,0.4269134411070005,False
40.80320720594942,7,5.746477430014839,0.12442976490612617,1,0,0.43610751531118186,False
30.744601670261112,13,7.862820193089313,0.12544178105034579,1,0,0.4089780420934918,False
92.98720459611755,12,0.25041956886951267,0.09177266058051825,1,0,0.44529457071234374,False
19.80024195813281,9,1.8049272393505966,0.029368259495599507,1,0,0.423268415129703,False
29.27510409610246,7,4.080340093742067,0.159020476887658,2,0,0.43507782771230114,False
9.21444380343539,7,2.9808302577652257,0.23230310898242573,3,0,0.48225922587557013,False
22.880727206223124,15,0.8536486449313305,0.07216140153638871,1,0,0.3948902123056435,False
18.35934746438121,22,2.3978841367474564,0.28381896781741234,2,0,0.4503406357319435,False
35.32070096353011,22,2.8075805712039767,0.14827192114807397,1,0,0.42692693142715393,False
28.1560382639413,19,7.957054002327931,0.2853775323163617,1,0,0.4241777455793447,False
48.426777972172424,7,3.871102333084528,0.08562054909539804,3,0,0.48412423176674324,False
110.01072499059319,11,7.897189025409317,0.1936795444754387,0,0,0.4818921802037669,False
35.947677209758474,10,2.6830790215608986,0.1429854766092867,4,0,0.48083422221781946,False
15.977779945389347,9,1.289160931827282,0.32117261065259,2,0,0.4217910760118462,False
44.30285226701932,18,2.774895053055489,0.23453114863306496,0,0,0.41094613970620164,False
3320.1051862291947,3,304.0190253610808,0.6257188055796973,5,1,0.7183227071962949,True
38.36795497717721,15,1.6347401014727145,0.07191258473857307,1,0,0.38940347700023714,False
171.3490115779779,20,5.878847252918463,0.1309344932509543,1,0,0.531036600778025,False
51.492698255342894,14,0.9776763125217542,0.2585871670942471,2,0,0.40608738708221204,False
53.16204649658013,9,0.24362605980805363,0.38962074414781,1,0,0.435909923837332,False
54.824221672136325,11,4.330435299096015,0.07723442082203519,0,0,0.42357229303361366,False
46.65147008041431,12,0.6069141649631824,0.4204874674754419,0,0,0.4376235725877174,False
38.452421558531064,16,0.538351864462289,0.1223935132632934,1,0,0.3919586460427241,False
31.299707120481912,14,3.781844342683306,0.17876329711645056,1,0,0.386667039540149,False
33.70526799105672,19,1.9336401110093762,0.28835261076086377,2,0,0.4091638593422426,False
43.484188048113516,13,2.8962420630443564,0.6496927770677158,3,0,0.530380723182441,False
24.766658665653868,10,11.1478169790039,0.23145200156243695,2,0,0.4418291417887215,False
34.33727700040612,18,4.718243581661165,0.17675525377011744,2,0,0.40939684699140794,False
52.08709052801327,21,4.373239748753448,0.20678728489035883,1,0,0.4262694236266804,False
41.822001563960896,14,1.0692284705848434,0.3873523307054203,1,0,0.4091240870658784,False
20.945763568387854,21,9.307203860623495,0.019603523745272942,2,0,0.48966233718955693,False
17.055946149607646,19,1.951556625396445,0.04077047239535193,1,0,0.41984663157894136,False
13.200848040068061,19,3.3994374272427557,0.35367906876934735,3,0,0.4773529586462187,False
17.10996085711805,20,3.2590063893651067,0.036427428606328714,1,0,0.43185165791216534,False
36.49720693886976,17,4.210098470693915,0.32992101534339635,2,0,0.41208046900782264,False
3686.2433885835358,2,262.85305976245274,0.812145205988746,3,1,0.7349968555428599,True
108.21422876761407,10,4.646699620390107,0.30645068748834864,0,0,0.4776247367748124,False
30.635463569548133,17,2.014939340934804,0.33883531082075163,3,0,0.4482690074119606,False
77.0126212061952,22,5.421003884575129,0.3526026124037616,0,0,0.5008974969759529,False
24.14242737882557,11,5.560904771717155,0.10871708092104088,0,0,0.413712068860512,False
32.9134809980959,16,2.4200093624214922,0.3688361677710469,0,0,0.41686008678678516,False
116.26836207858949,22,0.7468932451734219,0.403425071345949,0,0,0.55002251151763,False
16.777314920829117,21,6.085801737402984,0.038792545531302056,0,0,0.46944571427989684,False
13.11589532823671,18,1.559253238892645,0.2226197043708847,0,0,0.4211550234519263,False
50.45955759489104,11,3.830435018643205,0.1523814441349976,2,0,0.4047325770663984,False
17.404350211779505,21,1.265163268648461,0.23462043684056155,3,0,0.4708849540719019,False
1086.8820916980922,3,757.6499280455973,0.7269557880243883,6,1,0.744290379614979,True
46.80663736593878,22,6.864970819067228,0.028794392544934176,1,0,0.47435833478432493,False
23.429148431596097,17,2.857522259990223,0.17101082069140847,2,0,0.39956905900779555,False
98.98095032743127,16,3.9427678298851827,0.22707520957598126,0,0,0.454836908594192,False
37.58175755501159,10,4.6098476893305245,0.4215344644533898,2,0,0.43183600482059153,False
21.790316547496364,16,1.5249422625132518,0.21987952234419308,0,0,0.40156269647927206,False
17.56146609836419,13,1.9493257314088126,0.4972480589564974,3,0,0.48314912416605843,False
14.978684579632901,18,16.96348884029973,0.12744313323210585,1,0,0.48203257544374306,False
24.795458534136923,16,1.8874395488817632,0.16969430520748055,1,0,0.38607129895601333,False
4739.1726760822985,2,350.4988050509438,0.9330758830135644,7,1,0.7735143091272597,True
79.28328667924765,15,10.539737288250642,0.025086749703907212,1,0,0.47853135402176505,False
9.953125523012847,16,7.66561627295042,0.2788466111617694,1,0,0.4273379854292812,False
30.341418465363915,16,1.369491817936944,0.16194969207343068,1,0,0.3855580032362754,False
69.59760896166799,20,7.305741198266786,0.2914093965528547,3,0,0.4998218857392612,False
28.740921542248376,10,4.551239729713873,0.16646896350400872,2,0,0.40199463332009916,False
21.229439034754876,14,3.183890170764237,0.30575953639136094,1,0,0.3973166683543707,False
12.820473179998329,15,0.9715882257707671,0.19691338383228887,3,0,0.4396118240345336,False
12.81606920655925,16,17.399880630619773,0.12116619141081345,1,0,0.4766599208386579,False
45.01105927090308,10,1.8286168224554247,0.04508687591694232,6,0,0.563606244343913,False
30.012918330238797,17,9.051991244695147,0.0800101882184115,0,0,0.4349312394419662,False
15.720202721269445,17,7.186827844299455,0.1065289706620597,1,0,0.4114083820040638,False
15.90407574396387,9,3.1725403026648724,0.37158042580186784,3,0,0.46606823852454,False
88.00223118874933,7,0.09350521876047214,0.1624800173692994,0,0,0.4885017572909727,False
52.37705654782815,14,1.308338751826218,0.16261674852841343,1,0,0.390721977638484,False
46.712765668390716,20,0.2970420213401127,0.0756334756216289,0,0,0.43768542995604043,False
34.368824543630836,7,0.40019209648202625,0.08124231819911099,3,0,0.4801631045412376,False
18.48627816739825,9,2.8956022909252845,0.1425367710839493,0,0,0.41414324766656885,False
43.27973893627656,12,0.7016056258498569,0.04394835269874474,0,0,0.42727662012343637,False
38.65144853326316,7,6.410121864625031,0.417878954657836,0,0,0.4848812744606204,False
58.93532077689649,12,0.7107997018428505,0.24455787853181063,0,0,0.4174200491724864,False
3660.012832571204,2,606.1432322471935,0.8170228997440174,2,1,0.7523066650513225,True
45.00317706526648,22,7.700591900465309,0.07190926772368224,0,0,0.48139053266268744,False
12.181826868107139,9,0.019571181625590937,0.11923323620330296,1,0,0.42624371245775294,False
36.68526027945457,20,0.16979928286952078,0.2711281047949327,3,0,0.46534731939210006,False
24.33262989337669,22,1.3079654840525397,0.3770543955166252,1,0,0.4472460048985978,False
25.51280073368683,17,9.28767934659491,0.1876200241907892,1,0,0.41359924682049803,False
46.21092015298457,15,19.037157184897538,0.2065553505444549,1,0,0.47701967004900314,False
25.756596102964657,15,0.3799941897285983,0.025190085031975548,1,0,0.4202194446870356,False
29.896882347893865,8,13.209556799128096,0.06342239355345793,0,0,0.4919877828908301,False
72.43634804786522,22,3.1256934213640664,0.06486546189403009,1,0,0.4654449339024475,False
26.336538289805716,7,1.650002692759934,0.1648357137904838,0,0,0.4372066697873194,False
29.911654184186663,17,0.2179964346697658,0.07211461506098878,1,0,0.40816097291908326,False
29.638748668443437,12,3.5187969773683836,0.1906921793507927,1,0,0.3891758972210912,False
36.65992962402676,20,10.917351141814597,0.17481307384052316,0,0,0.460162484062327,False
20.28851445485364,11,3.7647497943292754,0.570846031444089,1,0,0.47060276930294787,False
47.94663011974951,17,0.106759644330599,0.4077920143847268,3,0,0.4776733310107623,False
23.36931616478526,17,5.412226747055337,0.036611218502241805,0,0,0.43371653767438323,False
51.60381559560552,11,0.994806095097884,0.11349481990017589,0,0,0.4133403076243074,False
59.394290772397206,13,1.2807762725180694,0.21586857616161348,0,0,0.41187949644786603,False
29.942400666061406,12,4.7869107873898455,0.3020407424471391,2,0,0.4069411344876214,False
69.89320450891351,13,0.37342619722657017,0.13330190707589928,2,0,0.42273524332685425,False
18.381420141293518,17,7.588377561280936,0.2960132594967326,1,0,0.41951443668376026,False
23.471764438169263,9,7.26290438815982,0.08346806429074378,1,0,0.4192738801863657,False
18.6680423133203,10,14.536226279724737,0.12003789661652127,1,0,0.4569327953600441,False
53.74254550801433,12,8.280536130405595,0.34991417069986896,1,0,0.42723012300615465,False
26.123975990944924,18,2.523884118050025,0.06285477687919484,1,0,0.4030455015982663,False
11.543401413874582,14,12.68940905832466,0.13958697183687535,2,0,0.45078137859981937,False
104.50770648395806,18,7.391323440847568,0.03361224805872947,1,0,0.49204349305448725,False
124.4513883060647,15,6.729830902145537,0.08294322701470716,1,0,0.48556095601572097,False
28.926008267387523,10,0.00713068329468925,0.11546245397419132,2,0,0.4094211141659034,False
35.313418458253345,18,1.7440456347096736,0.010688298878725555,3,0,0.47641948746996,False
30.832918325307336,17,4.758199269574668,0.144210478266581,1,0,0.3943206749655124,False
5.706713989070063,7,10.56117083954042,0.24088335810966466,1,0,0.47841008559799647,False
77.17666906579323,10,3.3899871073644845,0.16907250082095343,2,0,0.42329632476095724,False
25.765566424025444,20,0.9288562668607444,0.2535493343336372,0,0,0.422238600973033,False
15.966063613682689,22,2.4941295614144496,0.3003204061814386,3,0,0.4956666916724683,False
27.046081881486696,21,3.2529595922865013,0.17512806724890598,2,0,0.4205314426150022,False
53.22248900634222,13,1.6785618045122974,0.4613525645536666,4,0,0.520576208492889,False
36.826938745774164,22,12.146305561894417,0.15956674267739365,0,0,0.49913211934526885,False
38.39817336208095,8,1.7153475678611272,0.2599280575704406,2,0,0.4231407342515219,False
25.62240877070558,12,0.6091404120872043,0.27167143218681766,0,0,0.4081268576488272,False
22.008797798635744,21,3.936485232938262,0.012431310481780939,1,0,0.45225346561864466,False
39.38362025521104,17,5.221705790469373,0.19703233197641995,4,0,0.49527088293032695,False
45.497075277497096,7,3.058394980086743,0.01802155611917186,1,0,0.46374590293582707,False
43.28804988540903,8,0.3128868524164764,0.3526784939658591,2,0,0.4438205172168118,False
45.409494397179685,8,10.533612140848698,0.2234934188310235,0,0,0.4586502329935779,False
14.901675382843804,18,0.4468813679187393,0.41948500239869263,0,0,0.4560008399167713,False
30.8982847427821,19,0.096275820789056,0.3126700089684235,1,0,0.41975084999982887,False
46.92104320331628,8,5.716229283172127,0.23412818374222247,0,0,0.4391168381078731,False
43.118596613957095,10,1.4247676814233656,0.44794376220960846,1,0,0.4268536776674545,False
17.91809942375808,14,0.8490376699490216,0.08436499068404693,1,0,0.3988590243600872,False
16.988779841148325,18,6.274978172130067,0.22441655458700052,0,0,0.43284682766924565,False
27.616906632054008,8,13.175692667749376,0.17094926339979405,2,0,0.4645203580139638,False
61.15700042970444,15,0.6216285114836939,0.5327921304647429,2,0,0.47641709926834663,False
34.49422696303794,12,1.1436657244853157,0.09621335446858577,0,0,0.4019778808709233,False
31.79190972992005,7,8.591366653692136,0.11856645274943325,1,0,0.44432305202178685,False
31.498210354162918,17,0.040551901955725105,0.10194684282191203,2,0,0.41319672905299687,False
72.8851360310559,10,6.846144206575045,0.08075513301254897,0,0,0.45120029344023044,False
81.55009965732954,9,7.2506654795850425,0.23773299665247197,2,0,0.45261192451967686,False
53.89520031538471,18,5.42501082798604,0.41749086055056994,0,0,0.45496762173739275,False
109.76897373757788,11,2.897793360488992,0.36907066147572287,3,0,0.49859868167983795,False
31.01630112633259,10,10.105438646687862,0.19762174944350425,0,0,0.4353350910665193,False
26.445740939606296,9,12.818763168505537,0.31963324321688796,0,0,0.47332953900977365,False
54.679274178825736,19,0.8033564020891615,0.03213740166876997,2,0,0.44594046623536426,False
27.142671856479577,19,15.866615595557732,0.11116153280698714,2,0,0.4792307968629842,False
17.387969383980305,22,7.188102397664804,0.1648423176929266,4,0,0.5419541756822069,False
62.27665587821286,10,2.467007211723739,0.2036282225677795,1,0,0.4019497518195349,False
27.51101805240493,17,4.84132255071372,0.08472987912537783,1,0,0.3973093948615075,False
94.27095354275029,19,3.547538363718662,0.5316665454402736,1,0,0.515845940926917,False
48.1591216891015,14,1.235665832340285,0.495502378982131,1,0,0.43963160662896855,False
24.025438273153057,15,1.1872311929528236,0.06160907940581964,3,0,0.44244631922364624,False
179.22974454656494,21,4.602054275066612,0.09965217934353734,2,0,0.5487748490447243,False
11.19404436936371,16,1.7271893621247323,0.17070258201516766,4,0,0.4889380934189839,False
27.828888357785992,19,1.5741413235313617,0.0260273389374203,3,0,0.47521717131880065,False
28.728505168234594,22,2.296113129608626,0.05342247540391391,2,0,0.4516958191831349,False
20.451494179439862,10,0.9457789695497576,0.14433278776378183,2,0,0.39928047138591,False
49.16974134660913,10,2.427602487300012,0.17031235018423524,0,0,0.4045519795530659,False
38.14020675039433,20,1.7094354875523898,0.5201708320590109,0,0,0.48476253606827935,False
62.87051163509952,14,4.4951907667620565,0.16594315173196278,1,0,0.4053209648695378,False
59.50136312701416,20,0.5797789447239456,0.3720918467652708,2,0,0.4559272372978146,False
26.71405916090137,15,2.2854921188943345,0.13978764833768073,1,0,0.38391589096841733,False
14.492200478714192,17,1.8683554406085603,0.06979944859714846,5,0,0.540331096903199,False
23.975213906875435,12,1.6002274902138907,0.20792167079409585,2,0,0.3946560582010392,False
21.070700040665848,13,2.631020382057594,0.08931933058934284,0,0,0.4029526173962576,False
42.42487382879551,19,0.3710473925492343,0.10186783984014121,3,0,0.4562382740853854,False
28.139494963421956,20,3.1920699867729554,0.14023821400338715,0,0,0.41371405611385276,False
10.385873727919885,22,2.6795284980658054,0.010580101125257587,0,0,0.49898093766148965,False
44.37738554946202,10,1.3122996934842057,0.20551703206431174,1,0,0.391677369074133,False
64.08577423072092,21,13.573800957350587,0.12108194367400242,0,0,0.5161437322557,False
51.93916278835799,14,3.1823339214033983,0.3490953812960678,2,0,0.4154018008543445,False
23.33120618944894,16,2.829717475171696,0.2063297999309431,1,0,0.38897598204574263,False
78.6091070738371,22,1.9498395405882019,0.3244941573471094,0,0,0.4920481103028374,False
24.917035246132045,11,2.005372688574727,0.2792000450669027,1,0,0.394145492608303,False
2910.160461755041,4,106.59526572935648,0.7943583317856812,5,1,0.7171416686201844,True
14.4587770881763,9,3.990490147246571,0.3445611366628376,1,0,0.422664605821413,False
38.48497018068576,17,2.0916620043612406,0.0669791766873927,0,0,0.41030145789250577,False
18.271385654051226,11,0.3324457229885833,0.1767842678925507,0,0,0.41415188788245993,False
19.32702194550925,11,0.2521263578448117,0.3649327250866693,2,0,0.42649356831958457,False
25.372325128458826,22,2.0023334802440607,0.32882001291894813,3,0,0.49162327400125055,False
25.008461109915245,7,10.91270864186563,0.2017833728510433,3,0,0.49760172087923454,False
45.86557954118577,21,1.1933839451498527,0.032205782936709886,3,0,0.4954604252524269,False
14.211026511212957,22,4.075599220497836,0.15090341182371853,1,0,0.4399259839905512,False
28.797528581882098,9,2.095370549066574,0.22140707997546896,0,0,0.4093857952321319,False
72.29066522858157,21,4.66049910829808,0.8029853947377177,3,0,0.6059105959500881,False
11.6958385826326,16,0.6276020288887677,0.5322917780312976,2,0,0.4745618704555725,False
17.214148768204044,10,6.26402910320118,0.3631855910683451,0,0,0.435873805213776,False
17.333233803149124,12,9.604820736817102,0.07585217703757224,1,0,0.4242754355856813,False
33.863464906780344,14,0.27665902863648634,0.09266431816308239,3,0,0.43937240667544847,False
49.33211955770906,16,3.0921725268777704,0.08490622665849176,3,0,0.4405598540276664,False
96.98333336293065,19,1.2901683775678507,0.23949830258663254,0,0,0.464891084654805,False
37.819511715010286,19,0.8249557805794363,0.06225986223830136,2,0,0.4232608241087107,False
8.453310651937965,18,0.621841944708638,0.29024687997888055,1,0,0.42421432889369987,False
55.5373127423051,7,7.920303016069352,0.21372860195684892,1,0,0.4507998111834302,False
115.14455251657205,20,0.3463284595192555,0.0851678718398395,1,0,0.4928058825859251,False
22.798605683260668,8,5.675599760201583,0.20279435575770938,2,0,0.4277940932840802,False
25.4059887424752,15,0.24073960041966397,0.05713709892664856,4,0,0.49638090193558543,False
17.549603718200398,20,3.7730730616153405,0.09457528506929787,1,0,0.4109019182478409,False
22.779012016970455,13,7.961241695805435,0.052825539200615654,2,0,0.4325710829092645,False
7.66335760122838,11,1.1801695652279494,0.04663767586596426,1,0,0.42737803726427687,False
20.003477107591745,19,10.584355680242604,0.030564866195166834,2,0,0.4728854057277941,False
18.177283639163974,17,4.105992822665271,0.176504066666624,0,0,0.41171042873450486,False
51.488055846337666,19,1.6104335635954572,0.06544556005795964,4,0,0.5101600857403358,False
51.9399871035488,19,7.583543799046226,0.2518864518132461,2,0,0.4366249792591693,False
59.304394179539145,12,9.02576950356305,0.17232016163603922,0,0,0.4392111171889183,False
26.174250508476764,18,0.6758789032283512,0.22243018874305037,0,0,0.4119002801152321,False
48.92828588460321,15,4.917533105312597,0.04454690305623964,0,0,0.4266261567680727,False
56.08313521864603,13,1.1456129518185474,0.22099596671769686,2,0,0.4048669523979599,False
33.221382382254355,11,5.039377468352801,0.12923714192422492,6,0,0.5622459155874331,False
32.31535435543227,17,0.27922019644762625,0.14897504709898476,4,0,0.48678120024049604,False
43.80318787720152,13,4.454699348184185,0.05244076630432537,2,0,0.4165303476560502,False
47.0166335308117,19,0.4347299934470913,0.16966805310879796,1,0,0.40511449511246483,False
39.22258522179745,13,5.986994354880945,0.2066465105369212,2,0,0.4050647354227611,False
5.948201934112103,12,1.8559382492342136,0.1967359139438039,1,0,0.4114453797335971,False
71.80526622890227,21,0.29872498505705875,0.47581059281081184,1,0,0.49425905814294496,False
13.699109892446312,20,1.423680359619888,0.18993452539667663,2,0,0.42441006275918985,False
36.665047867652575,11,6.804492691710621,0.1221029511838209,2,0,0.40759774958926204,False
69.10453415719252,13,2.8931738775230453,0.5344582749095131,1,0,0.47134648376487176,False
71.95968136134259,9,1.64432274142179,0.06891875747212774,2,0,0.4364332806691832,False
41.18493782347383,14,0.07238958089805557,0.3455352899368045,2,0,0.4186389655060468,False
36.432372919569865,20,0.5118823502222679,0.22492004961243062,2,0,0.4197163605102069,False
72.59876888121492,17,11.589628268692042,0.3617707087752222,2,0,0.48054359606216823,False
25.918754629986207,21,0.6252610861792517,0.12089962078319963,1,0,0.4158795740730181,False
32.11366796808726,13,2.9599320178217465,0.09684476663082044,1,0,0.3901538216878978,False
16.265295704038987,11,0.6188503077558244,0.494045610480378,2,0,0.4537264671290685,False
51.949428549955236,10,0.18205140322871463,0.1370547943117084,2,0,0.41424983864524356,False
17.837067912011076,12,0.38052020901645656,0.40308458265565444,2,0,0.43128953882461973,False
1197.3637691069262,0,146.64179135075443,0.9521058035222428,7,1,0.7543055626553468,True
59.228255813335096,19,4.903507408643292,0.21176094093422682,2,0,0.428848508560476,False
75.68967381039184,11,7.166725697572154,0.2676867204133045,2,0,0.43834093175012234,False
40.14547725294443,14,2.8916375783148176,0.3758583522289735,0,0,0.4217229050929884,False
14.75996533706533,17,1.8983395251611537,0.06613756537735191,0,0,0.42169136376491806,False
5.752899977489087,10,1.8651548796065052,0.2264717279755408,1,0,0.4131401138712701,False
35.20385284449063,11,11.639317545107648,0.12710575366792726,2,0,0.43712444664835026,False
75.06168145686391,16,1.2151100394649446,0.14312924893785725,0,0,0.4261552086356099,False
29.882121354506104,18,0.2183133470001899,0.2575381859140828,4,0,0.4997691404884173,False
27.335801961583527,22,7.058066924397557,0.07244831891563994,0,0,0.47038415153690744,False
27.578781682377493,17,4.497330146966382,0.2888770723491589,3,0,0.4468276889912776,False
44.96536040937256,22,4.464311708523768,0.17675675561456822,0,0,0.4536139271804698,False
20.72385359290235,11,3.4308459529939497,0.40299552884778655,0,0,0.4296079227146032,False
59.183052884699826,17,3.4310617022625913,0.03726021158593652,1,0,0.42348608169243684,False
28.338791237775116,14,35.83584863313763,0.2783960424665844,1,0,0.5128947060844742,False
10.83620571075228,19,3.012523520409275,0.09194075008649841,1,0,0.41548139709129406,False
30.41014394215164,15,13.296902275531693,0.5718883885458199,3,0,0.551272274238261,False
19.115622135970053,9,4.109432286150381,0.028021357683652794,1,0,0.42884449199712066,False
47.49645622407879,18,3.885809960079328,0.19049309679750956,0,0,0.41217463228139595,False
34.80047099813178,10,0.9561934200961272,0.048488724466702125,1,0,0.40656534245389847,False
37.231598355559804,15,0.8730262734407915,0.27718512930896055,1,0,0.39166771195213024,False
41.545225244300994,22,9.875946178744133,0.21120889054386344,3,0,0.5108027407172683,False
74.85346184103625,22,3.830220190117215,0.5770379509187216,0,0,0.5505685769166545,False
57.11324083794193,19,3.525558663833638,0.34143497440771475,2,0,0.4328152573086976,False
26.510293679985374,18,3.1702508527972673,0.29399688723685313,1,0,0.40090677259544844,False
25.91961718567938,12,13.833627186251961,0.07008402241246618,1,0,0.4578553350400782,False
22.632827664780233,15,0.3694650806244005,0.4410542316848283,0,0,0.44254596004150487,False
59.17385251053057,13,4.8230577627709925,0.5501448299560389,1,0,0.47607486163743773,False
43.633428836386976,13,1.0470999798424725,0.6342442063381498,0,0,0.49965931783732653,False
30.589683331465544,7,0.7798968304647654,0.12953312814565157,0,0,0.4424435897733798,False
44.174367122618456,14,0.011031718279876103,0.33834911546349977,0,0,0.42425834363653003,False
65.3750849444265,11,0.037407839039711586,0.08621557695110034,3,0,0.46486498130504894,False
20.514008317646702,16,11.394729349974309,0.2965126776335871,0,0,0.4534964094388555,False
38.1365761477627,13,0.07085635804227122,0.22431127812822904,2,0,0.40537400953227953,False
2531.250579080814,2,580.6128715789231,0.8133002480276732,6,1,0.734535252938102,True
19.028010531429747,20,22.093442943300516,0.1896021297032268,2,0,0.5238791400740995,False
31.005466541375085,10,2.326564127637367,0.07993721473824605,2,0,0.4019365805990611,False
45.51485805730745,19,1.3569711496879666,0.5196748839905551,1,0,0.4629242128165586,False
69.50993804465871,21,0.28026591941204837,0.2983319731535696,1,0,0.450519576334175,False
62.14710107514858,17,1.8765188164833395,0.46124580467874743,1,0,0.4434587332665209,False
44.02766793841203,17,6.280411479339596,0.3454700524360387,2,0,0.42753128203501817,False
80.06951411360221,17,16.645731955070136,0.022269758736291247,1,0,0.5236630986791393,False
24.892101104177588,18,5.322106160910737,0.6006543373448834,2,0,0.5053734110413312,False
25.81060990167862,7,4.678144345117105,0.23020865581287517,0,0,0.44805773572969976,False
13.138663587856975,12,18.42909412926993,0.30903672082324435,0,0,0.5156108313567052,False
26.097817633483483,9,10.53059498174597,0.2444155181300741,2,0,0.44123490166071844,False
19.733545172478347,13,3.692568493650145,0.2538060158371628,0,0,0.409694415993012,False
19.756745807176063,8,0.8123003393845691,0.10820515662633065,0,0,0.43282961580020557,False
52.463640932111595,13,2.674818208154124,0.40359805737143456,5,0,0.5480375843223412,False
45.97051531517642,15,4.6413825323433135,0.0165846022898821,1,0,0.4337204498207719,False
47.715528182467125,20,1.9552671228031338,0.16122531158929915,1,0,0.40331660210092,False
21.588737161373235,8,5.6931321833061945,0.030716551763331507,3,0,0.4855664359555024,False
60.80241391248029,16,9.594693454833063,0.18275006174559588,1,0,0.4260873822120058,False
35.182967056153196,7,0.011116299567847326,0.41853695593340534,0,0,0.4838022676426335,False
31.208238998591018,8,5.024784782702879,0.433836137839635,0,0,0.46461117329848584,False
34.57775600008519,21,3.759743748842291,0.10881505316378705,2,0,0.424007167320701,False
40.04070481258411,11,0.1561425017775776,0.07217406346335059,1,0,0.40651228529164424,False
8.23000310994751,9,6.100569579848515,0.21434414511355668,2,0,0.4354478845732839,False
45.140441104433854,17,1.0235632494867881,0.29200708168514283,0,0,0.4130831570983292,False
118.81269568058593,8,13.26063914477096,0.33217617177353537,0,0,0.5418341032568428,False
21.423427529208425,10,3.3982676443502795,0.230827490194898,1,0,0.39426913012603104,False
62.69683197454676,12,2.4642479767067043,0.19648656667780257,2,0,0.4078875155648718,False
49.190008743222684,12,0.34425498918049685,0.26722916639832583,2,0,0.4124904479856057,False
21.40403285849274,13,1.283162605659486,0.18320670502353426,0,0,0.39833298109501786,False
17.025602065747613,8,4.251727215062778,0.23092993582110205,1,0,0.42118428516175127,False
24.474343264700746,7,4.2836590112490995,0.1503049677251013,1,0,0.42719117627747677,False
67.63891087460826,21,0.8324372770848162,0.16332717383275683,1,0,0.43207705747526964,False
32.295298529586105,12,2.085023768150177,0.27101341697140574,1,0,0.39166349616920787,False
2987.169591321767,4,740.2974621760288,0.44552838354029395,6,1,0.747928718197196,True
35.002252723707656,21,0.20233972373623094,0.5932279790349865,1,0,0.5080333938280298,False
22.964296422610794,22,9.19167224762935,0.4380236838737289,0,0,0.5077628665060624,False
26.550554323038288,11,2.0361354008870336,0.24238062520355685,1,0,0.38897427437979054,False
15.060860654018391,9,7.598412062436721,0.035445523760882544,1,0,0.44563582558301706,False
30.0989135726629,14,8.5879439433263,0.08987278270853764,1,0,0.4125363319738528,False
12.529386476766595,10,2.614177839376522,0.19168315122785512,0,0,0.4131823371934214,False
67.11765562174428,16,7.276036961098847,0.2016039620189765,4,0,0.5177758363339485,False
28.28003122955949,9,3.9097638779665402,0.4199576170367992,1,0,0.4251334492640564,False
23.198042244016346,15,18.97180812522764,0.15161501335358837,1,0,0.4757084529957966,False
2041.5490240955407,4,144.8264338400741,0.5235305026727574,7,1,0.7231942128448651,True
19.77511882074509,17,0.23732952400097018,0.11098995678339232,0,0,0.421255889566995,False
30.68113635025181,22,5.233342107261628,0.2513114116967829,2,0,0.45008996719636873,False
42.647561513662254,7,2.5139725934940502,0.30782190052414066,4,0,0.518428636433363,False
45.9487802202206,18,5.446994014979593,0.13892892681009836,0,0,0.41970630109891577,False
17.546918506375615,7,2.251526458039745,0.18881338477622314,0,0,0.44387696401232846,False
25.87930621481905,22,2.8864319558277893,0.13987754442368674,2,0,0.44073125947619884,False
105.66525136664038,18,2.677336230823387,0.35438608898412005,0,0,0.4859332802531882,False
62.25537840010546,21,17.261207041883438,0.27363046413792863,0,0,0.5370212953052542,False
33.17727422065185,13,1.3936204993192303,0.3316919832283993,0,0,0.4060985246944181,False
1328.8487181010555,4,444.76585410679235,0.6522115567872407,10,1,0.7482348824412904,True
20.488689087394466,12,9.764332795874358,0.01951278805432364,2,0,0.4572466957201769,False
20.96139560360447,15,7.190268535310847,0.0984603136791451,2,0,0.4122419921047216,False
20.410320043429156,19,0.10898728876377906,0.19205689339811127,0,0,0.42390944660837804,False
15.304761650240543,22,1.1050771367271917,0.18532565423877226,3,0,0.4852086273194218,False
37.26541400379889,19,10.82838188390719,0.3345880593475378,3,0,0.49885711221957557,False
39.875896720697305,22,3.836434437891825,0.3150764849988599,0,0,0.45622193762148033,False
8.196769570502177,12,2.0937028902175743,0.17588356142239975,0,0,0.424552384011291,False
34.874374403683504,11,7.118077377382495,0.3923208694397189,0,0,0.4369871088389278,False
34.48530497169582,16,4.514003360650535,0.33732028915349865,1,0,0.40206610124739567,False
39.23433238967395,17,1.728055983679203,0.36814680517456694,1,0,0.40671125359290927,False
33.73548891613454,20,4.4652596466091,0.1676723126684652,3,0,0.45870377022594727,False
6.361055916775214,8,2.1862140164338,0.09266211675889911,0,0,0.45389543763395307,False
39.969166064502744,15,1.9990762287440311,0.4118341322294943,0,0,0.4254547907329381,False
17.736920454506233,12,4.7015087831040905,0.12772912111039705,0,0,0.4129710531626699,False
33.773256305242136,18,2.328119818199462,0.024198657666788078,2,0,0.4288252431410891,False
8.28078638582126,21,0.09342475492924773,0.31409706016297384,0,0,0.4762700658475904,False
40.13584030421764,21,6.689052877952191,0.4740510379241292,0,0,0.49025000856946566,False
57.95015855193332,19,1.404435345878043,0.5099983003725779,2,0,0.48127905325525866,False
48.39641378080543,8,6.142654298990209,0.14488413749670867,1,0,0.42589290238606353,False
32.84540723383164,18,8.440304664974759,0.3903486486356842,1,0,0.43915689697209165,False
49.721668361353565,14,0.06873963773511393,0.2360060503918567,3,0,0.44373070248845625,False
41.92732935404916,7,2.6661131898886277,0.263732483121419,1,0,0.43212955002578357,False
48.764862052059165,12,5.790510924113686,0.37649854241668573,0,0,0.4347432642999484,False
36.015686772338306,15,3.0155022797358493,0.1386809646175268,2,0,0.3923922590344552,False
59.72494210650618,19,0.641209538174781,0.15358837866477265,1,0,0.4123471130576856,False
46.07452096094494,17,6.760234074797717,0.10615846794961979,0,0,0.4208200507190227,False
16.58752149037441,10,2.1528032763419005,0.01547290348623671,1,0,0.43235989511659223,False
53.67397995671248,21,1.2058600091114324,0.10609538092969177,2,0,0.43638718192823833,False
52.95991440613532,11,9.482550543385795,0.2792104413452887,5,0,0.5554212222765489,False
51.92806171458002,15,1.0673908766155127,0.023513961696408,1,0,0.42067123368282755,False
27.981958395791125,7,1.2490010582650926,0.06403975021907544,2,0,0.44449473703264725,False
109.78330921001461,13,9.379967418254783,0.33573582305223126,0,0,0.5026502401238722,False
20.807093518093914,16,1.05443165068045,0.1987476911332802,0,0,0.40138097187307226,False
49.44785629332391,17,2.969747294897085,0.21915646373921788,2,0,0.40471160518627436,False
66.23355592899559,15,4.360544496645782,0.320616542681601,2,0,0.42556533058526164,False
60.44021503249838,19,1.791174756196294,0.16298004225252744,1,0,0.40624955771345744,False
42.80598113411184,14,1.7101570897415639,0.00571874934327341,3,0,0.4730073512506941,False
10.616494541768393,10,1.712645575494833,0.6595604196167472,1,0,0.5030609098671921,False
15.375479794221025,7,2.8269281447571935,0.2125340590562999,3,0,0.47184732997603557,False
26.056588014289215,11,4.123917200120192,0.21334137467346176,1,0,0.3917708003446193,False
2584.3064606513544,5,649.4403649993131,0.6322128435389904,6,1,0.7428854152311144,True
41.71501460730063,19,2.1133532300403006,0.05707872873621424,1,0,0.4064835937940633,False
65.63781437829292,16,6.68688273878514,0.003894115756635914,4,0,0.5390283359469521,False
72.2069988854056,14,8.213472384454821,0.022647780533915248,2,0,0.46630066199291326,False
69.14214969060765,16,3.2140722557062795,0.1361695484105597,2,0,0.4173214081561897,False
43.27795231371437,21,1.6040744269016487,0.5177836597824789,3,0,0.5222770532024248,False
27.020076248591597,18,0.9759101373824418,0.08208885037544199,2,0,0.41289219537974137,False
27.127133940835655,12,1.2635477115027893,0.04164685461922979,2,0,0.41080860739932984,False
3846.1588901545824,2,689.3485357567757,0.5211687977892367,1,1,0.754843336662445,True
33.37950215594388,7,3.0570516003382378,0.15877415364307096,1,0,0.4221647264790946,False
12.535403336645626,12,3.4609871547339544,0.166284094470502,1,0,0.3995324170617517,False
21.960961184998165,8,4.183082041765162,0.20465762175505198,0,0,0.4297447628023111,False
32.1065255075085,10,5.749888729366254,0.14132874365274342,1,0,0.398711060103625,False
55.87881342553312,10,1.1677154353066563,0.6470797989498279,0,0,0.5137290935085488,False
30.892637719712443,8,3.3492405493726185,0.3803114716626033,0,0,0.4454827890957111,False
60.95806866931589,7,2.6370687412888545,0.13548208188271207,0,0,0.4556963093358126,False
11.911927685205459,17,4.6988671565113895,0.47542223386141197,2,0,0.46287459158616107,False
18.673864196812403,19,0.5111221776548271,0.2619467041726005,0,0,0.42628191427509654,False
17.901642767091076,20,0.8654490167607531,0.10281389996133843,1,0,0.41102838940351544,False
46.204971899370214,8,0.2973389140126831,0.3093285438849478,1,0,0.43175950601321494,False
25.669984065296283,15,0.9477002099570513,0.3552521090413382,2,0,0.4106238235472656,False
1596.9205768816382,4,320.70729874764663,0.9230842692079084,2,1,0.7325740986078665,True
32.04615918264334,12,0.48927744037723786,0.5460494913419194,0,0,0.47082239154178185,False
78.25155519847861,20,1.4781718889415232,0.14096865707570386,0,0,0.44843705598550865,False
39.09880240908128,12,5.364727408684683,0.1556328290771221,0,0,0.40823997750590385,False
45.31808845583973,20,6.05380488011418,0.2628030881931987,2,0,0.43497672239398677,False
22.69059437357929,13,1.6756783932721655,0.31547602736798025,0,0,0.4072289967109854,False
28.41455446305694,20,1.1174892116620414,0.22465410089440266,0,0,0.4177726286422735,False
36.48549525347762,18,1.3349413669425299,0.22807978297282688,0,0,0.40756704000951016,False
23.555673727303997,14,6.716183110876004,0.3361787224862679,2,0,0.4208616029599357,False
25.73096148744974,20,4.887466795412598,0.14927515335213318,2,0,0.4223816110424827,False
28.233147328818045,14,0.913873383776886,0.1653640216002717,0,0,0.3976259333900216,False
55.31320091394367,17,4.936476673636141,0.06990042853731022,0,0,0.4280254272482694,False
41.976245950902246,10,4.145216678604822,0.1768618558927559,0,0,0.4033354805350706,False
18.204192113008666,7,2.399147989831866,0.35622966898663766,2,0,0.4532658018068171,False
38.94137307097145,15,2.4169179044087095,0.14285939090217936,4,0,0.4780741654689424,False
45.15921169460784,8,4.0899553998039275,0.049508029649995774,0,0,0.44816342841121126,False
31.872623409777113,9,13.48758506119025,0.4818760401885849,2,0,0.5018563256997176,False
42.10581880300595,13,0.21779199302912491,0.09639132130117664,1,0,0.4012212377878452,False
23.066200914456722,11,3.0894292350798325,0.1182788883257367,1,0,0.3928006757245501,False
22.244521411980124,22,0.4319033618514255,0.28161458089780056,0,0,0.4594135184564114,False
62.77696070912122,13,7.417890704797879,0.12305499615609798,2,0,0.43221788615790313,False
42.420832196132146,16,1.151557624162183,0.07364557787142642,2,0,0.4076576441433885,False
20.782584557677797,20,0.633317186919353,0.16155565388021081,0,0,0.41970348542900976,False
45.37936945072667,20,1.7652161264860446,0.13613343835123837,1,0,0.40411283765967904,False
58.62916047763552,14,20.058412055652806,0.11065730947397896,2,0,0.5021391078033077,False
70.05317968812683,18,1.277174229584951,0.050779274807438914,1,0,0.42824919840582726,False
9.750932245472228,15,0.4023292198585589,0.2899360391684398,1,0,0.41579322678482133,False
54.921483140877704,17,6.3501354629883755,0.29729591481148987,4,0,0.5117405424056399,False
17.451816463720974,11,3.4209525998265193,0.2799075559997072,1,0,0.40241648801149715,False
28.587329903070863,8,2.1641259815068326,0.22439705942981505,2,0,0.41919477408636624,False
61.24933644868152,19,1.20188491277467,0.15110832469030275,2,0,0.4240690400444788,False
34.52310054835605,21,3.1414648154535656,0.14389982672701757,1,0,0.4091633432472,False
57.60352902802546,8,0.25241218005945254,0.027543224168692895,0,0,0.47677655923333584,False
15.862197445185217,20,4.235435399632374,0.21942030585922115,2,0,0.42800006781863115,False
41.25613216138878,7,5.6084556282453715,0.11463066710342229,0,0,0.45425752970797373,False
45.73302405508758,9,5.47080772421861,0.08785899091155837,2,0,0.424639525446233,False
41.71958069653817,22,2.9752697657742404,0.09284674160887234,0,0,0.4473690567995092,False
43.323197476262294,18,3.767605465458999,0.3456031444510075,3,0,0.45765541183044367,False
21.28997128346296,9,11.70039365035285,0.013960565235844075,3,0,0.5167153022980939,False
28.023620362298505,12,1.0465311455956112,0.1865598290093566,0,0,0.3978146430431893,False
48.13331898770405,18,0.5261087586489704,0.19293084498196172,1,0,0.4030260570697724,False
52.30609295733326,22,2.2764820381614594,0.21630047488811718,1,0,0.4344268515897831,False
20.03582572870211,9,8.219121525670392,0.04219716001013087,0,0,0.4590379604983262,False
27.265144677310904,12,6.906743759513469,0.2692885664873703,1,0,0.4042043617184217,False
16.831096976336877,21,1.0024604531582995,0.05298044626935673,2,0,0.446797599482731,False
65.99810995524867,22,4.267207251557617,0.2731004217034005,2,0,0.46905416382220494,False
26.51677719068784,12,1.9573296198135821,0.02334549202320482,1,0,0.41671776831432444,False
80.17139940337373,16,2.687644901780408,0.1150652192706821,0,0,0.43456874975737175,False
43.84636721866371,10,5.767993247604507,0.4155873888015005,0,0,0.4440998280419146,False
34.15875741628137,13,0.29917509851261315,0.41889568156688234,1,0,0.4203695119338115,False
22.98992697519812,16,2.5712687275304185,0.10145127317613871,2,0,0.3995515618971732,False
39.43773585184148,14,1.9587425263925926,0.09199358991317592,0,0,0.40093553433439116,False
34.43129373775391,20,3.5877315374842254,0.2787574170809774,0,0,0.4223830097375603,False
40.33409743301894,7,7.033445894884047,0.3666044500363818,2,0,0.4658919668866408,False
15.88185294823676,15,4.433340380173518,0.51832402827077,1,0,0.4548932587385482,False
42.293652757155535,21,0.4713283026940662,0.04970750313862586,0,0,0.45262691382196507,False
9.481653368376932,8,1.145779729751987,0.041675435507987406,1,0,0.4484954857678931,False
48.49719702428165,8,0.7700417223112218,0.10138942021214371,0,0,0.43698331459510376,False
28.48388381565229,15,1.1950110307945774,0.0592625749093132,1,0,0.3959698651598087,False
9.130555920255,8,8.55823827143413,0.43093397973748476,3,0,0.5155619166328933,False
61.742589325942625,14,3.2760361415375185,0.18496358807901334,0,0,0.41345085782625346,False
18.502581968470725,14,11.04560006978775,0.05367290145718044,1,0,0.4437663129641432,False
36.956769515774475,10,2.7539753999640384,0.03644507152882547,0,0,0.42377847679256536,False
36.41101908485728,13,2.3905537591467865,0.2710766109892588,1,0,0.3921407819744782,False
25.592936935563596,14,0.004685409080517384,0.20277054426743515,2,0,0.4066292421168965,False
76.74813727865084,19,1.7296957606400694,0.06571460372340787,2,0,0.45193253505601066,False
98.76855753076772,15,8.684151742441832,0.1719181501182697,0,0,0.4729698420684952,False
52.0556345560611,7,0.06895255640677282,0.361380520832703,2,0,0.4708996508370758,False
17.254263705098754,18,0.6974403875347427,0.016187618618825117,2,0,0.4511920979604272,False
22.603445944853714,20,7.004325462421891,0.30713553606550864,1,0,0.432362340925716,False
49.111396510878926,11,9.889437987001541,0.3195511229398756,1,0,0.43035492353322063,False
20.35785095320871,18,2.88306668758517,0.32774030653421227,1,0,0.40831604334333593,False
22.798062010839995,18,10.61270219353399,0.07899351841934545,2,0,0.4458775746956157,False
43.32063230005305,10,3.609640841652125,0.11575016451636325,1,0,0.3961125087656643,False
29.054765748210936,10,1.3931944361998982,0.19636345559860188,1,0,0.39007765521885274,False
37.68660708416985,12,1.8883314613207496,0.23926192759813755,0,0,0.39866630818534704,False
39.55374396280799,7,6.7496548225646995,0.3771646190045959,2,0,0.4659311898257362,False
71.85264560777048,15,1.9433781989317138,0.10802373506440936,0,0,0.4197349513017554,False
23.70527705176926,14,2.4305605704188693,0.24904426027221405,0,0,0.40312049173527514,False
20.544488285119197,19,0.7349912194941662,0.17529515800737144,2,0,0.4111124940868613,False
16.790414128180025,21,2.5092155375396756,0.028684659443289417,2,0,0.45236719151466737,False
19.175915098736507,14,9.104918732738279,0.3201354810784023,3,0,0.4706704084815331,False
32.03176206662525,7,7.834083558904041,0.29722508822124527,3,0,0.48838607828127006,False
57.88758474756161,9,0.30370005048150095,0.15163205347679812,2,0,0.42571336386873887,False
20.47139806411198,9,2.0671317183466154,0.3494169733771578,0,0,0.42488732369165266,False
22.724727647275667,14,0.21616983726852168,0.46396316047405506,2,0,0.44863016606687306,False
31.44813273561523,9,0.015435002531179087,0.29616962441931177,0,0,0.4275981417170984,False
22.261181803921126,15,2.7157324428477123,0.045106325378036924,2,0,0.40895455658948987,False
6.2538885079789654,13,5.346623197144149,0.20636808399248843,0,0,0.4360728497664002,False
26.989881927188296,20,9.784995094297937,0.08106893796219689,1,0,0.4333541307834045,False
59.88601988786459,14,3.4841078370819774,0.366332443364703,1,0,0.4177815251078464,False
42.183356415764855,20,0.33226495412240514,0.06357967831751192,0,0,0.43760771793380526,False
51.07632207694703,8,8.837524811871907,0.03493467522249292,0,0,0.4772287041797184,False
33.355807941253225,21,0.35325055645488446,0.20888880271724247,2,0,0.42597401325755035,False
24.26492991606116,22,2.56673163902342,0.7009709044847517,1,0,0.5411777586818473,False
41.259058469913526,15,6.643090040787245,0.13788446453643174,1,0,0.3988623549743705,False
22.208461686985256,22,3.1340780215859354,0.1393357081915846,0,0,0.4447613686545126,False
68.04598692797981,17,1.6042496437119476,0.2988598461891937,2,0,0.4244753482911148,False
16.489969588970844,14,2.8735811568649177,0.03273063778981359,2,0,0.42425519751336305,False
17.361461262705443,18,1.677932297217485,0.05050983406649481,0,0,0.43310195345732916,False
33.334394624543364,15,6.464052730255027,0.05460446778394354,1,0,0.41014387019603865,False
37.774319778837516,21,4.107413063465984,0.006486864284278045,1,0,0.4555452508702797,False
54.76731214310303,12,0.19008734240011851,0.2729559472665941,1,0,0.412736834463827,False
29.5761863887475,22,6.5779316796734175,0.33190018989786585,2,0,0.46543462934401275,False
40.82381191063444,13,6.531377374685276,0.13582358649733617,3,0,0.44305785871632136,False
47.87838135038967,19,4.289471018423421,0.033828733972584825,1,0,0.4282092281053445,False
53.66398901552252,8,1.8942569003105332,0.03755099558286823,0,0,0.45635788780011416,False
28.134465915617827,14,0.45039575559031847,0.15813300090924662,3,0,0.43241954375078695,False
53.2769855439804,8,9.229526519692698,0.18663101395109064,1,0,0.4362795860302244,False
32.65701781920366,7,4.249904294914293,0.21541021342909356,1,0,0.4269712215612339,False
41.02892089682652,7,3.6731461736996796,0.33681512907250327,3,0,0.4755774810796258,False
31.81150752752681,14,6.070595643478235,0.09015030937967355,0,0,0.4155233464133713,False
12.243542567409301,11,3.4795523891055073,0.10382647460956171,1,0,0.4059075998805191,False
54.011103365258826,10,0.4946552684219641,0.16915847630465786,0,0,0.4145928178386521,False
33.30579386374317,18,0.4211817693665755,0.23073687994227374,2,0,0.4102876979152253,False
17.003876421736962,17,4.835654593981416,0.5727893978461818,1,0,0.4826104741679565,False
41.93102985411022,14,2.158196782371084,0.0938559953419383,2,0,0.3977655734923318,False
94.28863999188337,11,1.0840755355916525,0.15483439343739225,1,0,0.4327592834190088,False
16.832836647099196,19,12.967080545416666,0.045940087415674756,2,0,0.4892947468528809,False
24.736589940241426,13,1.4531776863918906,0.3601825180399764,0,0,0.41324739963986246,False
55.581616651895764,20,8.228754176861852,0.1881695336328089,3,0,0.48796670407594495,False
55.38596443654441,11,0.9842537810588966,0.22546282999286008,2,0,0.40432678136135536,False
20.505980043904987,14,2.8060430749335317,0.03304745745120734,1,0,0.4109428800632084,False
25.520441029428213,19,1.7782718494085712,0.15728985660533754,1,0,0.3937154971148206,False
14.57393462588699,8,1.238102225222966,0.10471269435652955,1,0,0.42464292035287,False
46.43195205471661,12,0.21103560324061213,0.21203658714952478,0,0,0.41261878613217934,False
42.02206269823425,19,0.7971839744628672,0.15986571839030592,0,0,0.41023457285810705,False
33.89772571696854,8,2.566834600029611,0.4499629806232321,1,0,0.4509224083988011,False
24.972529667351488,15,22.574248084151854,0.1971167735994706,2,0,0.4990341875512286,False
17.180203522596102,15,0.5530232865202874,0.13581532445208097,2,0,0.4042837442809813,False
16.212684133807787,9,4.50340182956487,0.05037936097720083,2,0,0.4270521527773616,False
35.45554787078453,15,11.72946566976447,0.19417739157843267,2,0,0.43480830908590207,False
24.629851817448383,15,3.2835105295223914,0.28240226542425784,1,0,0.39524315147539213,False
18.795695581062617,9,5.614368831114808,0.2004743958047523,1,0,0.4088157984149238,False
16.879387631368424,11,2.983077257032122,0.10395902344681869,0,0,0.4109066897199144,False
40.39169089902373,21,3.4972045278276513,0.1969065810974385,1,0,0.4127754167079459,False
1205.859567671956,5,180.50783727123252,0.5365716496921085,6,1,0.706121025869385,True
9.235901944829527,20,4.830388459241401,0.11644091224521692,0,0,0.4468512422233418,False
10.77543633571001,20,25.32797023934438,0.05830487741929737,2,0,0.5511852683512823,False
29.125908766534014,12,2.304386716447124,0.10575153067460265,1,0,0.38927945144858933,False
15.365049626472484,17,3.7841035386252275,0.09341238119089584,2,0,0.4092789686848026,False
42.15968581528063,15,0.5497915207156928,0.2453532072078132,1,0,0.39526130757315464,False
24.955272325629966,13,4.043109604623713,0.1600333935197004,0,0,0.4045969816142299,False
14.766531034127636,11,1.236432644742998,0.16122641054317546,1,0,0.3944367766495282,False
14.449951971391403,19,8.667905975175115,0.2054908832716741,2,0,0.44032862431122505,False
38.723731551713605,22,0.10735519583512254,0.06441449989817721,2,0,0.46409599414124825,False
36.49413710298585,18,4.8465458520195766,0.06529726524051856,3,0,0.460053900979973,False
19.123638818911136,14,4.518436778823308,0.08381910459055482,1,0,0.3987939251550659,False
8.427981431745023,10,3.582983668408445,0.5307538448527842,1,0,0.46851150608012077,False
43.426122482902194,16,0.7477507150386563,0.07367135762840159,1,0,0.3995610645625933,False
108.12820118686452,9,0.5418212954411724,0.28420492921246693,1,0,0.4662677013349035,False
35.978555399244335,19,1.5492501933012601,0.1635652268025957,1,0,0.39400793047249166,False
24.787163162950776,17,8.02892235096398,0.05641960477340928,2,0,0.4311638474735102,False
10.769377591378321,21,8.229508174882637,0.47969414532981147,2,0,0.5098956490029687,False
40.21464920573942,12,2.50935740807032,0.0903537984136077,1,0,0.3927516935020479,False
12.894177419045489,15,0.35057318149637284,0.05065820533278367,0,0,0.43503171728568213,False
54.39671030902104,12,9.55290395516524,0.18499959855081263,0,0,0.43684832907919513,False
30.00036005650488,20,11.02183457753409,0.3047152144931457,1,0,0.45552734245650794,False
65.13179659851879,13,0.5495872633375558,0.2560003818939172,3,0,0.44967652318738643,False
14.31251320767028,8,0.11539094353986308,0.3109330575975716,2,0,0.4518969885106809,False
22.153664918373117,19,1.0842291328550497,0.5800750516975619,0,0,0.4992195611881415,False
39.750405305699445,17,2.1126760142281826,0.07643886726780015,0,0,0.40603897505034336,False
30.43293676576533,13,1.0930800452847085,0.01971068363899062,0,0,0.4332699167620269,False
31.915461926027167,7,3.898195397308399,0.12400291944673468,1,0,0.4256704326680648,False
20.557797861051025,10,2.17466672641151,0.05133552420989354,1,0,0.40634513903522484,False
21.66377004434357,16,1.586098647968967,0.4658732861461066,2,0,0.4401001599187967,False
28.403169958504478,21,2.378984706107343,0.19520093934535807,2,0,0.41973321833134414,False
13.071649100932726,19,0.37896453683250086,0.17526964214754556,0,0,0.4285135208605674,False
47.60200820510627,22,6.211095017115694,0.3484414908694118,0,0,0.47986405299702967,False
44.30874093268813,8,7.064466678931125,0.19647091622998028,0,0,0.4418295121550019,False
32.76832357565219,16,3.1230692640484503,0.04551387849756744,2,0,0.40907713656561834,False
25.824306491663062,9,3.218183904855985,0.22145067271402724,0,0,0.41129620589839183,False
43.80715951637035,8,3.9387848313612577,0.09349118962803912,2,0,0.42655192892716065,False
58.08109654287689,15,1.0118868676517145,0.015298357103912568,1,0,0.43596888191307975,False
126.52701573372102,22,3.341642948521078,0.1732494390434427,2,0,0.5152034424987852,False
12.817718730729114,20,15.787363687750569,0.21871058755929218,1,0,0.4872534770602207,False
12.482770167056895,15,10.792668260395967,0.2750517853841757,0,0,0.4617241650686108,False
3380.072862923242,2,487.65739888132435,0.7353357351006223,4,1,0.7303809995188553,True
31.142142805522013,17,10.187059606388269,0.26380109818223596,1,0,0.42579759373385395,False
41.864366168570115,20,2.0458528229754345,0.20161983435596395,1,0,0.4026942076288612,False
25.610522615559226,22,0.0029561596063618282,0.06831011679115054,3,0,0.5013255444592323,False
2704.949100571642,4,510.5443508380308,0.8221249273832993,4,1,0.7291229064646129,True
22.27262937916905,21,0.014413889993895162,0.13982899723588385,1,0,0.4265136499918036,False
36.68268743016396,16,10.958125598712195,0.20083340151349385,1,0,0.4249586037082602,False
21.78163370622854,15,3.1153606157870337,0.14247419569360031,1,0,0.3870104431404976,False
10.225096461396562,12,0.8011267397692892,0.14219419362708657,0,0,0.4212286982989289,False
58.03610150274475,10,0.7722376463291746,0.18124962087968355,0,0,0.4149308622602464,False
58.216782887358654,21,1.3164846146887836,0.03055623606397235,2,0,0.4638969201715628,False
28.67820401518594,10,0.07363680348588773,0.14363004471350316,0,0,0.40931443957551017,False
19.443672681904797,17,2.520993761482022,0.03353305545654578,1,0,0.41485121778025635,False
106.11465532010006,15,18.845337300895345,0.07763755453815177,1,0,0.5261876216276581,False
3412.708820026508,1,459.1894055961982,0.6472917100656963,6,1,0.7405232464122672,True
20.56351164763892,21,1.5059656082420063,0.20574361761784613,1,0,0.4124901879115215,False
38.950485294680874,18,9.28937392985481,0.04806998481699302,1,0,0.4339970686570136,False
79.60520662144711,11,23.42728541455601,0.04319626226321068,1,0,0.5407897790771218,False
10.484631066466385,16,0.7579632473576429,0.1417146147039577,2,0,0.4095502477984311,False
65.68617392889924,16,2.5475885181134252,0.7292931569507368,1,0,0.5356972888961267,False
44.973940830149786,9,0.26868380367281997,0.23500512056526826,0,0,0.42557441306781324,False
16.60130479677157,7,0.1546924851661407,0.3453933828319813,0,0,0.4744315863156809,False
50.93933247126691,8,4.114602316803474,0.12458517619531911,3,0,0.4645330985045513,False
84.94458400543317,13,1.849121900380815,0.4166216514180276,1,0,0.45112300287117774,False
4210.6117590790855,4,255.7792192541247,0.44387670131253903,4,1,0.7286017115097794,True
56.032179658237446,12,1.3099599567263307,0.3342287455261305,0,0,0.42082128959515935,False
39.700148613184,18,1.2734214772555417,0.08385332910944855,1,0,0.3984596149641109,False
14.730799840823671,18,6.33128756240339,0.2618479816157022,1,0,0.4185342694466947,False
47.168586540297,10,1.451122699905952,0.3579873176436548,0,0,0.4174067107073423,False
47.92998201477164,15,1.2821275040891091,0.14065779985818117,0,0,0.39995266750220815,False
30.090545383329008,18,0.12775279223585057,0.11946347354937845,1,0,0.4060339280646755,False
44.039054407684176,12,3.8486321348538373,0.037784568319620196,3,0,0.45535171207235603,False
33.494951031144126,7,2.749483981340115,0.1538703053220812,0,0,0.437989594130279,False
73.22248887955875,21,2.9160114916363886,0.0430342553031243,3,0,0.5083066509227498,False
34.19483972910903,18,4.02283272822688,0.3769845969717009,2,0,0.42392978972096035,False
33.09321137049468,21,2.925450007494289,0.09763217127910594,1,0,0.411487391320076,False
39.029018711979155,14,1.8796272413743549,0.1810270608098015,3,0,0.42609248643145825,False
28.147066002959026,13,1.1326262344171234,0.43577626443962747,3,0,0.4618628459354187,False
29.761793290078096,11,0.9091491005952759,0.19075249430213967,2,0,0.3968437543585352,False
12.267368801101314,16,5.6813883982792905,0.16606741042051587,1,0,0.4047280078997435,False
55.68635370043086,22,1.7431765837511828,0.20462489535283318,0,0,0.4526146005763187,False
8.871906862575418,16,2.2898457269659773,0.5578223631425226,1,0,0.47353590913949745,False
79.67706157174861,7,2.067554114210085,0.04136659300019391,4,0,0.5453525047848194,False
10.622479785661369,12,1.5282285664542823,0.4733287916709334,1,0,0.4455525787342092,False
21.340971531699502,16,2.8803987969271985,0.18970321240131063,0,0,0.4009712084649186,False
38.08143191714134,14,6.066709274746544,0.4042287004147718,2,0,0.4295034103076822,False
16.415631128816006,9,4.03653639986048,0.16124112283778447,2,0,0.41350785350680497,False
30.859155676084388,10,4.2417194430788285,0.15441030909259587,2,0,0.39910461236530775,False
29.30420096308909,22,2.1234038723689745,0.12734935697519653,0,0,0.43945532077010285,False
41.45596879210093,8,3.6397703529129903,0.1467649188165546,0,0,0.42551127240008396,False
110.67031730945207,14,0.36480055110404036,0.0656516016108465,0,0,0.4871790864734014,False
27.586135659971447,20,1.8351242481776553,0.20713492034977207,1,0,0.4003797962885932,False
51.61516398783579,13,4.39218029304046,0.08635646494672132,0,0,0.4165923858661852,False
60.333924937657606,21,9.907067414819856,0.12238979026496567,1,0,0.46086393906113315,False
51.918449528304635,21,3.0895573450340734,0.13173280357041983,2,0,0.4356839468535466,False
9.602822195007544,13,6.906330862218361,0.14526116528289776,2,0,0.42284071503450316,False
100.01202163782766,14,0.018982936281728563,0.3709439544529995,3,0,0.5096979983954916,False
89.02055490848878,22,10.780196370884939,0.4196750399431381,0,0,0.5537762364716534,False
50.450779057645576,7,0.1467129523224348,0.6371601755206885,1,0,0.538450658533945,False
28.721448224175884,14,2.9037797426081577,0.21479291469646805,0,0,0.3996206655887191,False
147.87335580745838,19,1.278206903915157,0.07750551971129004,1,0,0.5129140272364405,False
56.128223848338685,15,2.3223634007557004,0.1256277647142857,0,0,0.40930296520288173,False
65.44203827162181,12,2.71090914988267,0.11677584849497502,0,0,0.4188405594909549,False
34.384950457104026,22,5.681241702515958,0.46475166766845466,1,0,0.47822458085333064,False
46.861525187055,16,20.162948372011172,0.11755920039682338,0,0,0.5052432067523878,False
41.8779232205187,15,15.684261769569103,0.19301719227129027,2,0,0.4590578561694972,False
65.97298960772441,8,6.122803871675134,0.2009725641469278,1,0,0.43721943164159716,False
55.95605258396252,12,3.2215236658201287,0.41032590498108207,0,0,0.44147113742262345,False
28.68085155074512,7,0.9000682075718894,0.4713179398117297,0,0,0.4880852176177281,False
12.032355820590954,7,1.8723635583305565,0.5425896068839909,0,0,0.5162762957019682,False
18.992695068438508,14,6.023757822295774,0.25053273807906906,1,0,0.4042706129606373,False
28.701178636948335,18,0.8252219416928683,0.2529942125083745,4,0,0.4924407569132908,False
70.85064972196862,18,11.838035344474811,0.04018016700340212,0,0,0.5100428003374392,False
2310.1603718213964,3,554.2794875853936,0.8490607717328944,5,1,0.7351638006688911,True
29.459371250580375,14,0.013126197858527734,0.13611124951472567,0,0,0.41074739412455796,False
23.74225938239625,13,8.777201802827141,0.26647020626034296,1,0,0.4125014557154734,False
34.15780220769638,20,1.073592453658443,0.10112069192855741,4,0,0.5038747828483001,False
46.17193304347012,18,7.054340320046563,0.04551808022095177,0,0,0.4446639207536713,False
19.72897964127269,15,4.994616701323319,0.3707890412835645,0,0,0.43148427783535637,False
3069.6742346491965,0,280.915444245608,0.48396964293353556,3,1,0.7247502682343271,True
36.3916628585774,13,2.744203058408204,0.14862230797434803,3,0,0.42574564548902033,False
51.9913770828601,16,2.6660396326335047,0.2838458848782368,2,0,0.40840213197823066,False
49.45165921360149,18,1.6183136292128282,0.22859191796170153,2,0,0.4102571129399632,False
61.94494697910399,21,1.058409824580714,0.17036820458982202,4,0,0.5259358333852238,False
30.148860030177563,7,3.5465517818437373,0.27717331532596884,0,0,0.4462927187101314,False
58.2973228778622,14,4.137012276758999,0.1878426232488535,0,0,0.4151258215370008,False
87.53530393051528,12,1.6969998796127994,0.0833685988748933,2,0,0.4349947822179394,False
47.51936865867625,7,1.3631505817287808,0.0750329548093631,2,0,0.44583323420587156,False
11.77433256074586,21,1.4153084593044991,0.15360106473738555,1,0,0.423943519785119,False
43.388323747205014,17,0.7386193132105348,0.3478531782555777,2,0,0.4169841854671651,False
39.33578526008816,22,1.2076066227666762,0.1586968407093844,1,0,0.42568384988681374,False
63.339789829362935,17,0.3535543381455489,0.29918029138292873,1,0,0.4225857692409407,False
74.6008225838166,12,2.537352948454546,0.2028482174884739,1,0,0.4099431657394588,False
35.5711713648575,9,4.241867516018405,0.48165367194189185,1,0,0.44722638871431286,False
42.146724456866096,13,1.4854467700280407,0.04844915370298726,1,0,0.4028643567596445,False
16.690456087866828,8,0.019844007608673383,0.08644275616772791,1,0,0.43375616808067136,False
51.52679267741807,16,4.167603907882136,0.08355818046455497,1,0,0.40322369370738315,False
31.962862105202824,13,14.95115845470779,0.018148781610454447,1,0,0.49042939953802217,False
14.45196774167516,13,3.8801755295621763,0.17884711070093556,3,0,0.43786759512686124,False
31.715351703865306,17,14.256957068893751,0.195916284711799,0,0,0.4716770569847075,False
65.04155368011025,21,1.2877939000558738,0.05291631080923804,1,0,0.44530645990629075,False
77.23017059699957,13,3.3393710590487085,0.24201536499793108,0,0,0.4316040725020788,False
42.61200519592863,13,1.2560824249772813,0.20429383188703046,1,0,0.3875880713665675,False
60.17900858453428,11,1.7744585041854588,0.257661209021495,2,0,0.4103070452230425,False
74.57789476866034,9,0.8929857911793135,0.28847677881353107,2,0,0.4368042536201984,False
21.775636180519093,18,7.051594860629211,0.07203401649989444,0,0,0.4367561439092634,False
119.82928379881264,20,16.188797652319934,0.020488584363335068,2,0,0.5832701955625403,False
28.746023760948958,21,3.9341024683074024,0.4354910425321863,2,0,0.4548263810780578,False
51.36183797014947,12,6.9078254010578535,0.18443249705708373,3,0,0.44736920569619926,False
24.81021158001261,7,2.287745367208409,0.48794027315175864,3,0,0.5091856227140773,False
31.34566526152703,12,20.179483905839245,0.046019323638504216,1,0,0.5040514050373035,False
74.00647878874898,19,0.12079837118245232,0.1452343599312836,2,0,0.44551433816597297,False
29.876173621155072,7,1.7799938447256123,0.02578799059538038,1,0,0.4504131283490871,False
19.932243926805977,20,14.625329502980545,0.17400329464465678,1,0,0.47379184404433816,False
31.662678315259924,8,0.24274524445496293,0.22418079406392646,0,0,0.43373576698522803,False
46.539546997559896,8,10.1094643440606,0.3303354927565099,1,0,0.4517472189056938,False
51.195877788856244,12,22.103502271314156,0.14491458000349228,1,0,0.49805565003185265,False
53.08583069828663,14,2.7963428596981164,0.06364066215821891,1,0,0.403069294302572,False
23.98437205463644,14,0.7774047359445976,0.20116848699558995,0,0,0.40202483064743133,False
12.978293701792603,15,0.3636932344798912,0.31407073478005526,0,0,0.4304628175289791,False
33.43748744453466,14,12.636666059111587,0.35029156987129817,2,0,0.45678459525962667,False
22.817029580621725,10,8.353527159744898,0.1568504452309371,2,0,0.41800535979058523,False
15.339316064543326,18,0.7068174700177873,0.04084984755943564,2,0,0.4353279185041252,False
13.585006380131913,10,5.850071344105971,0.3481827974341555,1,0,0.42406873652059546,False
20.418662944071944,15,3.3862713093050987,0.24074670426782718,1,0,0.3924127780145525,False
3316.5591253136085,4,327.5902919388375,0.20773875479532009,5,1,0.7278175974267309,True
2477.045228984171,2,570.691883155444,0.7092007825530667,4,1,0.7261107613827631,True
38.4500634535622,15,3.521135957905839,0.063464199400679,2,0,0.40445945794276944,False
102.20979137477151,8,7.549032261726802,0.3031917750888,1,0,0.47965643243985323,False
15.222814999708309,8,2.1135561398123586,0.15419898521333245,1,0,0.4163111270556754,False
3216.4461139974273,5,338.3268064854396,0.6547217915660696,2,1,0.7216794112047666,True
14.49767528595038,10,2.8763878013947233,0.3998431621976666,2,0,0.43142398729607756,False
19.85357578513813,8,3.078466013036144,0.06868189261513556,0,0,0.44035030335221736,False
36.420209064022,13,4.2869795858821025,0.3901825626095972,1,0,0.41286036632429957,False
66.3782703677901,18,0.4073860909773255,0.23603726688917903,0,0,0.4325677924779384,False
19.03478576282081,17,14.057031193621548,0.19264208219299706,0,0,0.4778548193168829,False
46.49181387987853,10,6.571429277130844,0.15088221645061864,0,0,0.41746997219210624,False
28.88961970332342,22,8.08605095364141,0.3225522655591956,0,0,0.4764866249839023,False
38.04498265215098,13,3.6536489678780275,0.29198578548369675,4,0,0.48783225008469866,False
4126.6696829863395,3,172.96123493388296,0.514769424693646,8,1,0.7513216380212626,True
30.556690629483143,16,9.702046321841193,0.28391818801224333,2,0,0.4289729193778932,False
34.736938941518936,10,0.26280482540876915,0.13518553655511412,1,0,0.3951914595117842,False
42.22080261663691,15,1.9910604985776414,0.31730239757436446,2,0,0.40476801864512924,False
21.863963567379585,20,2.152563083694308,0.11070460397254431,3,0,0.4591725057106542,False
67.6432883272271,14,4.193300713350483,0.22617949753991634,0,0,0.4233455896579498,False
41.07394029787463,8,7.2067815093374366,0.06542903962434495,0,0,0.4517348434187486,False
12.95882377721077,8,0.440378148864094,0.09922536438511,1,0,0.43280682375562224,False
83.86726203149874,14,1.8478452440569946,0.26403440322669935,0,0,0.4391462618924975,False
131.60413531567497,18,3.6646042542696957,0.3155797974061594,0,0,0.5102468098691763,False
133.83288037370355,12,11.884884365474031,0.19189611813720747,2,0,0.5085393919587328,False
24.980564309653154,22,2.265757055637368,0.03810550980507031,1,0,0.44523384347315165,False
18.02517839367236,22,11.117266581141584,0.011816713458768766,1,0,0.5106462756355421,False
16.772445393747542,19,5.057915290371752,0.12413251666221137,2,0,0.422373146001785,False
46.19529315035715,16,2.8120125231297504,0.30387235154874753,0,0,0.41177859194003297,False
80.48408976568619,16,3.310364167649104,0.14192276758866326,2,0,0.43015480467581163,False
27.456055233316185,7,2.823505761469321,0.2997296348329425,2,0,0.43863110239929604,False
40.90370652728992,17,15.829860552398497,0.26492858916923345,1,0,0.4636087800375425,False
17.7367629265658,12,0.6481464199125353,0.2823505300639242,2,0,0.4070703536275717,False
8.951134416997277,15,1.264782479151468,0.08582657951911067,5,0,0.5428138548912251,False
52.196310879593966,20,4.904432017134135,0.16630745436268501,1,0,0.4174562257042661,False
4219.511803337477,2,733.8900429122843,0.7963570879316274,8,1,0.7733145872828172,True
37.01443545359009,11,1.2777830340377556,0.20814855583565045,2,0,0.3937447807297095,False
44.82055219587264,22,12.683993256255002,0.15160758071163963,2,0,0.49723226184606273,False
14.698059647033226,14,2.5171252444301024,0.03176650333486841,1,0,0.4192215406518742,False
43.09446719972526,17,5.411246499644929,0.20398305987527987,2,0,0.4085029928166733,False
52.953290065908895,7,12.788924334115988,0.0650626507900875,1,0,0.4923675975790797,False
20.986637944074477,21,4.216718333818706,0.031220630288567447,0,0,0.4607998025974218,False
17.961836184626655,22,3.303065022630862,0.3807469137684439,1,0,0.45617035979143206,False
13.89872701309416,19,2.447947684977014,0.15776524007553502,1,0,0.4027751685564453,False
13.580878327543381,14,1.2736724914661812,0.12534601125919373,1,0,0.3961283319303947,False
43.38060292781655,19,2.4582315389408755,0.3005696223790865,1,0,0.4088978671820887,False
15.8512865850113,11,3.37780842360082,0.14234089887486814,4,0,0.48719253446836824,False
28.70570127158972,20,0.4349002137270373,0.06375145072760866,1,0,0.4191274318647117,False
81.93468535988045,16,15.106281636871419,0.16043598297642384,2,0,0.4882911589626915,False
39.51797791827256,21,0.5018419955740944,0.1910815724803242,0,0,0.4332798994305234,False
25.66519421579421,11,11.512175326702035,0.6106711448853863,1,0,0.5150279503067497,False
35.21710528741034,12,3.159113267987598,0.018310980245048326,1,0,0.4238738127005128,False
105.76595805314905,13,0.2081933044879871,0.051254160856573215,1,0,0.4709426565727167,False
46.48324975081914,20,3.0901350862702777,0.3835206100553721,1,0,0.4306892307761733,False
31.2991485890677,8,1.5475289096122429,0.04918221662810691,2,0,0.431605082102067,False
109.73172628729564,12,2.0508479338017462,0.11105999498252492,0,0,0.4649341221832778,False
61.26500631968374,15,2.1778181586179026,0.08115858228342758,4,0,0.49529009098617405,False
19.57658179410943,20,13.680774931905493,0.2002388383896867,0,0,0.49022491628691456,False
32.85936339390056,9,0.043144203290431754,0.30035071644048544,1,0,0.4141494792677062,False
16.330227301280303,15,4.8885794924947295,0.3004435543162388,0,0,0.4239141615366628,False
17.077393670811084,11,1.7108187704531086,0.029878475672148772,2,0,0.4230216906502528,False
55.02471441945656,9,1.3053641840163523,0.2600647210961152,0,0,0.4280689090594691,False
89.88579776888756,8,1.3044231034903833,0.22473222543335486,0,0,0.4624688246596517,False
15.694603504505976,8,1.8882314019870314,0.2418659520574566,2,0,0.4266064250765712,False
25.001718968897485,15,4.80987830803411,0.04265069709461579,1,0,0.4067656341891841,False
23.185104535337764,22,13.450869755191885,0.5309414012887939,2,0,0.5527842226248187,False
18.827653923945235,18,3.081880126814245,0.609697322627773,2,0,0.4961476929754881,False
34.963122703356106,10,8.17683228317386,0.502254595756297,2,0,0.4692786642934034,False
13.490918913955147,12,5.40438014392474,0.04254273972488362,3,0,0.464769411415218,False
26.08890163134763,8,1.0621188326619257,0.058475568393595315,1,0,0.42446049983839484,False
65.65985302310298,19,3.648872359664701,0.11975953918368029,1,0,0.4178297483782588,False
62.138870047314704,18,6.656034199180001,0.21042962308039295,1,0,0.4223896407559344,False
12.412723694554609,15,2.192383992018351,0.2109490459742476,0,0,0.41211802522526914,False
86.1204806351254,22,0.9222380562004973,0.11111547165333996,0,0,0.4861398638018795,False
61.24327455733408,15,8.357481574960037,0.24571063787283529,5,0,0.5575843002527974,False
48.04910151868817,17,1.7810213822422911,0.2853838465081767,1,0,0.39873859326013,False
96.65916583919541,13,5.732543325726887,0.27909623146529855,1,0,0.448611313615839,False
21.296629182514728,12,2.689876995017755,0.1944541769321424,0,0,0.40035975679911595,False
24.04406730918896,7,11.193534348745608,0.13470552347981654,2,0,0.46657698441333806,False
223.03131946291077,20,9.641277099352052,0.4797739463553677,2,0,0.586570443650815,False
79.58825847266243,8,2.0185770067122952,0.3223375926952252,3,0,0.4888860862426568,False
59.92728709078085,20,2.30734909997208,0.2946971660883093,2,0,0.43715234399726227,False
21.980263103788452,15,5.298070595882342,0.14567356616874963,2,0,0.4033641070020888,False
40.50821342464766,10,1.212527625415545,0.24329072201101185,0,0,0.40126867015778434,False
20.614777802844127,20,4.498570262968741,0.3407297532386112,0,0,0.4435564783994553,False
31.033274413232746,12,0.9723274388585924,0.26293401309936293,0,0,0.402578603485602,False
63.22539331706194,17,1.9158859526649423,0.07439759416827446,1,0,0.41034283913957825,False
14.727951474795631,12,2.971316533925322,0.3514714152436859,1,0,0.40887744682322863,False
33.552497014641006,14,1.879650651649644,0.10177033682387268,2,0,0.39632403807347666,False
30.410807994283584,15,9.520750450945991,0.13023996186483566,0,0,0.4308486144858879,False
55.87743435792068,15,2.2620131316795318,0.226573377374695,0,0,0.41042411307613735,False
58.22639823568383,12,0.7325484499755767,0.012487621364588612,1,0,0.44322793742923455,False
36.06978165909982,19,4.916656607706081,0.45179406263566074,2,0,0.455983195121249,False
48.29257278012999,8,5.290431742020266,0.36367554454252904,1,0,0.43679838579098446,False
105.88342210736312,18,5.562256811229546,0.14129399905815576,2,0,0.46995511398437256,False
15.160483849253836,16,0.9898570031690158,0.10808478045787488,1,0,0.39697694687868773,False
25.860336171378353,13,0.15455541786029647,0.019528197466620028,2,0,0.43639321278358,False
10.713674789574105,17,1.5853751908988705,0.15191487283128224,1,0,0.39933769693939164,False
20.21406776754998,13,5.4105223798228055,0.31154549078955596,0,0,0.4215470623075905,False
19.847022376603796,15,2.6788725287666684,0.18443983386128368,2,0,0.39815816405180793,False
65.32277453933332,16,6.066968354480247,0.4348477773342222,2,0,0.4568511404138539,False
20.08638947345521,11,4.0292446230632555,0.13924474397105197,1,0,0.39234686116564965,False
11.534735546549609,8,2.0389476512012537,0.4012176352630465,0,0,0.4696046330782584,False
86.48996267726758,20,0.8769008682298556,0.05727756845646882,0,0,0.48012951891688227,False
41.33971066772074,9,1.9156542268936745,0.1864136172842948,1,0,0.3979939506661864,False
16.244554487866434,7,10.144226507033709,0.022128969870870315,1,0,0.4876130167296702,False
64.24455769961794,11,10.926566882065558,0.028594291159952306,1,0,0.47040614039743667,False
74.99901247128778,18,4.273791134758138,0.16007309956311255,0,0,0.4378051940883723,False
51.046410242701704,18,0.9332528274155247,0.10510257755253664,0,0,0.41567731824010823,False
20.276548278399318,18,3.7394733121968566,0.19666955622363985,1,0,0.3995649615679,False
90.8700215813371,17,1.0629461309755708,0.2970311985249858,2,0,0.4549111340891863,False
78.38141728856262,16,14.288672072509534,0.33355443856464245,0,0,0.503628741138131,False
67.97309070365081,17,5.438933928962205,0.42308849269910265,0,0,0.4688147146941261,False
74.80409709818962,10,4.096122099613638,0.29539801500426055,2,0,0.4310935801987818,False
8.162037036711471,9,6.169897852523928,0.24392047429680166,0,0,0.4480782978927072,False
7.924559845536783,22,16.153644001100908,0.24849133123120928,1,0,0.524541542630232,False
30.938074235252127,15,0.12274680431569297,0.2602987475668951,1,0,0.39948696018546603,False
62.49782084691137,8,0.17507097013016742,0.1430218542919413,2,0,0.4422822100587151,False
17.779147121243543,8,16.44125506017789,0.0199812400657571,4,0,0.5820339594497889,False
14.64141178733226,21,0.7931668793218641,0.3839691808664101,3,0,0.49950435657247966,False
47.911289841842034,19,5.528487428301318,0.06033944651209962,4,0,0.5165087755651143,False
26.806408418625896,22,0.9035439920739912,0.18975680442656678,1,0,0.423710810333008,False
52.557832557375626,16,3.520026963845591,0.2962736261703486,3,0,0.444897778181279,False
20.76847980510256,16,3.01797021588682,0.05421719399176647,0,0,0.4154063811904882,False
7.47508054155953,14,5.425351133932455,0.45456211850236744,3,0,0.49490913776433515,False
76.34347395115957,18,2.586091259304241,0.2380210411767218,1,0,0.4223327256388286,False
54.81443452881004,17,0.07552343597820252,0.3522047909458073,0,0,0.4401595763183898,False
26.41793580920516,20,0.46356801535899866,0.23200702736137827,2,0,0.4198185014339489,False
40.31194721521445,16,11.085412680482387,0.05662391992781963,1,0,0.43924304351331517,False
18.51092046542471,11,9.123731795993299,0.284639348836267,0,0,0.43876747472742494,False
49.66815483248766,17,6.405292979787864,0.11039068622610627,2,0,0.41594927496192413,False
38.91376595470692,21,0.14612641091600248,0.29693148736195646,1,0,0.43196210692592363,False
28.095374129492146,17,0.7318160842824031,0.4094936091531697,3,0,0.46785788509031634,False
17.408858813693453,21,0.09065873724899075,0.06209436601357333,2,0,0.4553505946847555,False
42.97653143533448,8,0.6764422813905663,0.07562067002158507,1,0,0.42079336743996526,False
5.268428286483314,21,1.944997752885258,0.5827003987573917,1,0,0.5149172233428041,False
13.020126505806996,17,0.726086869211007,0.1675562783640457,0,0,0.4164157541990407,False
26.624984072565834,8,4.143408079932048,0.06666718276333569,1,0,0.4220767644943307,False
22.168101716710787,18,0.42130893709171285,0.06029367987347203,0,0,0.4333892291968138,False
40.0193465987387,19,4.3535284721865635,0.03062149169844839,2,0,0.4364303540536763,False
26.863405138652606,19,4.477706617313345,0.14776306511071322,1,0,0.39907639954915863,False
83.6523639354213,14,2.2988511696971106,0.12329127744735098,1,0,0.4217456080371763,False
10.10823625758858,9,8.350123877293363,0.05956187318544621,3,0,0.4847481002462111,False
18.183472283450087,18,1.1491213644986493,0.06476594063164273,4,0,0.5016457512487255,False
23.968421890715124,21,4.831767744650985,0.2145050659201157,2,0,0.43074194318618264,False
19.41655017563675,17,0.5781875905616132,0.45809680273624687,1,0,0.4395544664097588,False
41.02257953542463,21,0.2507431596788527,0.3349821159248277,1,0,0.4363703249748796,False
40.22358573452137,22,0.012909101337202876,0.2570826483556547,1,0,0.447195321404993,False
21.429427340399037,9,1.9789069051801165,0.13121490939792482,1,0,0.3982125072356502,False
35.94397117435275,18,0.5911032507509766,0.2551785511566112,1,0,0.4022229778869886,False
10.634434813742155,13,9.712126522982862,0.07604183142607626,1,0,0.43509184655940797,False
31.687199657613334,19,1.5571282591379392,0.01644569526090368,0,0,0.4449379904893369,False
32.32830145875012,11,2.5438687813300085,0.2242311027457248,0,0,0.3975863615404175,False
15.307179672556416,9,3.795703204413751,0.35139388727627957,3,0,0.46334288406603785,False
32.006214381405584,11,5.247711855478675,0.08048022461565679,0,0,0.41470082578007605,False
28.735467121726476,17,1.2193927745970539,0.17679046301485027,1,0,0.38771316345413304,False
71.49844589014927,17,1.1905785343312096,0.2845797086387293,1,0,0.42050053728322667,False
68.66842248047837,9,12.500660383968476,0.15302206974245067,3,0,0.5001103876081069,False
15.370462015992308,19,6.093058154232867,0.11646163393932266,1,0,0.41792692642294976,False
27.941191633980228,15,9.360001777634904,0.37667970171777565,0,0,0.4517896884254063,False
15.664912215302373,15,1.8596905788673805,0.0667776958114037,3,0,0.4436582663125763,False
64.82558842289197,19,5.5156689829370125,0.37431259603607814,1,0,0.4461698223162886,False
19.286002668388694,20,1.969290816606351,0.0674614433574689,1,0,0.41496167332090356,False
43.518192238605295,20,0.8105917398638767,0.12765311007483707,0,0,0.4207429257166983,False
75.04269567682839,14,2.967337349081942,0.15840488578984352,1,0,0.40927947926787783,False
30.830322351076173,8,6.784133055659389,0.3586037087461925,0,0,0.45448442780644527,False
8.951973057176527,21,8.448212086631175,0.7038391940406933,1,0,0.566720638807136,False
67.53058697641214,8,5.744369090014484,0.016930492733235006,1,0,0.4700426950164208,False
17.002103291787336,8,2.9048969738971597,0.12464889801673859,2,0,0.42611295926212783,False
101.05822992031707,15,1.2777285216232686,0.030845557290625308,1,0,0.46484740410709585,False
62.03081952367315,14,1.8776542201728363,0.06177275604457451,2,0,0.41955087643731875,False
23.850308863283782,20,0.2369575527192096,0.1668009839163187,1,0,0.41133426646557036,False
16.707803504622536,7,10.947800446021281,0.1875617218969893,0,0,0.4819515143663513,False
30.722478390773105,15,14.539360371912943,0.32552073988643765,2,0,0.46493771862420824,False
37.185129914675734,12,8.532111387330193,0.11442112270652208,1,0,0.40761684051296465,False
41.23413524238428,18,10.920599894289648,0.019895949271910497,2,0,0.4788712656435944,False
37.010268073696466,8,8.9060437502058,0.33324279099681403,3,0,0.48191695338630447,False
25.393127660414514,22,5.721699261338978,0.16290145722396443,1,0,0.43909739684137017,False
79.57558462885368,9,2.787766300822518,0.28904579246434214,2,0,0.4420391747482032,False
22.57116690423245,19,9.400690343735691,0.14439352273596257,0,0,0.4394005682047256,False
46.88682342190813,10,0.1201881500740344,0.19724103777400995,0,0,0.416389041411162,False
55.6063169059236,13,9.52144961592138,0.18973921559172974,0,0,0.43807193280130097,False
11.102716352762815,8,6.954193620719493,0.08870675681092807,2,0,0.44697837610572366,False
59.20152818086653,15,3.7172273126173745,0.16312265061014147,0,0,0.41396226863105434,False
23.107340336319954,8,1.040688675331669,0.06004958936212146,4,0,0.5070901291940906,False
15.264838980496966,8,12.940862209646408,0.358315457913809,3,0,0.5160333720499072,False
43.93370424820151,15,0.05540452516833231,0.05073179090095824,2,0,0.42109638685967143,False
46.98671402337185,11,2.082628490475835,0.1056371270842001,0,0,0.40373222804924547,False
67.77349186911925,21,0.45098623462524806,0.0795886494230921,1,0,0.44436346525248555,False
78.14385409015732,16,6.6028422101812865,0.25149811744164563,0,0,0.4460234161825603,False
43.05624779606054,14,5.238172229320379,0.13216555171291702,0,0,0.4089029595663702,False
22.138448179460823,13,7.144881743237118,0.18282148171881601,1,0,0.40278173922037847,False
37.869927568055644,20,1.285609997551377,0.07260302827463246,1,0,0.410989713359561,False
20.110227136589504,20,3.7695394511097837,0.10785780145738323,2,0,0.4195161181600845,False
18.727382676583012,8,0.8021782143518968,0.2756626929262266,5,0,0.5466324293616484,False
29.66658909079664,20,14.454694899592315,0.44356891489240824,3,0,0.5471822528588007,False
78.34953970961517,11,4.505037755637411,0.29816980649301644,0,0,0.4449024072325596,False
50.32454786344703,13,5.221747846015333,0.10190181883150588,2,0,0.4122753908864854,False
20.67928452710555,14,9.59007046177314,0.03831296687141321,0,0,0.4568630185121006,False
33.40537212659399,17,6.9274869463882185,0.3436484893764808,2,0,0.425550042573305,False
52.51833040855503,9,8.542855031073533,0.047470581712031674,2,0,0.4514079669116624,False
155.0132290802133,8,5.305463482474696,0.1403341587889553,0,0,0.5238425278137894,False
63.9203987582562,8,0.6201720154850161,0.20706107780919156,0,0,0.4458170552761146,False
37.77890795596656,8,0.5000729985012847,0.42530953170392494,1,0,0.44671508451681624,False
23.58513760120538,17,7.8115314536767535,0.4424052922479686,0,0,0.46378549094269095,False
47.868587992884486,11,1.2437081790486726,0.05553497994591971,3,0,0.4478030680078031,False
25.57780542663545,8,2.2055694040165745,0.12177184037778101,0,0,0.4239063607925383,False
30.206629611391733,16,3.978233589185447,0.08947197664312344,0,0,0.40364310293077704,False
27.17683830268825,13,2.580159683170073,0.07381362593904993,0,0,0.4055115512841212,False
29.52370818844508,18,1.933924367267356,0.11649557287654565,3,0,0.44302821890669286,False
69.48760789378193,19,4.577808928988239,0.10764119421089849,1,0,0.4232438292089652,False
31.88093187403434,8,3.3311892898033424,0.05248926011206785,1,0,0.4269356930790322,False
39.7289499763364,11,2.520047487421191,0.2846369856028608,0,0,0.4047177920124602,False
49.04781884685769,14,6.785246241184825,0.09207809585495724,4,0,0.5007075460824482,False
59.192762700289705,10,0.09121538903728325,0.13785004145539978,1,0,0.41138825048186395,False
76.52786642882687,20,5.498756765974392,0.07394212267461125,0,0,0.4669850869411905,False
22.724587273986554,14,1.7938716852992376,0.14554547979271085,2,0,0.3948404392777588,False
36.86433593941621,8,5.178067345383499,0.3377959654986334,1,0,0.42737072299141976,False
31.891897785619584,20,0.0928051142659918,0.1735636757191115,4,0,0.5096098316574029,False
20.421108576670886,19,1.171106766305361,0.2373990675591323,0,0,0.41264881888313326,False
12.064631274543775,13,0.33955769479116804,0.015392220697287382,2,0,0.448943284774397,False
13.649654649835316,14,0.9615240892901737,0.058525836143650915,3,0,0.4526249721354433,False
38.99454845541367,7,0.254598754883384,0.2012523519455452,0,0,0.4534309521067264,False
25.68792437428727,17,0.6376092728024096,0.5199549440415443,1,0,0.45319294932899246,False
12.561103260668252,16,3.787016472215499,0.2799239964580562,1,0,0.40800292722820963,False
37.32939219118438,10,2.6158565291864218,0.1929683943882693,2,0,0.3966303491812903,False
44.171776395279785,18,0.497436524619821,0.3587084587382355,2,0,0.4265541825814,False
14.834722580126199,22,1.4298934590290648,0.16069514709204313,1,0,0.43273243167422026,False
46.24576995792694,21,3.0401262652294907,0.17749327879940036,1,0,0.4155090111534009,False
30.310154605220287,20,6.311882043185607,0.15587997226567935,3,0,0.46879470864963996,False
13.178869586303238,14,3.576705672040571,0.13057458877191666,0,0,0.4123981655968876,False
86.70724660425304,9,0.26686488224521426,0.22007726897372795,2,0,0.451891373407683,False
34.908158934648654,7,4.070931219594323,0.2563482484720712,0,0,0.4492477252274857,False
52.77748183358712,15,13.299535977705222,0.33919575485215175,1,0,0.4525340114573464,False
16.01876365118589,15,8.79110991899822,0.23191066032912555,1,0,0.41676735465535125,False
70.0913338053475,21,5.324395890052473,0.07729398263849688,2,0,0.46709680855407393,False
49.72415868571577,22,2.917805979579807,0.16747545867184135,1,0,0.43387156946838873,False
28.238201242639747,19,4.7503737161124775,0.42121276805305047,4,0,0.528084140458228,False
22.213365907795698,12,6.627889783946956,0.041988283119689475,0,0,0.4356131242530822,False
15.959236791971824,17,5.421294016309614,0.15477271977368037,1,0,0.40093893820564885,False
9.678401364759736,21,1.6509712916616721,0.1303081811068901,3,0,0.4792308317903233,False
8.531380129957798,16,6.058944012436829,0.2484192009801442,1,0,0.41907510578744517,False
38.62868898761719,11,9.100006214126685,0.033962730666956625,1,0,0.43465927227406104,False
50.79502695506225,15,0.30042842494462274,0.21757316031533572,2,0,0.4078644123937108,False
55.411409973874584,15,2.70646025234815,0.08887096743767695,2,0,0.40731445421842305,False
22.7789871372303,13,2.537857468045364,0.030154532051903618,2,0,0.41724948845171195,False
11.055884422393895,20,1.0412774288353774,0.3643566456905448,1,0,0.4368560884573856,False
59.281589171703345,14,0.5525495631359147,0.6137427690947479,2,0,0.5055521269895232,False
27.182348128570275,16,11.787287141827614,0.12878332134786574,0,0,0.44749621979609205,False
17.34775672560986,8,1.749382677564075,0.006370266350612201,1,0,0.459014899929701,False
54.75539708518748,20,0.7763532573718411,0.43332832056181086,2,0,0.4624126642444634,False
42.669332533021866,9,2.8524268957464205,0.2705433249719339,1,0,0.4053172059148773,False
60.18486035340338,10,15.356849858930442,0.13873333965950418,0,0,0.48890993091600193,False
118.2364037118197,12,1.5424736551143021,0.18171053382068691,2,0,0.4619972924117238,False
42.66476532124409,11,0.06376043238230575,0.02163940077498459,1,0,0.43184549426684715,False
48.607403062689116,8,0.612977138659532,0.17103019439546271,4,0,0.5094165022019496,False
20.171330622795722,18,3.456042545141217,0.16041438482394216,2,0,0.4082657911603292,False
48.02977731483682,17,5.999343543564303,0.0466922704661668,0,0,0.43467159995020754,False
27.97127259801652,21,7.208061661149639,0.2298247627251141,1,0,0.4308461524512108,False
46.670651033320304,18,5.057152474978904,0.06568197955417782,0,0,0.4288399007298647,False
19.264108341452395,16,6.681449502479404,0.18895007894125748,1,0,0.4033122517948193,False
189.24458927349917,10,2.6541513141491158,0.18281689588073416,2,0,0.49850052228212927,False
17.376876605826844,21,1.7229400116076952,0.08428738181602607,3,0,0.4747012171294545,False
22.28290807127148,7,3.351397165709463,0.11012175903264304,1,0,0.42987448915360715,False
62.82376653832136,20,3.567660259876298,0.02844493226616747,0,0,0.4658687614316572,False
37.730328826145374,11,6.877368899277653,0.16445061502481756,1,0,0.40113818498536374,False
65.72987454774865,18,5.402677579236791,0.1485972606151844,1,0,0.4177612713711815,False
25.8884265113385,7,2.1798189057871005,0.04877959061770385,4,0,0.5214374973532035,False
17.68721975718018,9,3.371511924564492,0.1955139178000397,2,0,0.41153051684445285,False
21.833418236302773,12,4.716146869140248,0.3068790754912188,4,0,0.49816949861579496,False
51.68757076043155,8,0.5356469587873083,0.23976942515886127,1,0,0.4252401951478585,False
38.32258273002008,14,13.750821988234181,0.249022913421311,1,0,0.44614403313966733,False
35.04671882906336,21,5.923414142170399,0.44044009918661226,0,0,0.474717426550679,False
4828.725633057027,5,468.2352054518976,0.7267242737951957,7,1,0.7682625471091724,True
31.87732032493741,21,3.08217726775233,0.27854891162987333,2,0,0.42599552750332564,False
57.79938843662287,21,2.547479798958076,0.2177059879485424,2,0,0.43557399580761036,False
20.37939637862675,12,8.317010904168203,0.10509625775367275,3,0,0.45439801878397573,False
70.01923507132818,10,0.3612925663130299,0.31699507190759085,0,0,0.44326571548969923,False
23.65869531883366,7,0.40077531180399756,0.024323981172393826,1,0,0.4588718860055629,False
14.653418492583302,22,8.102357698761502,0.0736066986465717,2,0,0.48184153362404664,False
77.16482591689946,16,1.0742962530544502,0.14755686289709713,0,0,0.4308973963964456,False
72.65450385057879,8,2.005364546495709,0.1347564989356492,2,0,0.43972634410191874,False
15.968310729887602,7,0.8338383420351729,0.5179772420286268,0,0,0.506814197388418,False
52.52974197213788,7,0.9348698635298812,0.21300269938678848,2,0,0.4415228387033589,False
26.292137338932296,14,2.8761371396398077,0.18360345505517334,1,0,0.3856545252455857,False
51.625128572295104,8,0.13444081787510265,0.2420385630845403,1,0,0.43040707097031944,False
31.26408011723047,11,0.7505564324316772,0.23853591572794203,2,0,0.3977037724664233,False
39.08600629242622,16,1.7827663480532931,0.06996230848831626,2,0,0.4041672863751679,False
22.365333220283755,12,0.9273581026292786,0.11327446071497045,2,0,0.39979908683188686,False
23.507474899058987,15,7.761365402457501,0.4367725248624355,0,0,0.4547467960458022,False
20.664433523853713,15,0.0662254234293203,0.19697985597076842,0,0,0.4130807713387258,False
40.89688280221714,9,3.1972134915813877,0.360123522548379,0,0,0.42523337733092353,False
93.44725921055255,13,13.794620309050362,0.19407431493373523,2,0,0.4891761014313413,False
69.98821373689631,10,3.379242809308508,0.21232075009977328,5,0,0.5389972613977951,False
17.429227758198607,11,0.13348196815615535,0.09606085302416727,0,0,0.42331726622494087,False
15.027800814998322,11,2.6843442011599796,0.10222189073931177,2,0,0.4062447583459678,False
16.396370882742772,22,6.98935241357482,0.03465505061835031,1,0,0.4713948028662355,False
29.781413291096417,21,1.3740103356806637,0.2045585911716126,2,0,0.41880320827036527,False
13.84384088168757,21,3.251809751322115,0.10403468828671009,1,0,0.42207343277709847,False
38.59474051324825,18,8.837947457405402,0.029575754831505,1,0,0.4410438948599328,False
167.73595798627935,11,9.52653685212381,0.12116363216408797,2,0,0.5146316182747337,False
41.772375073313356,20,1.904710197745705,0.05332769698298377,0,0,0.4297506488233095,False
25.076552139803997,20,0.028058361897485392,0.14077579083567604,0,0,0.4301603255176249,False
17.805961487990796,18,5.591980261504769,0.415850248631794,3,0,0.49108532932923865,False
18.781006542872845,17,3.59232145410338,0.4303450630945108,1,0,0.42699190334292675,False
64.63496167213603,7,1.186295397287805,0.16161963701293663,2,0,0.4518419122931032,False
11.466465503252694,19,1.0154276116676737,0.10837526738220742,0,0,0.42900785146597215,False
12.960590216435602,16,2.296803014964179,0.23772872547062826,2,0,0.4066251213591176,False
31.926812282254946,19,9.926274138497536,0.29792936651047003,1,0,0.43636198308190005,False
32.351292672993246,15,0.05629275699763468,0.19039353324045843,0,0,0.409024655357789,False
35.21084021292741,22,7.778546249453216,0.098527651709596,0,0,0.4676269872743135,False
62.97782771145828,10,4.8721123779139255,0.12165058901110143,1,0,0.4156847057569948,False
35.16677633577823,17,3.8165430375452387,0.2768957912254485,0,0,0.4090816339359585,False
38.22499307993585,17,0.03729919126598985,0.059745024644515476,0,0,0.4323354609737543,False
164.52425857170422,17,6.790414395166068,0.10186365235857256,1,0,0.5166072068889063,False
25.866542788086033,18,3.139618302230054,0.38918026108704307,5,0,0.5498829311826366,False
26.63344327481069,12,1.6882828191215018,0.18949735730117054,0,0,0.39693171493688134,False
29.925005908218523,15,0.8611318913241701,0.17432654298940542,1,0,0.38428597848371854,False
23.307446430743642,9,2.2739940061991883,0.32987304491000113,2,0,0.4183434676106922,False
37.35662150135323,9,3.4463348544795687,0.22490627384704437,1,0,0.3990376626533674,False
99.05998821027457,8,0.026131606611180153,0.0905035296116311,1,0,0.4696429234809072,False
59.01409678638741,22,0.15521425478400921,0.031431512904401035,0,0,0.49485103776478545,False
52.024944229730906,14,1.7873489208003734,0.06472351888063739,2,0,0.412189223293745,False
9.082833237196146,10,0.3023704342716097,0.10604268969602229,0,0,0.43659709861261864,False
39.219478364459455,12,1.8146309953262267,0.47354453953589126,0,0,0.4419583011736807,False
48.58212325626376,16,7.072832977373058,0.239749124290126,3,0,0.4547887717395858,False
25.250082223388663,8,1.0815716473591883,0.3213394575283442,0,0,0.434489443026994,False
27.016422171154677,22,6.487893896230396,0.23809777497236445,1,0,0.44289398427052096,False
21.910733494534394,17,5.301258446966029,0.10864093499354269,2,0,0.4090731741088029,False
46.27239234928969,18,3.8434524984531473,0.353221730406555,0,0,0.4306406102171302,False
45.27252577390902,10,2.754303729277363,0.16415884363643074,1,0,0.394541697889378,False
12.66995240391216,21,8.251066058016868,0.22929884622165148,2,0,0.46027292434098116,False
26.872356679475157,20,7.20182314549671,0.06600674092166317,1,0,0.42901896224005287,False
17.66782109130754,20,0.6562391341194674,0.050424783140299655,2,0,0.43957662739035724,False
19.92456802257943,17,2.4347256016682026,0.1774691472601922,3,0,0.4347583242610451,False
32.778645987187915,8,8.027348710045745,0.3943150856581551,2,0,0.4596089581549793,False
21.408828347415394,16,18.758318754912747,0.20101495488572899,1,0,0.4767117497535596,False
25.1459211910364,11,6.951371102071438,0.191742857464251,1,0,0.40328746876099264,False
43.91562649467403,19,1.5362284407911169,0.28649917962467436,1,0,0.4074551886589949,False
35.52327588680625,14,2.07589976276497,0.47363364992923546,1,0,0.42723046670347137,False
71.24954971354008,14,0.8454531950557014,0.07013807336835463,2,0,0.4304493495207349,False
36.5123967190317,16,0.09005853675357878,0.34967280531078454,1,0,0.41283135661205794,False
57.12037116147883,18,2.1874588074223227,0.40209956182739137,2,0,0.4410881741644076,False
3215.742441963027,0,98.92158193531023,0.597648420412854,4,1,0.7147974879194348,True
32.323501558337114,17,3.0466912621055036,0.4889437188365426,0,0,0.4561821816487555,False
53.381636755722106,19,2.2448245184697058,0.15851331839747784,1,0,0.3997795496473093,False
17.27684484403384,19,8.046765693146288,0.5379517559879372,1,0,0.489187569347833,False
33.854884910819315,16,5.983468806631431,0.11340220794131418,1,0,0.39841691523220024,False
70.7721070674429,11,0.17980515421982166,0.27703756513026134,1,0,0.42835863882921615,False
54.87687504156996,7,1.910608980180462,0.2131397814626776,0,0,0.453444660336071,False
19.535133132894206,17,0.1361437037157734,0.004126307968555098,1,0,0.4499760177181718,False
38.2778460134881,13,5.773353106029149,0.13468955115132591,0,0,0.41026149779524385,False
14.108379904522359,8,1.3810374725435308,0.15169316799016297,1,0,0.4207473283051712,False
25.202157339835715,15,1.7562223969864341,0.1063484050200482,2,0,0.3978888243474477,False
39.861120036565325,13,0.7009011611312326,0.11271443589441812,1,0,0.3918273296044296,False
29.750823707746513,15,0.8155200890705258,0.25683218159820953,0,0,0.4025974723517663,False
22.053979737862694,19,5.477221057611604,0.27263474261020154,1,0,0.4162145325956546,False
19.849397290154943,17,6.512297899509444,0.06438708164584059,1,0,0.41137628050375363,False
8.885972462345002,20,1.9340517376453512,0.38967033447036137,2,0,0.4525296135107954,False
26.369132892866574,22,4.2176096967328895,0.4968831649729735,2,0,0.49571069645700216,False
80.3962361817769,22,3.2737172115333806,0.1691153837182247,0,0,0.4802973671856339,False
28.993693202563595,11,0.2511453430217086,0.2473014088355883,0,0,0.408981222577092,False
52.794263851638824,7,2.4759742375434044,0.10300694080832253,3,0,0.4789261817821957,False
21.164602869200007,11,9.173414421019235,0.12942337007241514,1,0,0.4138691118204285,False
11.402219351448103,9,1.1676262765566934,0.05547499452680308,0,0,0.4466323579482553,False
14.1872045402023,22,10.934521851934454,0.041043740215442104,1,0,0.4950648283425393,False
30.210346778885366,20,3.9314252853212657,0.34109352606809357,1,0,0.4187488986906149,False
45.54650706156084,17,7.549368903449657,0.10015165826603836,1,0,0.41168159142448224,False
29.97324932877499,20,2.4639786188739485,0.12401440649040656,1,0,0.40170191066156735,False
38.03877317942296,20,7.655538238332036,0.25471244561202916,1,0,0.42397295118331935,False
22.455247823113975,11,3.741012137715939,0.15174018840741763,1,0,0.39110384741914767,False
57.00594957500618,9,5.3876641408207515,0.11149098815239299,1,0,0.41823735562268366,False
25.089929994655108,19,2.6408079338517867,0.1609781602601594,2,0,0.4058392836279667,False
143.7090422134118,13,2.942442380115074,0.0924487933916953,1,0,0.48551329999956294,False
19.287588435858577,20,3.7537352232725083,0.4968423864127468,3,0,0.5170794230330198,False
15.026945493813464,20,6.919289120448392,0.06811223762282527,0,0,0.45518245906560095,False
10.13292876210559,7,1.188642896300267,0.07992874781764993,0,0,0.47060400364793076,False
44.695501661178696,20,2.8845076243422185,0.06314242855956845,0,0,0.43023073492896224,False
21.087985677865944,7,1.9172602761584667,0.6904674859475541,1,0,0.5355858135813136,False
8.59893937181822,22,6.214120382087187,0.1838539938657118,0,0,0.48177872441883807,False
51.72558341424416,12,2.513424072883866,0.14880664816549116,1,0,0.3952641901074861,False
23.314500802747958,20,0.9307419886559192,0.04020632851319395,1,0,0.4217991561825813,False
18.056011010028083,12,1.5707041999258784,0.1609319084893987,2,0,0.3983528058646005,False
20.65712993131464,22,12.880030139432884,0.14434981783971354,2,0,0.4943221889141084,False
37.021571138668065,8,3.0182777617915764,0.44004212749212207,1,0,0.4477877609441458,False
66.423818730905,19,0.011227498186498578,0.07051143667669829,2,0,0.45340856277830743,False
40.00585513072078,16,1.5796442704825786,0.2629879433656157,2,0,0.4005118634734296,False
36.88437458810243,15,2.7545849891695364,0.032519575991098365,1,0,0.40614634507495184,False
54.46033522378993,17,1.1077947407636781,0.2542419970986504,2,0,0.41084261754612333,False
50.10208654650483,19,2.822795593870488,0.33598357122710654,2,0,0.42726153894809277,False
37.39978773805929,22,2.760787785069963,0.08742832279878132,1,0,0.43260425527898144,False
55.372129499446714,22,0.5773147189752164,0.12692658620907066,3,0,0.4973078583386594,False
44.222782670229655,9,4.171061303985296,0.2711497830166045,0,0,0.42134866260817744,False
9.71006563879137,21,10.979331380355053,0.2005203655145785,0,0,0.49262987031872657,False
38.94716342356965,19,0.5569641958688382,0.16456647332429972,0,0,0.41206264623356226,False
21.214496466831623,8,4.544280655777757,0.1978693319962222,0,0,0.43185265686232877,False
59.644621485832644,16,0.18450345986384906,0.5139335463397631,1,0,0.46945558210762645,False
62.776862737796314,21,4.928314893558681,0.5743834862384092,1,0,0.52084831388837,False
40.91825607860275,17,1.663105893724236,0.07630003994243297,1,0,0.3923133588483743,False
33.087792547097045,11,2.6048091296318354,0.10348951158387636,1,0,0.3911434843011365,False
41.56188803354832,14,0.0983937681128751,0.4535238267957446,0,0,0.45254922134802195,False
40.797674060768145,10,4.974241637457776,0.02054300549713769,2,0,0.4355553354948568,False
40.60068993872733,14,0.5548201802112305,0.07987452994341136,2,0,0.40438855161118725,False
47.54095108771065,19,1.9719145706108185,0.2922752796523619,1,0,0.4082833775379701,False
21.74086153954388,9,16.071296523654652,0.16457037114559508,1,0,0.46458287281763566,False
41.98470829687371,14,0.7839733508514928,0.22514103606132932,0,0,0.4016826249247528,False
52.70428820333573,18,8.444513069663921,0.05460482907604232,2,0,0.45219083415983097,False
35.04929572268123,7,10.968793154712161,0.379369977878062,4,0,0.5553110143687474,False
22.713905979199897,10,2.0275750272216766,0.07166452484786204,0,0,0.4092709210251157,False
51.18388774255899,22,3.9612707637736864,0.15637471302807746,2,0,0.4525442575360283,False
59.167922271105596,12,0.0932771900507425,0.4544411463856467,0,0,0.463743087735808,False
37.419049034421036,22,3.4181030675815345,0.42124341914754576,0,0,0.47064676650406134,False
20.529305592524278,13,3.4625728775971623,0.34186468799970954,1,0,0.40070058993480134,False
31.890748948367577,16,4.838258155022237,0.35063933401809866,4,0,0.5072351075378532,False
28.68336565776922,18,11.800510879501182,0.18879067927925428,0,0,0.46182510130562343,False
21.235843979211896,21,1.6093011488738425,0.011862298397002818,2,0,0.4606899130757246,False
62.41660536662123,21,0.6099006697284239,0.21250444688056844,2,0,0.44340619469652437,False
27.50566755006182,15,0.8667683503501522,0.22154612354692166,2,0,0.39697816180418877,False
30.872687339376306,18,1.5851723490440386,0.021269919346326112,1,0,0.4255647168996011,False
22.718063336862382,17,3.673322941277787,0.2259477582415354,3,0,0.4387737401783087,False
27.67134096358448,16,4.375802436326311,0.2524796588624345,1,0,0.3955805535229435,False
35.009087394000154,12,3.613247424029845,0.1651827579586435,2,0,0.3951797855538002,False
17.25978567569889,9,3.4870391374058576,0.20302895280879893,2,0,0.41104279758499934,False
34.04850000390722,9,1.8146980819013225,0.09220836532055744,2,0,0.4088312707710664,False
24.355632779128815,21,1.5155249570991443,0.025035567183790013,2,0,0.44915485528593163,False
28.98175174464226,15,5.1052718926893474,0.16875365819370372,3,0,0.4391857160189527,False
92.87708959881289,14,11.441259834076446,0.11929799109933868,2,0,0.47601958911355885,False
88.98220434522561,22,0.636614728835968,0.0720651900290423,3,0,0.5329775860660576,False
28.80757582545632,13,3.8458970862861315,0.4456087062655227,3,0,0.4663276940289138,False
9.299934253496179,13,2.3657317788279744,0.19528367407443395,1,0,0.40228333052602594,False
39.87042982886194,11,2.2566106251994174,0.6531517485176145,2,0,0.49805938358084195,False
6.746170422363883,22,13.17480125283203,0.08341171913262077,1,0,0.5068312269393862,False
5.591696319942841,22,0.8190494353188263,0.07822633131212925,1,0,0.45818926176692426,False
4792.319047803472,5,561.9953379356538,0.5155918614608942,5,1,0.7577910846460498,True
16.512149256616503,14,1.6309719117504529,0.436530072561464,1,0,0.42673446078539545,False
39.73778329543377,20,3.98388277603549,0.09839069270647585,1,0,0.40729955326113815,False
28.629239953726838,22,3.5225767580894742,0.20240245829365897,2,0,0.4389053915584382,False
12.90147123975181,10,8.142346353200992,0.070674064719846,0,0,0.45020750137430526,False
27.887549046409703,22,12.700435762959424,0.07864172588192139,0,0,0.508256457228345,False
11.573764508673412,9,4.308794025481402,0.12846110517632395,0,0,0.4326170388710792,False
27.466091335545457,9,3.4174882496484553,0.3577787189674035,0,0,0.42415419438453283,False
68.61518715696539,13,5.331586607087435,0.4457400193643945,1,0,0.4515266979248615,False
1873.6400412059688,4,432.38382229791483,0.9560339738819972,5,1,0.7386538711820705,True
11.242629798748176,21,4.905430141909445,0.3704962655228489,0,0,0.4751835657392898,False
69.20357252453167,9,0.6111871641555576,0.047818429054262784,3,0,0.4813885930874443,False
61.576830087474434,16,7.57153593461905,0.0699495018105383,0,0,0.44725844289051087,False
41.71388257011184,17,2.282615523228261,0.06551188798856378,1,0,0.3961576933984786,False
15.044049586147636,14,10.725310706098979,0.22723856243052418,1,0,0.4303729345082379,False
90.08309901071846,11,0.7554178748368836,0.005419677924637683,0,0,0.49455585322708523,False
25.204181462288325,9,0.6899675283340186,0.048487793868594954,2,0,0.42396825029266205,False
29.257400345815455,15,1.3065365222238945,0.3079563938194638,2,0,0.4010955500922023,False
20.192500449302152,16,3.3036691280477593,0.38208391175349166,0,0,0.4264513966923857,False
25.928987128814647,21,14.22053847487383,0.13823391908297383,0,0,0.5015290793189234,False
32.87620716024476,20,3.8391153794385064,0.13281277600457161,0,0,0.4167820705107999,False
49.36447645339586,9,5.048940280510101,0.11981946670960986,1,0,0.4144100807986741,False
3378.597236585367,1,238.76616688445208,0.6925601280999224,4,1,0.7251348760941825,True
22.09767773117968,13,1.192733969325968,0.1257175022448175,0,0,0.4014187192136502,False
22.49575311770055,21,0.30573874537151613,0.12210066691313352,1,0,0.4216393971607461,False
50.6934707058962,16,3.2203241310579416,0.12289083633607494,1,0,0.39687402466119404,False
50.92780667897603,14,2.6318497230111566,0.37683838070037257,0,0,0.4259465994850919,False
52.84155090944121,16,1.2459972516079318,0.03681921202403473,0,0,0.4293865575436849,False
204.1913305332131,10,5.369653294221384,0.19953948800091084,2,0,0.5112149284162952,False
84.37656934628967,17,4.957020858535772,0.2509649344474118,1,0,0.43395336679516583,False
35.38782638428155,11,1.1518804798978128,0.20540811652205934,0,0,0.39709235127642867,False
37.987684586058684,14,0.005384697177159565,0.15609133296876046,2,0,0.4036567557975852,False
45.735246653820475,20,3.5364533058985685,0.141046677691687,0,0,0.4199170660880278,False
12.9801982960322,14,2.115955946786899,0.25579823965924253,4,0,0.48971517650338015,False
13.458331522597957,14,0.3293543771988795,0.24060612305790852,1,0,0.4038197867057633,False
13.503697027790812,10,5.496335297561857,0.012770362954698236,2,0,0.45138456095872265,False
14.386438452025256,18,3.036214800964748,0.4570032399269862,1,0,0.4445819693475282,False
29.92843249007563,15,3.5633094400054,0.36267705118798266,1,0,0.4001098109794942,False
40.521818733746585,12,0.6794039700045943,0.045353112734353454,1,0,0.40816492687724415,False
10.373780930850753,9,2.898844321066187,0.2339916061499594,1,0,0.41552805650563956,False
12.612847968013906,16,2.4547186181791387,0.005679787570619289,0,0,0.453413820655507,False
29.39136836506237,18,0.5498257447250965,0.054942247089908684,2,0,0.42359264035703587,False
63.96886651663554,12,8.605502017283666,0.0715047193260022,0,0,0.4522834189484351,False
32.437497406722954,17,0.9402379305175926,0.15308021908996375,1,0,0.3880707121729746,False
28.316937000084902,20,1.9266614209791209,0.33863452163704744,1,0,0.41609363788499026,False
8.58597221082633,12,6.663320145895598,0.25236550015943954,1,0,0.42499131266400086,False
28.992648504384288,18,1.8087050932651554,0.583709160927587,1,0,0.47705550324180257,False
59.736545268744564,7,1.5658989406240238,0.06460536171976057,1,0,0.44657260598587517,False
138.9527054109844,13,0.5607093977593203,0.06552859464207489,1,0,0.49828517301786146,False
126.16166831034809,13,8.30374193760273,0.1203948384422862,1,0,0.4901113094697491,False
31.223026731933064,9,0.36036043640454024,0.3490447327509818,0,0,0.4306851057602962,False
27.60726685660085,19,9.37288536744213,0.19309383895020013,3,0,0.47516379158892896,False
59.92651836235706,17,0.17596641696257817,0.3644255504926926,1,0,0.4302298475538638,False
18.99318315181814,18,1.5352461244725975,0.12367454511772036,1,0,0.3972512002662858,False
38.174709188800236,21,7.594665537050619,0.13685447278173804,0,0,0.4495036841900691,False
114.10048318838675,17,0.33571370721164223,0.22248813449903063,2,0,0.472360564133682,False
1415.8377650940092,4,602.9046259316535,0.6679666375085086,6,1,0.7376205194513907,True
15.46448695631676,20,0.2671914178941543,0.006607262769350871,3,0,0.5079855091283408,False
48.36338392047809,21,2.473669864892088,0.3605854450771874,0,0,0.45074217489172685,False
16.486514305690356,11,5.296613197640146,0.1350051051178237,0,0,0.4161601076312362,False
41.404738716663665,11,2.3175053817028046,0.16120898878440326,1,0,0.3882867381848935,False
25.03187709390662,20,7.704443490501922,0.29150978332410066,0,0,0.4459057654032738,False
68.3372507575739,19,5.54301008485938,0.12650679287740868,0,0,0.44282592451951425,False
33.34376422112461,21,2.1012559365302645,0.2024441248451975,1,0,0.4074343106393865,False
29.792961210536816,20,6.074993332549012,0.2827296608363738,4,0,0.5209321328148591,False
21.382005361805017,10,2.217705650465613,0.050997426235652656,1,0,0.40563244948347776,False
46.027695496203386,18,7.937994633485312,0.22454269878169075,1,0,0.4172730262721805,False
47.98624602969694,13,0.7586980305399537,0.03415332473209632,2,0,0.4231135360175792,False
21.01912978635292,18,0.1759157262568696,0.28282617130544896,0,0,0.42907746623564047,False
33.142084440789546,22,5.333403149118546,0.4044158784931954,1,0,0.4591457460843958,False
16.267824725569305,10,9.334945763893279,0.07443622870510563,0,0,0.4448338545827802,False
28.821796430084266,17,4.1723454423535955,0.022024125117466258,0,0,0.43852218197340687,False
157.9337717874624,7,0.8157139258303613,0.2038260073194025,0,0,0.5350409574671331,False
29.448017828963263,14,3.761744896865997,0.3084341034130944,3,0,0.44029465384875527,False
39.58723202704576,15,3.8550359237931584,0.024022088290957873,0,0,0.42823484577747156,False
31.939672596631272,20,2.71733194515576,0.010481500308747983,0,0,0.4529828795700322,False
40.4278695651777,18,1.216968542962614,0.14875893438335203,2,0,0.4045418525728005,False
25.181694289496317,17,9.925684778838404,0.16536637490940956,1,0,0.413538871256259,False
32.96543611190333,16,1.327593192712041,0.17240059016041487,2,0,0.3946908003901071,False
97.61636647446176,9,5.215215568295037,0.17058665166419276,1,0,0.45172746242262746,False
12.2202822169911,8,1.6806186822399636,0.03196066675456644,0,0,0.4631456542316598,False
22.793511415097075,7,3.5449657279606104,0.14322886425735512,1,0,0.4243534893187037,False
26.029930172058133,11,11.026271509761889,0.29720518910289506,0,0,0.45270823472089666,False
20.907812636530675,19,1.7039591119876196,0.12274575273884566,1,0,0.3972225330630349,False
73.4854396412291,17,3.993126987691251,0.09769496648091001,1,0,0.41822557938174076,False
90.25804523679805,21,10.315992552240026,0.41166247294266856,0,0,0.5425409287136553,False
14.634618369715165,17,2.0833212563557315,0.14933869946018488,2,0,0.4035867599430877,False
29.560901179274765,7,3.97458031631974,0.2260890811305241,0,0,0.44209690796676593,False
17.184463406164436,7,5.496982742665316,0.30815051354771467,1,0,0.4467689087104521,False
38.88571180652645,10,0.6659727835643189,0.2872264829691206,2,0,0.40586769643079396,False
4813.527725701048,2,702.12062726429,0.8850446609327248,9,1,0.7921763711161435,True
26.65296703336809,22,8.376944251434987,0.3471816079394952,1,0,0.4643722611943655,False
44.73030604946478,11,2.2175251143510972,0.2074412383307588,3,0,0.4299278257426401,False
49.97132901023288,17,4.695980057711746,0.1633255529047249,4,0,0.4951436965858549,False
56.430766489366576,9,3.0372768317126293,0.04627406551067909,1,0,0.4287913833284733,False
60.654935787619515,13,1.4146776435081105,0.4265287586462467,2,0,0.4352288095370028,False
43.944308377520386,18,1.557682924913378,0.21338845461040165,1,0,0.3971446965574031,False
50.1135390670021,17,5.796689605416463,0.1594233617238018,1,0,0.40350065284859643,False
14.785702299459391,17,1.0632046022575938,0.34713650900863186,0,0,0.4302528300469082,False
52.43494569568741,20,0.39720264906725444,0.23966378640212124,0,0,0.4325008584587752,False
35.97933907911768,8,3.8279325226447396,0.41641161280386385,2,0,0.44879103967904704,False
31.41368274932969,8,3.864139333062645,0.10837079334380142,0,0,0.42866670105102567,False
17.11927450024296,22,2.392235633466618,0.03346183847850383,1,0,0.4559413376999222,False
69.60916090616257,9,6.047819578842359,0.0910445450253554,1,0,0.435169770058995,False
16.276861212383245,8,2.4981645291299337,0.12460569406977279,0,0,0.4316760996340547,False
52.252087971603714,10,3.3545213228266464,0.24237587293464619,1,0,0.4015853280513078,False
41.51972732076959,13,4.2783886188592,0.1229849486991037,2,0,0.40189626352086916,False
26.467940818689527,19,5.204080589031975,0.0764411428665698,0,0,0.4234956609215441,False
30.6301360666103,22,3.3155441748619725,0.23211475781783042,2,0,0.4396394850327883,False
25.68317314753734,19,8.68400342924281,0.10105263195788977,0,0,0.43928169683454604,False
37.59352713942219,21,0.6355498791034292,0.28479327816437927,0,0,0.4388624884570846,False
12.866517618711724,14,3.111658816216173,0.01879238879131973,1,0,0.4337042295451622,False
52.53826308598981,7,3.357686821685136,0.3486806937021889,0,0,0.4680542560935047,False
51.14013483644876,17,4.510961229715925,0.20406998545266927,1,0,0.40023267412023233,False
14.842189748410485,22,0.8404145308187646,0.3573773628412611,2,0,0.4638671839117282,False
4974.42515045539,1,720.8004742499977,0.37343056775854183,7,1,0.7833736157085824,True
8.74354264787693,12,17.944958690004206,0.4825204177596534,1,0,0.5190477577351451,False
46.09548644174,10,2.3225881401241084,0.025576309905961585,1,0,0.42272931396602,False
30.92705989405064,21,1.8225463163477347,0.09454896070742082,0,0,0.42713209137510083,False
79.90585215637904,20,1.050143048777581,0.3466761430057477,0,0,0.4715761033621009,False
32.124633422123814,17,5.819195223010483,0.42036044139388246,1,0,0.42853286086418163,False
56.464253260269075,15,13.24281334370109,0.1299898503445991,1,0,0.4507953716235733,False
41.952691462083344,18,9.111498322497686,0.14151268499093936,1,0,0.41899831222273615,False
12.789672064116141,20,0.46455268865475247,0.2536472247151601,1,0,0.4254259661543057,False
25.857427144200436,20,1.7297547308359211,0.22003926212962768,0,0,0.4180515313919979,False
29.02154609283221,12,1.2811149692309813,0.1737100333349882,0,0,0.39749437123393466,False
21.11770941082172,19,6.582121918775088,0.39706370120546763,0,0,0.45820848243658435,False
33.3307785510296,20,9.821786639720637,0.17943695136781326,0,0,0.44587722683465547,False
27.57793699406572,21,5.685118416203839,0.3313876396437812,1,0,0.4373108800882361,False
21.999753934091434,17,10.779811732829536,0.21124231691784293,1,0,0.4270563056173931,False
68.76088920704645,18,1.057788749902885,0.42545097832169276,0,0,0.46258449170618005,False
16.74075978042855,9,8.487705099191826,0.08269049589678236,1,0,0.42831094942540243,False
40.837891903403325,21,10.74428430369353,0.15208224008241286,0,0,0.4691415711735231,False
39.13431735401397,10,3.884614650228219,0.21680298518570199,0,0,0.401068015061786,False
115.12595564967735,8,3.3765471468717294,0.11641163485988518,2,0,0.47897702373968926,False
47.37845257810905,17,6.555002166084622,0.12949653883535295,0,0,0.42029743952290494,False
16.708264020052976,11,0.18993668671566571,0.2423841617079141,1,0,0.40646163078774883,False
22.04401939621342,20,18.08116851416428,0.017956547530145903,0,0,0.5540890017032236,False
54.67294372115382,16,5.540963203866624,0.3359582687453822,1,0,0.41549213732556817,False
21.565052462569607,8,5.92615506717972,0.06499586277811244,1,0,0.4331075841292725,False
21.83505843872799,21,8.60276900878556,0.1340877664872171,0,0,0.4536403363321348,False
33.69892601791869,13,4.148674874750715,0.07396671893743116,1,0,0.3985509491184592,False
32.35092065405699,12,0.09162373836152245,0.21841639834077747,1,0,0.3969276744460356,False
50.82010692526145,15,10.975422241965235,0.06217738027111596,1,0,0.4435549334537689,False
34.58007691891002,14,2.893108237736188,0.3311855052924698,0,0,0.40986519886925515,False
73.4504977532931,22,0.10373311217686484,0.10533987312580931,0,0,0.48266568887227806,False
19.941594395946836,7,3.741993047286245,0.06176280522712006,2,0,0.44846266879621205,False
65.31563056123714,21,3.0381687023137265,0.3135724925761242,3,0,0.4948552277167977,False
62.44671056868359,21,3.7589236276766886,0.1022500331536543,5,0,0.5629027382215296,False
71.66153116809193,22,4.098516181499558,0.46527490539476835,3,0,0.541374757621516,False
2193.4261492960304,4,103.80301878031432,0.584554107575757,10,1,0.7304944602900895,True
43.289872042052025,18,1.8442803994179884,0.24223792686924747,1,0,0.3988370333753974,False
59.57909781412969,7,0.6690239963162772,0.27240716930372255,0,0,0.46784953178668126,False
23.390640147563698,10,0.21567889371410984,0.1645009653910138,2,0,0.40781072579076166,False
16.573334529691756,22,0.10870038664810668,0.25316804765108064,0,0,0.4678202342646067,False
113.21100637661168,21,8.097776101042939,0.10722499336440393,1,0,0.49917391617655454,False
27.46370219549359,13,1.675555458289764,0.12094017232196792,1,0,0.38605768916263095,False
57.171807268767246,10,0.07719039857498848,0.1789903944091485,0,0,0.4250024127838353,False
23.32831448031903,22,4.021391309951254,0.45218269487002866,1,0,0.47307502221271014,False
15.927936070443375,14,5.430814798689349,0.06425963535125037,2,0,0.42188953195546414,False
52.80865835462224,21,19.544795922306676,0.1302956586269362,1,0,0.5162540837005108,False
54.141763587773816,15,0.4629157561226581,0.047185369405437244,1,0,0.4145203801602659,False
17.008982542300632,14,2.041010518749881,0.24343537437035617,0,0,0.40825446304589585,False
17.406130445553057,20,1.7348064894242743,0.10083172148136336,2,0,0.42167765763736254,False
60.61282246908395,18,0.3647383639214498,0.11860734661373307,2,0,0.4289906473188433,False
22.225147098030643,17,4.027360385175195,0.05636491103488028,1,0,0.40390610667073656,False
17.888551505526568,9,3.6781671812359793,0.20122004998269105,2,0,0.410131868428716,False
42.53905017948346,18,5.016970143094464,0.03211583158531924,0,0,0.43776468069914115,False
144.7410325794155,19,0.8895009043177146,0.39309668298787154,2,0,0.5314335487702957,False
12.775181018835271,22,0.7350137913191622,0.04716883270412513,3,0,0.5078873903567084,False
51.307113345525345,12,11.608528151675992,0.010288966329543426,1,0,0.479428108721694,False
23.427040124918282,11,4.822696995713824,0.4048034795248951,1,0,0.42046657252018466,False
28.757816600057257,8,3.8348863959574193,0.07087387012178395,1,0,0.4211414791002506,False
28.456215634978687,11,3.068320407364539,0.48046780848803183,2,0,0.438796693784806,False
38.42731506403466,18,4.755550369170146,0.29287220191115365,2,0,0.41515714332368236,False
24.683867442350344,10,6.165398565427715,0.17364688442556042,2,0,0.4083616815247785,False
43.05995315868432,12,3.274465499265447,0.13025683253373802,2,0,0.39719639164432324,False
62.1532908282747,7,0.25740658268878003,0.08979277170411126,1,0,0.45245127258405166,False
11.035930397446407,17,1.0393095204823564,0.26105306755559543,2,0,0.4132136089903957,False
24.632504519619822,15,0.8053727348461306,0.04144570077484692,0,0,0.4183460108682325,False
7.67658358168643,10,6.510429560302662,0.21344994959032626,2,0,0.4288342138019859,False
15.95965396461191,21,6.759373832694974,0.3165873012725408,0,0,0.4638861305427049,False
34.64799036700194,12,7.923618320816821,0.12273121222524878,1,0,0.4065276081247807,False
19.235949004960013,18,1.4600200339839782,0.11991076687337023,2,0,0.4100478042375877,False
40.72275942318714,8,6.929305894612805,0.22524812442415448,5,0,0.5492816704383254,False
57.37210338075344,18,0.10177549997366299,0.24533877716996996,3,0,0.4615108677500025,False
17.946101479840728,21,0.7452509308299016,0.07823348969958246,0,0,0.44503929397741326,False
13.770457947512218,16,6.39642192541924,0.15236960510379122,3,0,0.45282642431097986,False
24.69968421222947,21,3.0902167747247447,0.10897077791706201,2,0,0.4240256021597526,False
16.004247696084786,12,2.2638125270541707,0.12141195346204048,1,0,0.3941194223806344,False
14.503267966835939,7,9.078796695799243,0.04372947007873954,1,0,0.47513932863323033,False
23.34081791662413,7,1.3196231709017507,0.2943930924373088,0,0,0.44758178781047,False
32.23846289305048,8,0.8909173776263779,0.11365202125563978,0,0,0.42774941012567186,False
46.57512420959469,9,0.08878064759609532,0.15762200889741843,2,0,0.4226063513405611,False
1325.9593839076474,2,734.3432564484533,0.921530372921045,5,1,0.7534202135148463,True
35.067101897798025,11,5.399708619771232,0.26106849672536775,1,0,0.3982262789432151,False
43.886923070914015,10,0.5723533203537507,0.04154844288821831,2,0,0.4227983301448775,False
68.56143571246632,17,15.307797216804515,0.15984626851334166,2,0,0.4799543865840064,False
26.969544977032808,15,6.969041494790413,0.02990684782132143,1,0,0.4250882524432018,False
38.11624371956313,9,3.104955448798893,0.518107071082237,0,0,0.4661557383302295,False
35.48494527914631,20,1.717592926172978,0.1959475671020305,0,0,0.4148651354109449,False
39.26539516017561,9,9.678825596281824,0.1219158155675836,2,0,0.43101305190923184,False
22.085728456264604,21,4.121388902366561,0.10969484652598764,1,0,0.41588243733105973,False
63.4789970810401,14,5.46936277644595,0.06397191983513233,0,0,0.43615747194266674,False
41.72175780330665,18,0.9915152296014036,0.35553260178182655,0,0,0.42315621514145046,False
64.96552718858104,20,0.503246358761626,0.047163723309130205,0,0,0.46190083130782805,False
27.993121628491018,9,0.9374986607422412,0.10941911764849048,2,0,0.41075014035723584,False
96.4839116335819,21,10.149619258095765,0.06749981341127861,0,0,0.5299299653724284,False
53.17667888438089,9,2.8197606306705802,0.21561015946157758,1,0,0.40624439123693357,False
106.75816001533684,20,4.381508944265255,0.03174254763909114,2,0,0.5085810052410541,False
23.429868139613113,13,0.37100533299614596,0.028722178122478282,5,0,0.5449320046684855,False
32.12760265176693,21,8.553206091546045,0.1374760652586483,0,0,0.4521838015002702,False
27.399542284438535,16,0.3445403914190241,0.2038447018157123,2,0,0.40403562525489,False
127.19892345190551,9,1.2300976310107639,0.17799036534381915,1,0,0.4810017992809784,False
92.17187631189886,21,8.032218967488973,0.1587705407231382,4,0,0.5616756571665026,False
27.131594081530782,17,5.051209677470658,0.02438850473536849,0,0,0.43780843752961524,False
52.13043264940628,21,1.384106729844791,0.14486378904794323,0,0,0.4323608329702572,False
20.196747310249997,10,1.6562766587413755,0.12670306114198535,0,0,0.401144643645569,False
53.35455489741827,15,3.1847987439923098,0.17261861622263208,0,0,0.4073959958656727,False
74.44808454728508,17,2.7510478278665524,0.132610729381667,2,0,0.4234142734561617,False
22.808261560062096,20,1.522412014772091,0.16175644475796241,2,0,0.41434635755832233,False
61.05081502550833,9,5.337406473763965,0.6136328518937526,0,0,0.5263359678787934,False
53.19930485800297,17,0.2399121069973364,0.324768958370007,4,0,0.5123479178264655,False
52.46224264115978,22,4.491289327795685,0.4470304309320943,0,0,0.49514712826518187,False
29.703395897989452,21,5.0788299633676015,0.06569979215368738,4,0,0.5233599677981404,False
27.98419067301728,11,4.275791008373495,0.01721926008608237,1,0,0.428035788327532,False
24.73490130448792,22,1.8336872379356657,0.16481572776101183,6,0,0.5780777839949401,False
30.92763634150286,21,3.4668307693366853,0.39584091723475856,2,0,0.4439086313533807,False
939.5847541455439,2,505.10047391167734,0.5661247316403952,3,1,0.7200673040157994,True
16.127561847284518,19,6.389599101945132,0.1054920773618274,1,0,0.41672347138420107,False
38.03106711730783,14,11.438589801905241,0.13996207942439318,0,0,0.4476189737227851,False
7.7994001003017175,8,6.6607724081957045,0.18660626981966882,3,0,0.4831721284101605,False
35.36388903235179,19,1.5648882647754907,0.12027846113416633,1,0,0.3960416084565966,False
32.002924052695924,14,4.597023988771202,0.2190199038689434,0,0,0.406454457645743,False
29.619294603618613,14,0.1030976072880155,0.030368368450945572,2,0,0.42789425213143184,False
52.946233875070405,13,4.8170465787855035,0.27556031803280984,0,0,0.4194611929579255,False
22.07376096725671,13,0.06155008969530658,0.1392880462034635,2,0,0.4073781002984666,False
18.076638489904784,13,1.6213452860225492,0.17369429571065179,0,0,0.4021643535120345,False
42.87036588692175,7,0.5257353498118054,0.3195507341045795,0,0,0.4584288794743185,False
19.428122155448452,9,2.3416241027641576,0.38736189988415615,0,0,0.43185219061373475,False
8.233684154771067,16,1.115423001309591,0.5583160733240048,1,0,0.47601639165049,False
18.29858455874361,8,2.574078875313234,0.26370308303354456,4,0,0.5042284447691846,False
59.47704442803857,9,1.861864074804107,0.05994492656191008,3,0,0.46383673767492956,False
35.15217464144685,15,1.3302375983805979,0.2270782836555093,2,0,0.3955162804016187,False
10.359429581636384,12,1.0095659684354235,0.1525269547089192,4,0,0.4940020651540734,False
90.55495273310213,16,0.3741319399075796,0.21217244816814,1,0,0.44039391160820096,False
67.68291496435893,20,0.16557874429965708,0.30997776942142835,0,0,0.4581908674991273,False
24.521570376745654,14,1.7838906168866855,0.01571672945963494,1,0,0.4218328173750418,False
25.99345378677258,7,2.1031609725189204,0.14394746401936678,1,0,0.4213249563039205,False
74.5156241637493,12,2.531590659431515,0.1520286674625344,2,0,0.41479038506655996,False
36.982125405366375,18,3.783431147648972,0.4467655342972155,0,0,0.44757477119703676,False
67.88422571963956,18,20.032058320004865,0.1326326861695213,3,0,0.5390865446519033,False
42.14218894396392,14,0.4555634631578825,0.15387122079458526,3,0,0.43279107362485925,False
38.07682109585242,12,3.1058215546250194,0.1532527817699615,2,0,0.3924049562940389,False
22.433696760599123,20,1.2023233825505661,0.5343547827820985,1,0,0.4764969066466842,False
60.4035113745317,17,2.8546687643212056,0.062010163008007414,2,0,0.4231000364357703,False
24.140431306915772,15,1.2892056385180166,0.6228693582527586,2,0,0.49198095552573246,False
14.817164543116016,13,6.78815584840841,0.1128518487768369,2,0,0.4167943926608166,False
30.242596537247646,17,10.597988727231815,0.2935759757625302,0,0,0.44653284579302166,False
10.26059347842756,16,3.4952352368445108,0.056481544713466426,1,0,0.4157438162157392,False
41.99540991859317,8,2.245962551404957,0.07239964398158452,1,0,0.41799466342487707,False
28.6853524106523,14,8.196364229480526,0.15740983950430745,0,0,0.4194555968977043,False
19.65971565086742,15,6.163498042687086,0.24758150934855225,0,0,0.4185725381200948,False
51.94856698404934,9,5.366572775346816,0.12580368121572483,2,0,0.42218328472804617,False
43.24861620157729,14,7.1612631650332785,0.3975965168100863,2,0,0.437432708333358,False
1068.8281892043524,4,285.8435658198157,0.5291725270047516,5,1,0.7009161942636049,True
27.88994501369764,7,1.1241271301891174,0.09756130655560831,0,0,0.44588807303938555,False
54.96139964990725,11,1.3671388330340593,0.046974296427592446,4,0,0.5021237078568017,False
34.18863259472245,22,0.4868945913384583,0.23499018362958543,0,0,0.4495982176484701,False
67.47016507446057,11,9.399329045352593,0.3153771736853217,2,0,0.449724201412494,False
38.68966789453313,22,0.4306945018117455,0.45035116065484615,0,0,0.48651452002677115,False
10.955827971596499,21,5.565427464391277,0.088551438935233,0,0,0.46200937211942633,False
41.034738288292885,22,3.815197644919685,0.2564125543580248,2,0,0.44435073329674857,False
55.860486333347254,12,0.10350757928858602,0.18341691868882334,2,0,0.4135992872074616,False
30.901323141975414,15,3.0097763579879997,0.09049220501132348,0,0,0.4005344429275671,False
20.80382372309067,19,3.009283039418567,0.4259617115511581,2,0,0.43962445004900536,False
80.44427481585102,21,2.1753071949747733,0.08201517018104251,1,0,0.45091807214375956,False
32.87157899985836,16,5.1961032295346845,0.06342351469358652,0,0,0.41735186486490805,False
74.46841476274062,14,2.5458772547514017,0.1534819281825133,1,0,0.40855516753874405,False
73.33026439349804,12,1.5316121370977707,0.14524022050127666,3,0,0.4462619421835987,False
95.85194346174214,8,1.1784959980490206,0.4114672404826932,0,0,0.501873807437755,False
10.271559750077527,10,6.349812843977413,0.40138359839509086,1,0,0.444373394362694,False
18.905569505980143,8,0.19349955288352877,0.6833310970522565,0,0,0.5438758418069927,False
43.446185243408465,11,4.1823781638572415,0.11199434291932393,0,0,0.4083177913666586,False
38.30523468877099,18,1.47410711485368,0.13587264053237516,1,0,0.3929324030609769,False
39.155657972304915,20,1.5915635520615703,0.4365545199005002,1,0,0.43704760954818694,False
70.51486310118645,14,0.09968948972900286,0.1547046900091715,1,0,0.4146174007862624,False
17.69620318088752,12,3.0551952664371838,0.18261553189409582,3,0,0.4331345310480621,False
21.735347062885978,11,1.6105470898884715,0.29935702714656426,1,0,0.3975305248663587,False
60.19054225798894,22,0.20700841741610856,0.012537439805330565,2,0,0.49928493115927863,False
178.66749645644862,12,2.876046718175682,0.11644283743596012,1,0,0.5054413519198665,False
77.98302464211197,21,0.8062485289091296,0.1233066608802104,0,0,0.4653448375526894,False
48.18516148967885,16,3.1974364988421446,0.26340452866330333,0,0,0.4080991396553602,False
35.72883358215073,18,6.258768991074039,0.23222128079351528,2,0,0.41708428373909073,False
32.38354581122883,14,1.1457633291542098,0.07912921056292647,1,0,0.39108589727574283,False
26.713322159613323,13,5.0455315614640535,0.4368678127329484,1,0,0.42457312912171175,False
57.87159717547499,13,11.119040817119291,0.19290600799110308,3,0,0.48029029479619795,False
18.195709854645685,13,5.040701714017496,0.03945509966227295,2,0,0.4276092436477536,False
33.39623769328076,8,6.190996717054544,0.377748403061538,1,0,0.43942430343928257,False
61.03370276511064,13,3.008345826909428,0.18479834149050814,2,0,0.4084860759542701,False
17.196237394375355,19,1.0567988568499238,0.3924969898058711,3,0,0.47911412953528465,False
37.110725902077334,19,10.38191777799928,0.1261045860390105,0,0,0.4499241883211231,False
39.38841112733202,15,2.6926455383461785,0.2032247039333258,0,0,0.397626510313946,False
33.738895894949614,8,0.3846996161297299,0.3203538620643078,1,0,0.42590539731663957,False
33.738118817179846,8,1.173652208462316,0.06977273893617643,2,0,0.4292360735023402,False
25.622256831359408,8,3.4497785850870777,0.2960708745057056,1,0,0.41844321268941986,False
48.75145519686194,14,0.6814450011627895,0.056744100864840906,1,0,0.4065857414392992,False
26.367075533005647,16,1.3924214716914993,0.24397024116877714,2,0,0.3990353920556553,False
41.4776400019243,18,6.825292929152135,0.057313100836069546,2,0,0.4327533461967089,False
34.722685349052774,19,1.5441287646752664,0.12451701150710584,1,0,0.3956411894251655,False
144.66987972199593,13,2.847954981020779,0.10828681580263373,3,0,0.5119100994840671,False
46.207588810574855,17,0.18937299863448362,0.2899305393390466,0,0,0.4235450531843259,False
33.76490874715214,19,1.632986284078685,0.1708620792770144,3,0,0.4430042295394852,False
31.0714950691117,8,0.6660254318209029,0.08743709371496423,1,0,0.4197077840146477,False
16.992523401166512,22,1.1491785749930836,0.2584900983889053,1,0,0.4397787243065461,False
21.697478210118817,16,12.99656857953508,0.12075379190126395,2,0,0.44821538577970405,False
80.96966718806712,16,3.869522401519232,0.28161507590048857,1,0,0.4294405949691845,False
19.49348332601698,18,1.1648159925047195,0.3340660004418638,1,0,0.41049785265182737,False
32.138171064238094,11,3.0721087309001773,0.2716968207044197,1,0,0.3943797984735005,False
25.501965209488226,19,2.299756093322266,0.5346087940826124,1,0,0.46511974127404665,False
65.19503890559068,20,3.743256084286324,0.09621267700803866,2,0,0.4412312720524704,False
16.414981097018757,16,0.31561338265852334,0.1310851301541308,3,0,0.4425188460426366,False
13.490742560578202,11,0.2448541150502323,0.6861840027357492,0,0,0.5307512549225131,False
8.621882316614398,20,3.821023423003183,0.04460892723998446,1,0,0.43752962219488983,False
76.88361887119927,20,1.7051726026447556,0.15667691019674324,0,0,0.4452434974880917,False
34.94431031453285,17,4.113388754209049,0.41671971374849964,1,0,0.4205991570054912,False
27.36476045405145,12,3.324926535471563,0.3490572976837843,1,0,0.39873923758624874,False
33.33444704515601,10,0.6909943832832158,0.22311643823642693,0,0,0.40161118270685214,False
61.234307055358244,22,1.2901003705272915,0.16782381742138344,3,0,0.49444765279136893,False
65.9361992485857,17,1.7822841977925403,0.14962377632575988,1,0,0.40500358189095415,False
93.28687519452693,11,2.0888111817690254,0.200932843883382,1,0,0.43297357330662267,False
103.72513599866333,16,0.7891404688912527,0.10755235775244534,2,0,0.457181937824831,False
2809.32003102321,5,734.9170557086054,0.9671869325510988,7,1,0.7715466923882139,True
38.13269176878839,11,1.4584082301977388,0.12236909585757484,1,0,0.38875088600191426,False
14.732847910513721,22,8.684494606707235,0.05436670183688039,0,0,0.4948130739031546,False
15.295313147417994,17,2.564418332291934,0.03167101096292893,0,0,0.43905926783378224,False
44.47252371925705,14,18.30732625712316,0.051401942320978236,1,0,0.49428006046042344,False
11.510116648463734,12,5.579627009340559,0.24378671248857076,1,0,0.41304623910258437,False
33.343647133117855,12,5.920528036858958,0.18135281906397782,0,0,0.4089939879206721,False
45.05661844788954,20,3.455551006760639,0.1326569790027161,2,0,0.41977561292088567,False
12.51396128581973,9,0.11165705063629158,0.23499604930258508,1,0,0.4226511888459755,False
32.06388982977971,10,7.114757541258282,0.20746741115865724,2,0,0.41131647446489716,False
51.613265510908185,16,0.16982568282853708,0.20681213431551448,0,0,0.41878081552429774,False
23.974967813908975,21,1.615884307051856,0.38061156295757853,3,0,0.4893852360366036,False
14.2406367958357,15,0.13695439603131843,0.039282742500614885,1,0,0.4244564558139467,False
36.57508570386213,15,2.785740136920285,0.1205897076822188,0,0,0.39881350186095027,False
24.045036475608327,21,1.8815339888705767,0.22907900151288008,2,0,0.42048443582720973,False
25.09318202295216,17,2.092492175133106,0.1099479232697203,2,0,0.3998617664593679,False
38.12069644923427,8,0.39063678538066793,0.1174106066312828,3,0,0.46070820449012,False
40.290112128416915,8,0.2821787238894277,0.09081078712558097,1,0,0.4229797238917266,False
37.06911534720286,21,8.18997582485988,0.18426835498496758,0,0,0.4506904434757326,False
4740.997062615388,1,448.37864217429745,0.867267276395638,1,1,0.7670258588044199,True
17.842259644900153,18,6.4164535744614595,0.11705136437746294,2,0,0.42431419586820524,False
49.333936163115474,11,3.9328067686289243,0.1448906937611768,1,0,0.3976662178270907,False
29.85276157199102,14,0.6605121218145688,0.22542341983512296,0,0,0.4030243508124982,False
16.228065270154836,8,0.4212949712465711,0.06449778380055324,1,0,0.43569852285087224,False
47.00584366013874,8,20.69941013662747,0.20280373505391475,0,0,0.5207993489626717,False
34.414640901190964,14,3.6635749333874523,0.3443762451755652,1,0,0.39748524634449317,False
4579.420251304528,4,515.9667191941107,0.6204360798706047,8,1,0.7646581602384322,True
31.295779706262607,21,2.846724432459086,0.03366242502727502,0,0,0.4508790813505431,False
40.07686425833452,13,2.427106498608034,0.24741383046591803,3,0,0.43009631206221544,False
43.7294541740643,17,7.898112747855596,0.39827613938170864,1,0,0.4368481068337408,False
24.676878447413323,22,3.7009159965778493,0.2782280736449979,5,0,0.5664887419030452,False
93.14891345093184,22,3.413982230917891,0.26173017016062716,0,0,0.4965087226313132,False
33.190966680825866,8,2.3922653418363105,0.27154462916341143,0,0,0.42473187525921907,False
97.18554950402664,20,5.64986623861315,0.0902560452127577,1,0,0.4700648990516173,False
29.351310830049684,21,3.1896820181555268,0.1488131163210051,0,0,0.42297497624576974,False
25.439978465556504,7,0.9224827135119824,0.21928934077746529,3,0,0.4656354709137099,False
52.33973789764675,14,3.2123085494394417,0.0920243183886791,2,0,0.4050878323689003,False
72.50105003695516,14,4.405897033415131,0.04100748370204916,2,0,0.44083802608382466,False
13.192957401833278,18,0.40640586964337505,0.06260993644678081,2,0,0.43865221960965994,False
32.22250507989293,10,3.0168908769208875,0.2268253465127073,4,0,0.4837560038458093,False
27.655235113067405,9,9.185269471082396,0.19957855718051973,1,0,0.4190415522985408,False
78.15230096416103,22,0.7835094965597573,0.19320937096910745,2,0,0.4745765172984381,False
30.198399835053692,15,1.7519596360001504,0.162404895899187,2,0,0.39270982653872916,False
14.572355752060455,19,2.0082908276558493,0.02069640502834458,2,0,0.447409193838201,False
22.175697432269637,9,1.4868362302258242,0.3030822029577767,1,0,0.40785637728678653,False
18.822960703641854,11,6.667322197373455,0.1281457070052539,0,0,0.41679452241701614,False
1749.7130050224869,0,225.48581756548836,0.9013254660576845,6,1,0.7464856882425603,True
31.61356473045178,10,1.9060767075366079,0.18850126788226806,2,0,0.3972039311928521,False
103.11339770820788,17,1.2159396804780922,0.1985620601586755,0,0,0.460935632751036,False
27.75431617356022,14,6.708075495671269,0.09081988017786474,1,0,0.40210708095468,False
24.080782054668152,10,3.0865542880166403,0.105364363703809,1,0,0.3934854888666833,False
38.665499328344346,10,6.60980659030957,0.2800573109159986,2,0,0.4138268112892483,False
41.31602628959038,14,6.531535284750492,0.6726303780440246,1,0,0.5170424215515264,False
31.91259656445025,7,0.4364466789491523,0.19162759169464816,0,0,0.4468975397974266,False
40.45253886232672,12,1.4774474256771322,0.2003473420342324,4,0,0.4849986365195872,False
14.48617047396254,14,7.8732372924751814,0.19686653061796386,1,0,0.41453545070432984,False
37.41355022825418,19,4.048913475316618,0.29509557866883884,1,0,0.4078306527777289,False
37.40948044141784,9,0.6805526446059885,0.0834576255806316,1,0,0.4091523369850619,False
68.54642837006188,10,1.3688843767763963,0.1040512696044312,0,0,0.42795979897755787,False
26.446477010574323,7,3.5860911835828837,0.5343666315179778,1,0,0.4838036903923081,False
42.997947169193154,19,3.643097757449478,0.05551045427261541,0,0,0.42834937947668844,False
19.223651395135857,11,2.3865312866651087,0.3795537373538395,1,0,0.41266041402357506,False
29.16471880023492,16,0.7688644379490085,0.10285534408063901,1,0,0.392912686223529,False
42.301464454586736,12,0.6437565031345638,0.43444300640912736,0,0,0.43549833527616394,False
53.54013036521798,15,2.417666699244621,0.20876400108466922,0,0,0.40628523083812856,False
13.046181897028603,10,3.4470812193523517,0.19328633687838723,0,0,0.4152826187199231,False
22.64745488791302,8,0.8949066476236764,0.22854757432679956,4,0,0.4993191657716399,False
62.5229846375274,22,1.3571653473369134,0.1432441700938493,0,0,0.45873872461192516,False
45.76788900355797,17,3.8915977477324732,0.16610726186271538,2,0,0.40325927016788027,False
37.97533986263802,10,4.590501484088442,0.27186701862697926,0,0,0.4104122593464529,False
34.257242944939044,21,3.258084113304843,0.1434476448402968,1,0,0.40896816250268114,False
26.92097922951817,9,5.087700926173967,0.18002346779861939,0,0,0.4174708757071162,False
25.385869696259178,12,3.6659733619701598,0.1720034352985666,2,0,0.3963845085810969,False
30.92010746196434,18,1.128874287591815,0.3961564911699008,0,0,0.433577891898981,False
4659.282739535464,1,131.12698245175284,0.48175626582149655,3,1,0.7295703089004371,True
22.402564209761852,17,0.21657131198201712,0.05219380735700945,0,0,0.43284662333238727,False
102.68987204047835,13,1.386147799345481,0.04032012525129265,1,0,0.46091404561708454,False
52.78588235894752,7,2.4627879167961813,0.1384295244515084,1,0,0.4309266513012081,False
24.067767655298045,20,0.4953754392081899,0.41781913897547707,2,0,0.4536210784688337,False
28.37439859406481,10,0.6956043572459293,0.49212129670946514,0,0,0.4527010377929056,False
19.776144515217805,9,0.0095250818034988,0.19252971689932327,1,0,0.41383327289137045,False
25.718167151195104,13,2.404757834164212,0.35524349127463695,1,0,0.4005414723465417,False
18.592259351387433,20,8.93913564028423,0.3028253211597719,1,0,0.44600695039606875,False
21.600981962262303,8,5.652462255270582,0.005567535446945758,0,0,0.4776247782609919,False
32.60554256418631,7,10.864807268504673,0.3553515193149237,3,0,0.508561785938775,False
26.00607684022709,8,7.250432948226056,0.12602970088394194,0,0,0.4409260194782426,False
28.406448435210446,8,0.0008692062993287667,0.14359474925864726,0,0,0.4339466223583024,False
45.36334613793142,9,0.5927168848997592,0.6734612470855541,1,0,0.5163987231375136,False
30.48307936744751,7,4.892263140338629,0.4424775026139629,1,0,0.46508413645688174,False
16.163968774494347,21,7.93556483836551,0.311474652233205,2,0,0.4641424421306763,False
7.610103123826627,20,7.421662440244363,0.10381590217013131,1,0,0.4412758009618774,False
19.8599415680658,10,4.694667689037993,0.2291283412623968,3,0,0.44272592311772935,False
26.575579330197574,19,2.2966027163694256,0.2255297763766852,1,0,0.3959129088310351,False
29.897263246387276,17,1.9982573834924209,0.41910099392961464,2,0,0.42616892871235323,False
3224.4559550837125,2,597.7387779803007,0.7118886826068185,2,1,0.7418605268157034,True
34.19532627462222,15,3.991767204683963,0.25423737757226694,4,0,0.48627705686968886,False
20.139335693648665,9,3.0288860720393003,0.16534809152001964,1,0,0.4012403336559855,False
53.075719362323866,14,0.060732088825845965,0.03824968099129716,0,0,0.44129374758222745,False
14.110819032067548,14,5.764772476079258,0.09893022017783969,2,0,0.41717760275592103,False
18.558537813614524,18,5.868275222618363,0.4378495225063746,1,0,0.4448374742319692,False
38.17174835259931,7,3.47872518756847,0.29989669028613913,0,0,0.44944818506402473,False
24.768728775661923,20,3.8746610270828192,0.17365130553840072,1,0,0.40394399559140254,False
24.758318735577756,21,1.1446037252422343,0.18935537899528548,1,0,0.41032979981323153,False
46.68138383482794,22,0.5870619256856701,0.14650537251197723,1,0,0.43893896711780883,False
2430.4152597901866,1,404.0512834880741,0.9254115580488658,6,1,0.743836184573418,True
29.003589823078073,17,3.688545632222949,0.18442292765171686,1,0,0.38942959984534786,False
13.739685683563952,8,2.00433944596025,0.4917212012755083,1,0,0.47122421707715334,False
32.574832710828325,12,9.628709997088444,0.23251819215299852,1,0,0.41446631823874025,False
9.927058092076706,12,0.007916120328241974,0.04984335836718918,1,0,0.4315166603884924,False
23.957439234550428,8,8.110977381587668,0.10943155491975438,2,0,0.4363819590513857,False
42.09228779053298,7,1.1802376309214127,0.4634829885086122,0,0,0.48470057530883487,False
12.718718952904865,16,1.7308517937071295,0.21398783232329757,0,0,0.4121013153151731,False
54.8027762663028,7,2.447282935688699,0.0941615756212125,3,0,0.47986749186306715,False
46.47666546872722,7,2.652032666723492,0.2129442034737149,1,0,0.4307969609948394,False
25.410706795290558,11,2.1279635770426495,0.033524312427048696,2,0,0.41309367140674347,False
18.318028758591286,9,1.02019313700346,0.3238473615894108,1,0,0.4126538875110122,False
51.54779013068914,11,1.5101636824840698,0.21291359858215916,0,0,0.4058045022313763,False
39.410183126210725,10,0.8480521732927028,0.17777842210698164,1,0,0.39006839356448636,False
78.50978678325345,7,1.0332295723149758,0.07638314880489058,1,0,0.457224705683519,False
29.74933856370382,16,5.550988518078819,0.10231837282204273,1,0,0.39779372741863306,False
16.346783797206758,15,1.7186927730320567,0.17793730585765058,0,0,0.4041498219804497,False
75.00731063220617,13,1.5744056914236806,0.1953321597877771,1,0,0.411000873179061,False
25.041616505701597,10,0.9323693524737724,0.49784024958198214,1,0,0.43849338227596274,False
20.224582544349026,21,1.439641377367263,0.05596397813934262,2,0,0.4401884412820409,False
11.837926207273249,12,1.2125854160697391,0.08350488720349276,0,0,0.4208521498073351,False
20.327319157040883,17,4.223963510655937,0.14648198802887522,2,0,0.40396115674872235,False
26.14754479120189,13,1.752314112172679,0.09647491049022675,2,0,0.39780081187972577,False
50.33446862721385,14,2.650768172970905,0.18277030382611892,2,0,0.4000392352228415,False
16.289645436731693,15,2.3795523299649006,0.2569501582787293,1,0,0.3985659291179985,False
207.62192083292788,21,4.6334706107523385,0.03065712257868191,2,0,0.5735234820440258,False
23.982231265020356,17,6.619497745057092,0.046149559423747724,0,0,0.43314018770060675,False
62.71029904964485,13,8.056263308431259,0.020770169607766335,0,0,0.47056926168378116,False
15.163729340380474,11,1.5820844145089432,0.23646727140662982,0,0,0.40621205321664866,False
24.63785641318197,8,5.6704221564480255,0.08558387093515618,1,0,0.42295821426661845,False
145.92392811818627,21,3.8941127235671513,0.216429268949319,1,0,0.5137905156406432,False
17.57084079428028,8,1.4356025385252433,0.2814819713884234,0,0,0.4360580997084336,False
15.239596665607671,22,4.879978389781223,0.04526036310222982,0,0,0.47800626645922445,False
106.7625848552439,16,4.229120356150665,0.15512544327834085,2,0,0.4516615917087078,False
57.21046310732473,17,0.3214589501567756,0.38992052625053697,1,0,0.4344027231338846,False
19.413865943915752,14,3.871427843668451,0.3612909134074282,2,0,0.4168299734475587,False
12.764418067118322,22,7.426674902119369,0.15769338203272248,1,0,0.4567897776462551,False
30.592022498684635,16,0.25589352237686674,0.41946537928653205,0,0,0.4383394282607063,False
16.881625307732513,7,9.41409635336317,0.1528450793086538,0,0,0.46964414836574003,False
37.91458640849577,15,17.810698512968607,0.207844010645156,1,0,0.46746093029339586,False
22.455911018713024,16,3.017641903159015,0.1539041401306491,1,0,0.3872409223482364,False
3048.042214643553,0,440.1597835733261,0.9831461430094929,6,1,0.7568869697353905,True
22.832853448445974,16,2.7770860876850807,0.18289184947027082,1,0,0.3870751552617183,False
39.856263352940225,12,10.60045043374223,0.11140604721964129,0,0,0.43766302972836885,False
55.2873381821089,22,3.312805355929911,0.18808005863411123,1,0,0.4363220301587691,False
12.740580301247363,10,2.4871223444473465,0.30487491822076296,0,0,0.4223191856472984,False
38.06525537961077,16,1.6254290457498912,0.5226554284946237,0,0,0.46185181784177937,False
39.24567130038347,10,4.142687649053715,0.0614186775224123,0,0,0.41651278017328297,False
35.688138068746845,18,0.5355189309520715,0.07322536246822199,2,0,0.4199061318502839,False
15.667829257018836,13,9.037018024996598,0.2430352884888739,1,0,0.4177785485300563,False
29.10501512917945,9,6.008344158188844,0.2820466795379448,1,0,0.4133118173459151,False
53.40617726053055,12,3.4660163170033593,0.12611817024922317,0,0,0.4118272837167228,False
29.10335111255638,19,16.427869581087062,0.08625746844378408,3,0,0.527259158651747,False
27.586980551663448,12,13.464792075240835,0.3299471942702513,0,0,0.4691398030609974,False
13.509006729116534,17,11.478051589086148,0.20495035545180898,1,0,0.44317924435441974,False
1122.0032132018664,0,707.7831155832106,0.6483785603467733,6,1,0.7492092831114563,True
22.909441880892295,19,8.135130791669319,0.28568487979786705,3,0,0.48054360396532614,False
10.503748139180532,7,6.986758847510172,0.1608900705857998,1,0,0.45552283114733183,False
21.045264464351817,19,3.2733081171242002,0.04334808422771038,0,0,0.43197221752636716,False
23.298034854697953,15,3.279966679467802,0.5393416493092186,2,0,0.4648534350091633,False
20.68574663312022,16,2.5556320475118435,0.13424326133415032,1,0,0.38802803465123276,False
19.867350113317773,19,2.856323119341583,0.07824516862794305,1,0,0.4056830429003053,False
13.484974936149413,11,0.7378300731414356,0.13304559428442148,1,0,0.4005860791667827,False
24.290699846017812,18,0.7188476296164356,0.4449399416877472,2,0,0.447985838298025,False
102.79681632267172,14,2.0387330019913543,0.16383413723859314,2,0,0.4470008766275985,False
60.40672149201418,19,3.654951606975817,0.28807779044665704,1,0,0.4212782607521776,False
22.936784240730443,22,1.2286875975092495,0.36068619767643817,0,0,0.4615358047564443,False
110.52627016046307,8,4.408697493004415,0.04371700390596742,2,0,0.4937468999605667,False
37.301319314115055,22,11.455965011211504,0.1830499527739816,0,0,0.4926817719353011,False
58.89488916202868,11,0.520123064384283,0.12116386807468953,1,0,0.40738607329112386,False
24.021462654088708,19,6.508085363019846,0.15211366443872099,1,0,0.4087166791958896,False
1798.1206983811976,5,486.9569324698965,0.8366882134245965,3,1,0.7339697814578615,True
107.73521274119169,10,9.545579836466365,0.18966431150494914,3,0,0.5059015930033335,False
26.611486587136216,11,2.8644297662341156,0.04328125342946697,0,0,0.4212222880569488,False
27.26830332894219,10,6.270531655929635,0.1682512649852551,1,0,0.3995499285663193,False
10.89934708256945,12,6.501130535686345,0.13435506387081134,0,0,0.43005259291008746,False
33.27466903013195,16,3.0003955521775825,0.34850257773115356,2,0,0.4069437801521232,False
92.20926229531871,10,0.18946005165707716,0.09646344292464026,1,0,0.44577939160145985,False
28.32834296499443,9,5.213669703015459,0.13174189617381876,1,0,0.4053392283104136,False
36.963859400572275,21,1.2256426531225935,0.28980062313998056,2,0,0.42769173964380774,False
26.296936572640853,12,1.3564423535268926,0.1709466325168588,3,0,0.4273874703793644,False
29.77036714722411,9,1.5927679373980481,0.10053924810270287,2,0,0.4094471950092906,False
12.044903321222964,12,7.454532454978587,0.16824178625157094,0,0,0.4349599781511292,False
18.94151184122709,16,5.740861726012761,0.51074654194356,2,0,0.4664323629113237,False
22.507831718634765,12,0.05438057333245306,0.09222923027522686,4,0,0.4923581464149051,False
34.71146647964296,13,0.9986953402994556,0.05143921336153799,1,0,0.4016735799602534,False
11.80476566288696,15,1.0714782233429314,0.07309548262834005,0,0,0.422249340548931,False
39.008261339620105,13,2.081178091553442,0.4116854412906478,1,0,0.41131534650735646,False
26.13399419086435,15,2.9519885994925312,0.12130145623629116,1,0,0.38768429598639953,False
46.38261409426705,11,4.334897746378727,0.09126034147975357,1,0,0.4027148496143091,False
55.8017624501552,9,1.8145593890793847,0.22189419148804873,0,0,0.42321696805306863,False
79.9948564766246,13,1.105873955714666,0.15420826387135006,2,0,0.4256241942898207,False
7.099362103554539,19,4.181086254096082,0.21579472893630286,3,0,0.46953929605555295,False
34.81932840201793,21,19.426666400590157,0.4021343306659659,0,0,0.5524429943213169,False
29.732274868796292,15,0.26608148475724713,0.13492915661192473,0,0,0.4071430439782049,False
37.788242542155935,7,2.753487847670718,0.14106576137762297,0,0,0.43923087396623894,False
40.65826248294866,8,3.6826285849085973,0.3598586692374409,0,0,0.4415968662644885,False
34.965118286278205,22,3.549170392240802,0.27856492947520717,0,0,0.4480306568120567,False
44.98930386049528,22,1.8127454944422419,0.031653958079059165,0,0,0.4705086306713288,False
19.36354882940124,15,4.236372474647455,0.30435531072739563,2,0,0.410576499761534,False
66.61745745273927,22,7.223566913019788,0.378201808548519,3,0,0.5325326400520607,False
64.87772800931572,22,0.31031359971493605,0.1909364800652045,3,0,0.5004503747401812,False
13.940701942445992,9,2.0084933607907036,0.21209767512775257,3,0,0.4486991422436704,False
42.356725218843344,7,0.3091384793799967,0.07608231752721042,0,0,0.4587074340998792,False
1877.3844238967463,0,201.41392243388634,0.8388368279773458,5,1,0.7283710649260835,True
38.70174595302415,19,1.491063340070136,0.3913000742075339,0,0,0.43510409081472345,False
3468.442796042271,2,213.9404920609783,0.7069306552865431,4,1,0.7211797035673305,True
23.644018938098444,9,0.36203025574018327,0.25694402739547795,0,0,0.4228353594647776,False
17.11437353029642,14,0.48806879414568055,0.11369622929440844,1,0,0.4001946942644803,False
15.097708367580525,21,1.495103112442056,0.32732140308341473,2,0,0.4438568371279114,False
17.97551727358877,13,9.017598182131787,0.41829502949190034,1,0,0.441045443841396,False
25.83775655073707,11,12.114510802592095,0.31923724799590547,0,0,0.46221211971405474,False
34.544608070392556,20,2.9605307326818107,0.10212922007810045,2,0,0.41607953535722453,False
39.14002296497721,15,8.21319736558714,0.1241626168904379,2,0,0.41257306239199154,False
25.195950647087518,13,0.9881086490266381,0.40129284970177204,4,0,0.5019255404521475,False
29.120285701764423,7,0.4190946307436476,0.11111578965906717,0,0,0.45026730462888837,False
50.3761595828816,11,5.166721095330231,0.13569091444702455,0,0,0.4150857534628457,False
17.74332761535251,10,2.2837044578028873,0.1254769268476037,2,0,0.40227405757346635,False
24.21753150238102,18,2.1803329048545366,0.07229954573807297,0,0,0.4161788790548687,False
19.123277886203198,17,0.9754863280138389,0.07876705973033103,0,0,0.41524229271847446,False
3672.3924861976884,3,736.0752425528535,0.8595560030255371,9,1,0.7792410689460364,True
27.099832850050415,7,9.087981468297585,0.44900059609263643,3,0,0.5200345641520696,False
21.768168476713782,19,1.6464973700919021,0.3458855962945037,0,0,0.42562640953771513,False
11.483001493068427,7,2.957828522940164,0.020516355274723282,0,0,0.4911096300383858,False
50.101695463510296,19,1.6796905842472039,0.4504412113470341,1,0,0.44776874136624545,False
28.885526965934748,8,0.16622897920607674,0.11353516265195049,0,0,0.4359864945962321,False
18.80464747454566,18,5.386895045996986,0.1845447755506744,0,0,0.421451937133927,False
113.60494744287418,14,6.160730967667768,0.0595962740501802,0,0,0.4905736785303597,False
25.446231412486046,17,4.095319619610701,0.15447286002744595,1,0,0.39168592179885875,False
69.56282667111678,11,10.005711818505036,0.558006904541698,0,0,0.5283781602805614,False
33.07077140986384,20,11.685851958615524,0.3348104905623895,3,0,0.5098517639154241,False
15.474471248755947,20,2.5700654619344325,0.3371864821162895,0,0,0.44158963108453564,False
49.56418959771104,21,0.07101853966401267,0.17999698943299927,0,0,0.4450300028299772,False
34.36445620761639,13,2.8548707050636724,0.07180871925116211,1,0,0.39485238903298797,False
47.1904878552682,10,10.533305315287253,0.2852600363783473,0,0,0.4486092553833517,False
211.26374240288635,7,9.54106991899416,0.09985887881001795,1,0,0.5485709505348164,False
1805.867549380938,0,527.1998699599167,0.9360094672187957,8,1,0.7711524189460598,True
20.11645367577374,10,3.1613030551300776,0.2120914666646925,1,0,0.39365306245829856,False
48.37982168835305,10,1.4928138359689087,0.3257654763139742,0,0,0.4140503498993358,False
27.1845304430441,11,2.4931064529674956,0.08311433176274122,1,0,0.3936925148144928,False
24.08301699595744,14,1.7748137239215873,0.25626055308088086,0,0,0.4029076233623154,False
26.966502208398662,13,2.0303085935757155,0.16590568522769283,0,0,0.3954041734134816,False
24.220666318142182,16,3.938948903652078,0.19009785958619596,0,0,0.4012019234998012,False
32.35850987908026,11,9.003739053760658,0.007124662875746584,1,0,0.45511391559692055,False
28.828491665678218,13,7.964455447021181,0.035598468382516756,0,0,0.44631724955552954,False
21.409720002714035,12,8.773898836869297,0.10446893279510377,0,0,0.4256008602634432,False
21.79206049582511,9,1.000461226361779,0.25011608707224203,2,0,0.4118551010718206,False
36.54829080080137,11,0.3555699191237217,0.10053278069260534,0,0,0.41464296300437664,False
38.17455395914403,10,0.1860291636945621,0.11303587643150265,0,0,0.4139282513978215,False
92.15865552251019,18,2.904392519185125,0.10242905643057978,0,0,0.45804802145998325,False
48.83712659207559,15,1.227816895782734,0.020281922204344664,0,0,0.4356118553061366,False
12.641264365062026,12,0.9426211673010579,0.01347913612155813,2,0,0.4426436309640808,False
9.89014140275382,13,1.2801525991993628,0.17158553851594843,1,0,0.40036121557090804,False
19.093498368518336,19,0.7274268786595265,0.41459218551985544,0,0,0.449105243977886,False
37.85916955994689,17,1.3991925867104291,0.31060360022168154,0,0,0.41100502287887586,False
41.235206040997284,14,2.4264255449721928,0.3733857549444332,1,0,0.4071727312942801,False
69.38829865257892,12,1.9972506865256228,0.05657594883195674,2,0,0.42761917956695844,False
18.213240405576496,16,1.9144410669275576,0.22360400366369707,1,0,0.39451089804443357,False
67.32411174363811,15,5.859463284384294,0.03377609374304985,0,0,0.45133961713666687,False
32.94116812447046,17,6.057188254333682,0.060185351629114266,1,0,0.41013507016209366,False
43.1780920101575,20,5.6929493053190665,0.31979250591206676,2,0,0.4433001312249231,False
31.371020475513472,22,6.129850952475852,0.13530829801316255,1,0,0.44266042784661713,False
58.18643506454214,15,3.4885750274153686,0.019748966608131403,2,0,0.44203153277223733,False
40.19242232408858,17,10.784586728962493,0.12507977142617613,0,0,0.44425614325806945,False
69.20247452393106,16,5.33237246559761,0.05839343206828338,1,0,0.4288935319787414,False
18.242996879170764,12,3.569970821648546,0.01954202898207298,0,0,0.4407462202807703,False
47.96007760586735,7,2.4482578355864475,0.2482839549721752,0,0,0.4491105252695772,False
97.41426136875829,12,4.014693779477739,0.04540801717139176,1,0,0.4578989490704924,False
104.35232192977077,11,5.720666079942029,0.07698215410380678,2,0,0.46331264303409014,False
1623.0238156663008,0,198.8373373565298,0.8172255511063755,4,1,0.7199030733806844,True
46.41927359131884,21,2.0647802002765476,0.02835086325455498,3,0,0.495435245029707,False
4528.303586914566,0,269.12967737514856,0.8106774577731028,10,1,0.778362857788154,True
18.998369805781103,16,0.9008702833810635,0.18040840693947088,1,0,0.39021551835418355,False
48.86377902317478,20,0.5106051898374299,0.16642681550992308,0,0,0.4239370278544363,False
29.299160078129454,15,4.148346596673824,0.351536351449827,3,0,0.4464937513752396,False
30.765354947404173,20,4.430218315248428,0.23307891274644948,0,0,0.4231606046514828,False
26.590923310101953,9,0.8169108949621953,0.045941609211742986,2,0,0.42382425670512525,False
67.15950825504848,21,3.1633548381462737,0.06559489155696432,1,0,0.44293396104209176,False
38.21241544882761,14,1.6354820585950218,0.3767919100534971,2,0,0.4143497056219918,False
67.17980940865154,11,14.646749509566583,0.2650010182089078,1,0,0.47261547597809933,False
15.507779221696774,10,1.174588432976922,0.32142304135253424,0,0,0.41759436430501795,False
30.172174373551304,12,4.135703365213032,0.3398550979215103,2,0,0.40847249211610903,False
28.31814952210998,9,0.20366394726461154,0.0981378121928008,1,0,0.4117676103103099,False
28.273179937182178,12,0.3523487453441474,0.1595894965417907,0,0,0.405717843016071,False
63.591052220338184,19,0.7449246988772159,0.34914357960366615,1,0,0.43357860341652393,False
22.250826522185736,22,0.06701133961416711,0.16475098121891452,0,0,0.45682855763476726,False
3190.550557827647,1,689.7453685300047,0.6117433116062995,4,1,0.743866460779854,True
48.41040397407226,12,2.3879151131811747,0.1905849455397885,0,0,0.40335069464908024,False
80.16186065771875,10,12.380797958001091,0.1279098815384098,1,0,0.47242281864064856,False
43.24303115007651,21,11.60952019958474,0.4021138390724114,3,0,0.5287407661189762,False
12.03861149939138,22,5.220143671310746,0.5999534124125314,2,0,0.5440061341942176,False
38.69556752904212,13,1.6904778654895172,0.4265426552725906,0,0,0.4273318609546994,False
21.42141111810631,11,0.6384701545170697,0.23463445855902337,0,0,0.4055920953555193,False
46.34889757499983,21,0.17326753884357507,0.2932836558110468,2,0,0.44579198404987497,False
39.25445187827587,7,0.49585592906921805,0.3049627914080602,2,0,0.4471464103386683,False
65.54743386148816,12,2.4564347451726176,0.05765982198878948,1,0,0.4198918328261515,False
38.35209502104753,13,0.9255628199467413,0.4264871777991886,1,0,0.41377563284897084,False
129.09989988130482,12,0.8433054609962743,0.35973516421870483,1,0,0.4911008259031679,False
65.19577463214917,11,1.836857097200438,0.1616941450705075,3,0,0.4435815725503871,False
13.897827271920823,15,0.7853374169954951,0.12602222859480902,2,0,0.4070362933243553,False
40.606380795740414,12,9.217505882110473,0.3110082293757938,4,0,0.5165047077359357,False
20.91943923322271,9,1.5757793979547008,0.15897257086029307,1,0,0.39967526043046214,False
29.82942321689112,10,3.4934449997450523,0.4669443942618391,1,0,0.42777503326933747,False
80.45952188146181,17,1.570639798672103,0.1612507853850123,3,0,0.4625061568966283,False
34.826848640956264,15,10.708335831131862,0.08780098290098062,1,0,0.4230199968345006,False
77.7778813778302,21,0.9545676288510616,0.05821836785473401,1,0,0.45859555463930296,False
39.71897248003392,17,0.4944496109949548,0.017644864526055286,3,0,0.47400256244719385,False
52.80287912811407,21,8.967598090018868,0.051312797125907035,2,0,0.4779715708916315,False
21.106166079378088,9,5.153704114381241,0.37443383615183845,0,0,0.4394687481068695,False
111.41537905376677,17,2.0455166168751204,0.3246497051037554,1,0,0.4641638534467533,False
77.7317510210465,16,2.664035995873,0.3333551491919924,0,0,0.441523551637814,False
53.699687575956446,18,2.259570337218337,0.33702284034443514,2,0,0.42312567028877157,False
19.966619173430452,8,6.862194580685562,0.23204875517432205,2,0,0.43414520428935244,False
24.951510958355357,10,1.6924814842690061,0.4180195611443527,0,0,0.42915286640703676,False
46.91031460647862,10,4.954769005908468,0.0840738274702838,0,0,0.4193963065111915,False
39.14679563910534,22,3.489681870167032,0.40850572922656286,1,0,0.45343929684104,False
37.997745327112355,8,4.583040974299311,0.2436850105439784,1,0,0.41600294368558227,False
33.25896105568132,17,1.6511264627933149,0.17065439700446602,1,0,0.3856842341869144,False
52.72751956363538,8,1.0008064292394623,0.1769324836610983,2,0,0.4281149702210684,False
17.86596409215587,21,5.715532024431867,0.15080644614996078,1,0,0.4271335584268635,False
33.02352600353278,18,0.5138223282373112,0.5341050445473284,0,0,0.4785004435018999,False
14.445126595128157,15,4.340909311291302,0.056385045562443906,2,0,0.4171635975708511,False
15.368222791286614,19,4.705174456855296,0.5246598476650599,5,0,0.5916948895177123,False
20.374990821826874,8,1.8515044761914305,0.06137352655094632,2,0,0.4310958254159647,False
18.083766696259925,21,1.29664179540018,0.2709366294493759,0,0,0.4367278291027492,False
38.881718226179736,12,3.0649308267232565,0.04474311472234201,0,0,0.4193301510631414,False
87.36761175527079,13,3.7326558550103566,0.1121249548899951,0,0,0.4403525168509717,False
33.618524072344215,21,7.253892787884427,0.3457618246818934,0,0,0.4588605375982952,False
30.016329118325533,7,1.2348821142948807,0.2586350867003631,0,0,0.44373488246080156,False
23.36043173115231,9,0.3825318034065591,0.17287369084515752,1,0,0.4057316217342651,False
15.162712028298545,8,10.884667147029397,0.3335483438345886,1,0,0.46161354542446925,False
18.81006410399214,11,3.7906281273995823,0.3405484811755671,0,0,0.41873023906124446,False
71.69339812188747,22,3.1990550526299306,0.18167349675972247,1,0,0.44748272448596954,False
22.84271089560071,16,3.0769358631954344,0.24441607319639513,2,0,0.4009954303708448,False
13.648305127110268,19,0.058000134643821935,0.5012474319434487,2,0,0.48826420004258725,False
25.885413046024468,19,1.6180987983042645,0.1418854344674567,0,0,0.4058389478839455,False
21.505567606018232,12,0.5294728590682432,0.11580372241794622,1,0,0.39456353414034695,False
15.654437663667057,12,1.4650803823422263,0.05009793198587665,0,0,0.4228085989524532,False
31.739775594773757,19,0.5030012042022218,0.43627106416198946,0,0,0.4507001661117178,False
30.721826118798976,12,10.380887774566359,0.37755042119216925,2,0,0.4509383352858065,False
15.156185461211129,10,0.27995999063824817,0.41826646031438747,1,0,0.43490722138574367,False
61.21910438166479,16,0.558928650491514,0.10624670995165755,1,0,0.40842961101872255,False
40.55036287213601,21,1.8340714673830492,0.0010569323692324916,1,0,0.45461664018075604,False
10.832048010294766,8,2.8480470197457572,0.2760817201304901,0,0,0.4499523367215046,False
47.218815059855444,13,7.370554918107361,0.11879925854928056,1,0,0.4106362634623684,False
22.700644346645866,20,1.5675193924180348,0.08025677768754208,1,0,0.4078414759598738,False
33.19767122353834,18,9.835662197361856,0.26418135131949533,0,0,0.4424448493749237,False
23.856991622935883,12,0.014568263832096523,0.12214622303317861,0,0,0.4140788171296839,False
35.44642220627826,9,5.576914341874941,0.2755324803203082,0,0,0.4231688898879373,False
27.21087587819708,11,2.476857403465851,0.43378833004808853,0,0,0.4270739824940479,False
86.70856058443209,19,3.0436897158537666,0.2927150512437164,1,0,0.4475757184996736,False
174.24485718798633,13,0.8159523123871286,0.2904774321822476,1,0,0.5140502230121329,False
31.769834506780505,12,3.4910538942753586,0.0883240230131722,0,0,0.4052718744565019,False
11.674082840587007,17,0.15727440995903322,0.3289164362611942,2,0,0.43195939211684237,False
34.21322109992625,16,2.2904265331559324,0.31233361545831445,1,0,0.39342954072263275,False
47.14293189438578,18,13.96428032400112,0.4713382974891217,0,0,0.5175038974296856,False
28.775509984486074,9,0.5946551438405647,0.1103422308534216,0,0,0.42147167412151615,False
28.424035229342984,17,1.9406840292841163,0.1985563080989686,2,0,0.39813100060535206,False
24.14545061666158,15,1.73166275198814,0.11715582032222413,3,0,0.4311485242020286,False
17.074853383071027,13,2.6648062668490535,0.2088272454609856,2,0,0.3989786165782498,False
58.70993702645042,19,0.24029988799441862,0.22285835779971602,1,0,0.42149984704055315,False
6.9508712467812455,11,0.38643977815649044,0.4014704162309893,3,0,0.4819150477297018,False
39.00099497794746,17,0.02981093062613111,0.22442365892798022,0,0,0.41613437536648157,False
73.49215310987742,8,2.7569304739484397,0.340463426201463,2,0,0.45470559847798697,False
11.181155523027048,9,2.790167468935378,0.18115053874011994,2,0,0.41812475308894387,False
74.55643428879957,13,1.4310575419737785,0.21336735562940692,2,0,0.4158806839099453,False
14.005732015851093,10,10.958072645201975,0.10640650700817038,1,0,0.437841889346514,False
50.741085528181934,7,9.265878392504552,0.4010185323110272,0,0,0.5079932606128198,False
21.04392605732886,14,10.78153356770334,0.03624148145264239,0,0,0.46657589424087526,False
39.0060791965006,16,2.000125682044824,0.0713554581639985,2,0,0.4036200098940571,False
14.994847011366007,19,12.410482946528518,0.22217161951944656,1,0,0.4590182728637298,False
87.32086646454704,22,0.022975674999264152,0.28383283896259415,0,0,0.5031704075918236,False
27.889513553198515,21,0.6279199158313225,0.06785492121541933,1,0,0.42619121371987073,False
25.16314292166306,9,18.448774737950774,0.3980736683259777,0,0,0.5176781321151565,False
17.701219882476025,10,3.8435090812530412,0.22848891128381757,1,0,0.3992387252097123,False
48.528136804366376,17,4.007448280434796,0.3758382825235639,0,0,0.4334891051256756,False
44.10470375403159,21,0.05250847419534582,0.2195803277049941,1,0,0.4311800209200726,False
21.885017110804352,8,10.105499482449687,0.14848949758059996,0,0,0.45371913189382107,False
15.639670648980559,15,4.310603124811489,0.4094625324944187,1,0,0.42550791401759314,False
73.06927170337339,16,2.5064284420072718,0.16322113889545883,0,0,0.42179211906773,False
31.123026023912924,20,2.5968027148717163,0.10678547928025989,2,0,0.41247927805773,False
39.93310515162437,11,1.7531772608567417,0.3186615673076792,0,0,0.40627349136930613,False
58.867196122018434,15,5.827003494085116,0.314037437524414,1,0,0.4136819734301056,False
94.78285445557691,14,4.213039602282234,0.3920363272939153,1,0,0.4644251168526977,False
12.234280604490404,17,0.3530490157992861,0.11055796362413303,1,0,0.41015015418749656,False
29.57260187030031,7,2.2955915668723708,0.116093139584972,0,0,0.44042336732857185,False
45.95458096991852,15,0.12635110750613798,0.020442396686340437,3,0,0.4717708802299718,False
34.16849399273914,17,15.013143092276577,0.1083520243185881,1,0,0.4568682260532603,False
33.58277174107483,21,1.4356529841336705,0.2523614317258053,0,0,0.42643708995951224,False
54.7907187147871,14,2.9326873764426606,0.33392455293858375,3,0,0.4491283426534634,False
40.90116155368939,16,2.795573065388718,0.31230553545363726,0,0,0.4096986201374799,False
36.456302660013314,15,0.6246665510980878,0.06461476171024255,1,0,0.39750302232721724,False
91.15230818123482,17,8.090355469947518,0.12190764238841117,1,0,0.4550240582030716,False
39.91977042628105,14,2.198001077859126,0.437598042504065,1,0,0.42028718316627883,False
42.00934487030189,21,0.3922510356809421,0.11335810411838382,0,0,0.4369511743099234,False
42.2240258239461,11,12.299812350097646,0.03190039675285917,0,0,0.4813398549001307,False
40.92053837703063,14,0.05564173212802979,0.1639983847362494,2,0,0.4049966100384498,False
23.65868596406385,21,6.744731152709286,0.34008609463830464,1,0,0.4435420626226848,False
77.0526625104545,11,9.877472795180456,0.3376893019371906,0,0,0.47167725397142307,False
21.43155484132791,19,1.3873223994765826,0.16805501230852635,1,0,0.39561815667382805,False
40.74918941697061,12,5.454408813698679,0.031213369754606295,0,0,0.4339473793394629,False
25.07119895175327,12,7.355492204819622,0.3409679562436127,3,0,0.4613982089529097,False
54.13400254931691,13,1.7575317722408623,0.2551824381400356,0,0,0.4089014537483613,False
17.841224591856257,21,1.8003847637525106,0.20577601803621814,1,0,0.4146240125880543,False
23.575853952224843,11,7.783611930238171,0.41987875908100303,1,0,0.4340786406250447,False
17.569986290115367,14,4.8829927558090525,0.13200619626079851,0,0,0.41352086697687207,False
100.51208211331358,7,1.104756706888696,0.10076707351956492,1,0,0.47358082577450844,False
9.407708678994581,16,5.227666031676931,0.145608777500574,1,0,0.40852040194789624,False
26.17132621682335,17,8.335357415796313,0.05047576651660019,1,0,0.4226218685206475,False
14.188267439622276,12,1.4949824788492223,0.039310979504995194,0,0,0.4302240085599522,False
40.02998196176911,18,5.62693568166593,0.18985728476345462,0,0,0.41815505998928887,False
52.584387981726245,13,1.4333648412620754,0.337370055046622,0,0,0.4168055670623962,False
52.632136139570754,9,3.178330830674434,0.10836198160795174,3,0,0.4476413935877634,False
50.492018557663016,20,1.3200751872465242,0.14276819590932519,4,0,0.5063048917096089,False
12.521559129328306,8,8.926991913894513,0.22218235435455364,2,0,0.45042945026295533,False
17.90862879446924,12,0.9844350484630686,0.16395190245118615,0,0,0.4040527942752156,False
42.567857288301795,22,1.3156819516834983,0.3727089823153282,2,0,0.45735147549213306,False
7.934652787457879,8,0.5705992948974303,0.04406162480879876,0,0,0.4749025288774122,False
47.92262128314103,16,0.4282375659146483,0.11688098497886518,4,0,0.49225047590006854,False
975.1286703224603,1,200.24210308377812,0.36848631077299704,6,1,0.713803792639651,True
37.40028654935771,17,4.471499054860114,0.20074581860153026,0,0,0.40782975788578396,False
9.397805404983824,20,2.3612604476912162,0.28047262427329606,2,0,0.43565655243561435,False
47.31437340507052,16,0.1634799311345657,0.3320662592857709,2,0,0.42071373322818123,False
26.19565188588719,16,0.7715786846709546,0.3054849231787537,1,0,0.3989656315675313,False
13.08282498762034,17,0.36198627838001146,0.13620798806474238,1,0,0.4069364684560706,False
22.128199393425106,9,0.33745731952076585,0.24004676350374,1,0,0.4092715457623864,False
70.48986281355687,13,2.7620675875649483,0.5768636856773118,4,0,0.5632852996498274,False
55.54536255526234,8,5.699028968361595,0.05386756611373479,1,0,0.44354996783846423,False
37.95106926355568,17,3.5992745560480173,0.2277793255338002,1,0,0.3916931193121428,False
23.062617403623218,15,1.020970795421377,0.43910081212849894,0,0,0.4362295857357959,False
58.361097030635264,19,0.08591723016449224,0.15097409198570538,1,0,0.4202228069493177,False
33.298220226595035,7,5.615975384453845,0.44684455430395137,3,0,0.5056039613461132,False
49.206340890107654,8,10.062904585369456,0.09137891494065987,0,0,0.46162444641614103,False
31.294503260654377,16,4.294252480473509,0.0954080886565103,0,0,0.4038037264194303,False
93.07596290667935,15,2.014225462440253,0.18344225455198687,2,0,0.43761655530143134,False
44.17683592124607,19,11.710380565906771,0.10123052112347672,2,0,0.4594142213100797,False
45.116419173025676,7,1.66922421609182,0.2848287972181502,2,0,0.4441706726459786,False
18.637823540273402,11,16.36877762439534,0.20813877012150503,1,0,0.4610425199401375,False
22.267982058560477,19,0.3967656608904289,0.34555051887655674,0,0,0.43292149572561356,False
19.690776276880452,18,6.173961139721385,0.042785273341557344,0,0,0.44432994976823825,False
26.09342623072283,14,2.8708207217128523,0.0960328721884584,1,0,0.3893845558868688,False
45.53204495612751,19,2.199889056401013,0.13742814533870437,1,0,0.3977825196346129,False
47.90184685671164,22,2.976561592896301,0.11790888948288887,1,0,0.4358477887628816,False
15.969781571270403,20,4.87996153895085,0.06234042571927617,1,0,0.42745041685377655,False
29.167994756042546,16,2.974141601020684,0.27289889167425213,1,0,0.392269970426816,False
27.55761082992196,7,7.428352069597795,0.19103603720177256,3,0,0.48261703959135416,False
9.199818904004205,16,2.8573615699821713,0.311435795517749,0,0,0.43375746958931133,False
42.00737093443472,12,10.990808484338752,0.4620773770560138,1,0,0.46429605852082156,False
49.266725831192936,11,6.394999559792363,0.15809152814766908,1,0,0.4059837163675876,False
38.183476217348954,15,1.337999297654333,0.18215608726838606,2,0,0.39354867185155445,False
17.366766780954535,13,2.808795907359618,0.07836657676465514,0,0,0.4135107829876296,False
34.14735856941992,10,6.163409043409449,0.08483126075500975,2,0,0.41458330583614317,False
25.090446838211303,21,2.844367552897433,0.14064563164678776,1,0,0.41036740969763585,False
32.60992088791533,17,0.8035865770776321,0.14329183894108358,1,0,0.3897496308830214,False
89.17107889147408,8,7.920248235485288,0.05281191142247688,3,0,0.5198875580401272,False
44.089474316566076,22,7.785581362773822,0.46763982812894156,1,0,0.49382022433100037,False
17.726264688576304,19,0.622010341604412,0.32351961767628823,0,0,0.43664937239166646,False
24.98013353771213,9,2.1846789355094525,0.09669327252727407,1,0,0.4006616208773364,False
44.64551081281706,19,2.1721300840941873,0.23024619787673198,1,0,0.4005728107475143,False
78.33572107291329,16,15.076853251874697,0.26989513018318934,1,0,0.4812410766262894,False
42.929389917485615,22,0.7624054513261033,0.4871327886596731,2,0,0.4900316589658727,False
48.01448182949184,17,0.9226869548222647,0.14069319728907118,0,0,0.40706728549574733,False
25.91081750709797,7,1.274818444618349,0.17421752754758138,0,0,0.43925466694193854,False
42.76304812416934,21,11.170330432448038,0.18403605227138817,3,0,0.5056031886370693,False
32.9047424246497,7,1.1669508181698278,0.2270456353518112,1,0,0.4243605271881348,False
35.21539765229724,13,0.9399413606299137,0.13359783961984684,1,0,0.38613237317148724,False
50.58129520738745,16,6.064467548598019,0.4005790450054916,0,0,0.4483186491575704,False
90.83911470884443,20,1.2884082778900598,0.1974777963501657,2,0,0.4613623442985076,False
48.62453289389521,12,15.641935072139267,0.2797869168012436,0,0,0.4835064196226801,False
26.209294980696068,10,2.323608869389539,0.41327184057083655,0,0,0.42594161599677005,False
57.24220280345592,9,8.270287705503119,0.12395273853667055,1,0,0.4314591734910768,False
50.05723348970713,12,7.089127065506415,0.194433731501713,3,0,0.448076518389217,False
64.30283849986614,10,0.40500250717317565,0.17500010348802966,3,0,0.4537666462451754,False
27.77357552580143,7,7.981379979986793,0.42427829521915467,1,0,0.4679452955890116,False
58.11513796843505,9,2.332625204403369,0.25727192390314624,1,0,0.4119263142176111,False
42.615467554371804,21,2.1756226444082687,0.07078040084515862,0,0,0.4372615766812393,False
18.371275820131427,13,8.924686182386305,0.5248767726657368,0,0,0.4962696672905235,False
