user_id,amount,time,is_international,is_fraud
17,3.235379507861118,0.22638214374261167,0,0
154,10.705790382690248,0.3001801702347784,0,0
130,7.4681323282207055,0.4624586639090822,0,0
87,22.60200984812557,0.5937241209734712,0,0
86,9.136997200056184,0.6667968466115415,0,0
171,12.433681185190823,0.6878400649059824,0,0
17,12.778890207338927,0.7127956269979929,1,0
139,19.14104185080204,0.7145741164528197,0,0
40,11.839930311614392,0.7574202434794586,0,0
18,6.9463331085640565,0.9287600085519365,0,0
105,21.884233454204345,1.1742102935027088,0,0
195,58.4097726811282,1.3893896688044105,0,0
147,22.83892222873739,1.609347418125937,0,0
152,10.915453765186463,1.7362061508078863,0,0
77,796.7070985419407,1.7622729431370139,1,1
143,17.758310346780476,1.784110217056618,0,0
157,2.5840740164405536,1.9492370465667541,0,0
81,46.2540768422737,1.959506852630488,1,1
102,17.47195895654926,2.0673439882653444,0,0
25,13.458967747670972,2.2039955021469204,0,0
42,104.25006189101623,2.211064183672049,1,1
167,7.897447784267007,2.3095372933324843,0,0
90,9.467848096780845,2.506985052920463,0,0
100,13.326646117711588,2.5163863987299084,0,0
74,54.18793466491757,2.603696245157474,0,0
36,59.86310767398839,2.682365815886927,0,0
151,179.44954420882738,2.6825944664470787,1,1
185,7.939694817539329,2.803785394415481,0,0
156,11.964245096881777,2.8410912195800364,0,0
128,12.273102051598116,2.882276958800949,0,0
80,45.129923356292196,3.0836236557132057,0,0
164,23.23144044053663,3.1418074905950633,0,0
109,22.038476611623626,3.1686637705564102,0,0
88,34.33834340802589,3.20329786238136,0,0
90,11.062782996253347,3.589175012020487,0,0
45,78.56187841624114,3.7308598814574534,0,0
18,20.050525092861523,3.902255869102529,0,0
110,8.534250639087302,3.9608453086551165,0,0
177,15.96437626020022,4.031595982253258,0,0
12,68.84986911856079,4.060429072212219,1,0
171,13.129450858444805,4.1262485134473526,0,0
165,51.91240604302624,4.21201632499721,0,0
55,10.747296206119515,4.361844333781244,0,0
126,9.340280680388684,4.38500136609127,0,0
33,38.84570085526711,4.553746012609459,1,0
151,8.381504553377368,4.835364597637302,0,0
140,45.72020168211294,4.882751568939572,0,0
70,28.549116760066475,4.952167944719799,1,0
13,8.384678611266336,5.1014550023625915,0,0
194,18.70063080175293,5.290660126269131,0,0
89,11.602559373709505,5.368630625138184,0,0
178,28.473577633413097,5.387757196871963,0,0
135,132.66116487373785,6.092293744318251,0,0
155,13.86399784691088,6.65202342132913,0,0
38,20.58248850420504,6.793723891908394,0,0
72,20.57460818371925,6.957398707378726,0,0
93,17.02690737047685,7.276783990506139,0,0
99,8.52141625081378,7.293122885850352,0,0
8,28.082313048367375,7.299049781303735,1,0
109,15.048198004118834,7.376659476105205,0,0
30,8.127065540376181,7.486633087301184,0,0
148,55.37749380742358,7.742676672018378,0,0
136,22.175977817244096,8.05446222255136,0,0
184,15.989000909030272,8.50254348888332,1,0
148,76.71188223910933,8.741448663871365,0,0
73,3.202457438027427,8.79513329905258,0,0
193,71.72366892987866,8.816879369392145,0,0
82,8.329571804732165,8.824897342819584,0,0
65,24.81709026481397,8.882038403428192,0,0
181,11.155540115807472,8.92599401937309,0,0
74,7.9804831883530705,8.975275083275083,0,0
15,74.73036677770072,9.025350968501993,1,0
93,128.53697002041093,9.249298960243841,1,0
159,125.3243471320667,9.355211043693297,0,1
37,28.091715258052243,9.84862387704803,1,0
92,21.2634843476948,9.970305101256907,0,0
25,113.35299932594415,10.060357981293047,0,0
137,2.427469975319662,10.14814473253617,0,0
95,29.286405764357664,10.1711339350953,1,0
66,9.707256376185441,10.233381293742232,1,0
45,1.904150502219901,10.393058000895907,0,0
112,14.00577721305599,10.618161768956726,0,0
133,127.49138464587816,10.78243627434766,0,0
188,10.422331978426522,10.936875371043273,0,0
87,44.29029181136206,11.085591571610296,0,0
32,66.59784349474828,11.21810403061799,0,0
166,19.832126977713465,11.378332197573249,0,0
125,22.65670010160683,11.459738188591864,0,0
140,3.609979499280107,11.705119122757282,0,0
19,54.129922349876985,11.86718442923305,0,1
62,49.749858746288886,11.873706463907938,1,0
153,21.34204556186142,12.114676262033797,0,0
166,29.001322762425367,12.114818648962844,0,0
87,22.94632010595655,12.5460379561747,0,0
160,179.8285585099557,12.96493846538688,1,0
168,13.059034182932228,13.126372552068215,0,0
179,22.954252700789244,13.573136907326386,0,0
57,109.31121250331088,13.972428355692603,0,0
47,5.90041041727215,13.984407402293106,0,0
136,24.15888466881727,14.075979582940565,0,0
127,13.549006398005096,14.197639688269756,0,0
27,23.09167899228825,14.385545445465109,0,0
166,68.195341950179,14.504019477553625,1,0
39,29.33582910623834,14.58630721277717,1,0
160,68.05952500779885,14.5880123069802,0,0
1,10.275669400486358,14.665301052751918,0,0
159,8.821267282110478,14.718947862780603,0,0
157,20.41163483127072,14.790984860263592,1,0
156,19.32399951529137,14.856687383434135,0,0
132,16.678836347802054,14.96651362260593,0,0
94,7.701139264388933,15.151593929266305,0,0
141,66.59647111304389,15.59007002306652,0,0
55,13.9735016853726,15.699440001974345,0,0
156,83.60289278744939,16.131934931242668,0,0
111,20.343132084155812,16.213566236577684,0,0
91,38.414267144614705,16.3108711497149,0,0
101,35.08275302714741,16.41617825397801,0,0
113,8.808571307422358,16.747516887672784,0,0
7,28.99730578057422,16.769563203379157,0,0
27,138.14901818493345,16.940239072759695,0,0
49,25.831954009894634,17.05843822774409,0,0
22,49.46556344836379,17.062129525489,0,0
87,40.176082046585165,17.31634248475529,0,0
133,27.304449066043738,17.445134943061102,0,0
130,24.203051438768576,17.628077856679482,0,0
94,34.719988519110025,17.840070116349693,0,0
171,43.08963782351664,17.962357468788497,0,0
113,5.1957238094950595,18.0289461637322,0,0
15,25.72087423063671,18.361126051342467,1,0
152,16.708575978425117,18.382922739684222,1,0
114,13.578303070708188,18.50671553419747,0,0
126,73.40296860618467,18.58823583225871,0,0
113,9.648994875397195,18.666884225479777,0,0
110,4.979009320845858,18.732530557130403,0,0
18,44.51010425848076,18.75776571180502,0,0
111,4.853044031580522,18.86506861521104,0,0
158,2.9213823799412273,18.87073671514237,0,0
60,49.81258634703149,19.005011123432382,0,0
120,23.540497846377004,19.064952939573683,0,0
6,32.22426136453043,19.33615938702811,1,0
69,12.904452737006912,19.360541023384464,0,0
87,5.030874713972345,19.393751094323566,0,0
196,6.136243740980374,19.54077039660982,0,0
55,5.627116489282359,19.666164291301182,0,0
81,27.304537769623607,19.834287329848436,0,0
198,12.648543395787392,19.918210252544604,0,0
170,24.168159588620536,20.21040857804902,0,0
6,23.45651140553543,20.318063167676385,0,0
46,29.571159774706732,20.370460059442497,0,0
164,33.09832004902138,20.4075148114069,0,0
11,14.240633740195454,20.93156220153384,0,0
171,24.14239120870551,21.334957903001595,0,0
56,25.43199757917058,21.47911776934926,0,0
183,1.7702303704383648,21.75116273429073,0,0
58,38.34122721563837,21.757826700971926,0,0
86,23.334715707190853,21.94625456974757,0,0
132,35.30585680185458,22.080224494101593,0,0
25,5.5464406880215735,22.31624770641681,0,0
111,14.646872403236324,22.380609605781867,0,0
101,6.742768137044035,22.43218379520269,0,0
156,42.29214520317431,22.493504873267867,0,0
199,4.927754747921956,22.519620917860614,0,0
132,7.935490906812595,22.60196634232626,1,0
81,34.271500797911365,22.738558098958926,0,0
83,7.937587146228432,23.276783408279577,0,0
162,49.73552316202384,23.585205789860588,0,0
64,51.81666193866628,23.66472259185766,0,0
33,41.3499491838294,23.713930582819557,0,0
66,46.932465960992396,23.802624392482574,0,0
4,15.933450766139527,24.049773405629455,0,0
21,16.36929011365077,24.108169677912343,1,0
18,10.505707926067197,24.199177814100665,0,0
154,23.75348288969344,24.39201250264069,1,0
144,11.847319893476838,24.811298480402186,0,0
139,13.025823289815873,24.819114839589204,0,0
92,36.594590684641844,24.89159758912666,0,0
143,65.66323931363424,25.139370112377488,0,0
32,29.912015452402073,25.265351464421855,1,0
180,120.82169518076512,25.48047050134454,1,0
100,9.919320569439561,25.5815409808962,1,0
187,3.196400589008899,25.937932922111855,1,0
30,41.04331159896028,25.965150796602323,0,0
99,9.2828299085503,26.080078352618585,0,0
139,15.276378679339729,26.140086795222153,0,0
99,3.421925792711786,26.231002063099993,0,0
89,8.17262171425895,26.43277505792378,0,0
33,4.471717591241437,26.495568288084943,0,0
76,13.009719560181807,26.533109239238257,0,0
47,13.537295501225932,26.534979804133236,0,0
60,21.976207954492978,26.755676509937167,0,0
136,69.38862605300211,26.78834752807635,0,0
126,39.523928167768375,26.837919354987854,0,0
121,3.966286885797764,26.863410530107874,0,0
72,36.89276405006316,26.881022047793994,0,0
191,22.460421086973195,27.04019286264562,0,0
40,65.05460968837761,27.230276099031016,1,1
17,18.213691071655965,27.26360398305232,0,0
4,28.198779022885816,27.473630166377554,0,1
68,19.634740466929305,27.522320603573334,0,0
23,24.644467376263655,27.660193753712107,0,0
67,10.055434242211568,27.88027288487725,0,0
192,16.737457009084626,28.015790957434746,0,0
73,65.62384520572604,28.050328379608693,0,0
181,9.935301428207346,28.309955783954706,0,0
99,7.17147981994929,28.717633953463686,0,0
139,18.883577936781474,28.75818606225783,0,0
91,6.484622100718022,28.761455244691074,0,0
53,3.5866437568352447,28.822509215470042,0,0
152,14.232567477610713,28.93073229249864,0,0
193,85.50902146302607,29.110990602962676,0,0
52,19.324928684110525,29.159245392024758,0,0
155,24.012561624643418,29.17946454930897,0,0
52,2.38655676210997,29.327950659957118,0,0
143,31.12855273729204,29.40163008615442,0,0
157,22.051174401417146,29.426392635605517,0,0
89,10.3303397471915,29.630304037728223,0,0
147,24.047967256067224,29.702183404725027,0,0
54,23.810379931086494,30.14029829292341,0,0
15,6.962315262181951,30.262061831034384,0,0
19,27.990179787416217,30.287838278203907,0,0
89,66.49557622569326,30.48440443860671,0,0
180,15.991519085066761,30.761205537909014,0,0
25,8.435135649091164,30.92949171046409,0,0
91,16.81749864250235,30.942090465767187,0,0
140,47.21035221181311,30.96234053283677,0,0
40,5.892504742725364,31.061507828572683,0,0
144,35.821857750443904,31.206439469710023,0,0
61,10.195898600933978,31.262443368734854,0,0
161,25.586454270283163,31.577964060899504,0,0
115,11.42345530932245,31.659601120520612,0,0
109,11.39281672458979,31.78450720246106,0,0
35,92.12026173932153,31.966053775624896,0,0
92,4.908230105282302,32.00938303419399,0,0
171,32.634374897520495,32.23403279165905,0,0
3,113.44571163649849,32.35781052662908,0,0
151,39.86592410207511,32.374254599155776,0,0
98,5.306343443266008,32.71014344070785,0,0
143,5.575709038676241,32.818070640632115,0,0
132,9.472327217899451,32.876845514428425,0,0
86,23.52133570319775,33.07463791684044,0,0
61,25.177297461646827,33.1667280735776,0,0
125,5.631092345935295,33.42531223988797,0,0
28,8.391695128030204,33.52402924472612,0,0
116,8.921976591503386,33.58577106620117,0,0
18,16.764326261163546,33.69955810713873,0,0
129,146.15905657259344,33.737056320351655,1,0
125,7.899606391544128,33.92993994881212,0,0
16,7.561292694153267,34.10191677548735,0,0
151,6.467953192167269,34.11664834867099,0,0
83,37.92249877732332,34.180918151827946,0,0
157,19.27209902619504,34.18709600032511,0,0
8,8.197042773362133,34.638140172000945,0,0
35,13.974083230669214,34.82454686338913,0,0
98,9.101959309125274,34.91609923581585,0,0
37,27.00146924996713,35.04056748540121,1,0
65,294.234364163456,35.0801472619639,0,0
132,34.843423327358984,35.17913286579534,0,0
28,18.302020889904657,35.190271332630445,1,0
135,10.329713133483814,35.66515828815058,0,0
20,5.241459122773622,35.81191117516931,0,0
35,41.83317693968,36.24900929025735,0,0
117,39.62079783977322,36.47997308366666,0,0
158,12.602547843396916,36.68686420043046,0,0
34,67.58148013015314,37.13727197122055,1,0
59,20.51398685052746,37.157518780029115,0,0
185,43.58707822294901,37.29968326070888,0,0
197,27.009725423907078,37.40580270580027,0,0
116,16.824970465279094,37.5039179781768,0,0
89,7.730050446864909,37.64304779135256,0,0
69,17.365116718220282,38.18330760375681,0,0
122,46.6209806754053,38.276043649003924,1,0
118,12.083790037202268,38.394061152005264,0,0
58,31.178894126546915,38.40094202934782,0,0
30,43.81859786845316,38.675062904562566,0,0
191,27.465792917629145,38.71779088935993,1,0
83,6.03689158459868,38.769379520261566,0,0
96,16.05444047593216,38.91910436539142,0,0
93,50.98038288012079,39.08958317849706,0,0
156,5.702858037970975,39.103398619709296,0,0
12,6.8829666723113725,39.1550214001088,0,0
16,18.73705371150744,39.197107723973616,0,0
55,169.58100706337385,39.27133124723856,0,0
97,10.251478262942733,39.304115947026794,0,0
134,32.959317555242826,39.437357321113986,0,0
98,26.053064686681868,39.745607909811234,0,0
88,11.139307840225257,39.882284435014306,0,0
187,23.59732484980884,39.94991029750658,1,0
32,12.834865535878567,40.25910122973167,0,0
114,14.043999319951654,40.27742926160401,0,0
108,3.814189141135231,40.90872844798662,0,0
94,19.600670309847118,40.977505532484614,0,0
161,49.35768640419763,41.082420191012055,0,0
53,21.272725830869412,41.24933764004581,0,0
190,59.77023298309325,41.25812726917882,0,0
66,35.885289415952194,41.44034587964726,0,0
109,18.924524881467217,41.472756272861844,0,0
104,10.719606490500281,41.48889951388075,0,0
169,12.350990776063203,41.53872359983687,0,0
87,4.61581996500327,41.59009050826285,0,0
56,15.377741548611391,42.058353279325466,0,0
4,23.24287790790657,42.240335279429566,0,0
72,111.65581929528192,42.32855632825155,0,0
165,34.066698490991016,42.33676163291831,0,0
1,8.458281493789723,42.41904432177853,0,0
179,4.761828458785265,42.46255468077203,0,0
108,16.33725222482301,42.718439321976554,0,0
28,45.23017473911516,43.19340090145075,0,0
60,16.109089264884442,43.53377322626276,0,0
110,34.53537548260822,43.64278200540137,0,0
63,16.757979799193635,43.709172913376435,1,0
21,41.14080431505337,43.79750460098023,0,0
133,4.066334491408348,43.809748341127175,0,0
134,99.90124221343328,43.89000040645631,0,0
23,25.06032513029152,44.013169699266086,1,1
56,44.42188839046313,44.13892735687844,0,0
48,15.29943661744242,44.34844385821015,0,0
131,17.888751359368865,44.36927883188065,0,0
146,15.782442595525206,44.50461197163507,0,0
145,25.935289883550297,44.51685170256138,0,0
187,31.738312371384282,44.55754345841505,1,0
153,57.87939863338444,44.740212576391585,0,0
64,82.10089211485848,44.85727460427278,0,0
21,27.989279077833377,45.037286119651974,0,0
122,111.46094262420569,45.05120340923475,0,0
183,22.042502972286574,45.14730293028662,0,0
195,58.99427246050906,45.18956011003407,1,0
46,30.83713584367526,45.28169447006058,0,0
47,11.597567392466601,45.30960933879353,0,0
7,24.076449279068342,45.56421604946665,0,0
28,33.22065687631678,45.74401077264221,0,0
110,19.449120851335188,45.83778430958181,0,0
109,30.351821069565684,45.90125022045818,1,0
74,47.72058992292373,46.0602305339568,0,0
61,19.62151872264513,46.23037312713437,0,0
165,1.0577164917506359,46.33126716594913,0,0
92,107.58380782364927,46.33508283590849,0,0
161,104.86763293602498,46.409351367534306,0,1
192,8.817335961105348,46.85589156781142,0,0
63,6.526623303069097,46.95528232766614,0,0
190,11.441558036533253,47.74522868710197,0,0
126,9.611790636013488,47.77401871481836,0,0
58,10.154061062584901,47.774984224753325,0,0
124,34.11519287967418,48.357190049544194,0,0
103,152.98860492479207,48.451570366431994,0,0
181,45.630283047217056,48.45893088167745,0,0
51,61.71939250905286,48.686405493092394,0,0
198,13.771344786202874,48.70047924220634,0,0
187,22.30175479102325,48.85112369087655,0,0
36,30.76822200373162,49.14943599736845,0,0
32,10.385827188109696,49.21048108485172,0,0
82,478.3425154657753,49.281800847698804,0,1
106,13.12173386922577,49.36328356669017,0,0
8,47.207461292673806,49.44814959540243,0,0
59,59.757383422391456,49.49157742445625,0,0
87,21.486187128209586,49.5557390276969,0,0
193,6.079015868974763,49.63604524743939,0,0
30,2130.749244296881,49.85164147167166,0,1
198,14.945466605822983,49.9799026435432,0,0
30,4.752490828224119,50.11992129499602,0,0
178,21.654264504056577,50.28378659532231,0,0
18,25.930065129003328,50.482391071812394,0,0
149,15.321998082721402,50.51527162935109,0,0
169,163.1576150295164,50.56802703842632,1,1
178,30.474834329710774,50.62401976640786,0,0
44,25.967922930593154,50.75244385698176,0,0
178,6.040396815402735,50.86851535519963,0,0
23,15.59165249377423,50.9763396770344,0,0
103,30.260492331362396,51.182925800458506,0,0
93,97.38885424581005,51.21326579442648,0,0
63,15.303388121940014,51.241552234483464,0,0
185,145.965316972834,51.28674348373393,1,1
4,34.842579943998324,51.5264400446053,0,0
154,48.33480550070199,51.54285754937952,0,0
67,16.5001966930673,51.67950700375349,0,0
132,63.33307772019687,51.72110620819822,0,0
82,66.83145356215353,51.836951619693465,0,0
74,79.86875572549653,52.16758098902772,0,0
177,31.767131956233918,52.26582695303896,0,0
18,212.75414487928762,52.532165635297744,0,0
147,10.855988760822571,52.589717828466426,0,0
149,168.0190870225014,52.69009721829087,0,0
75,43.30635922997114,52.737110040637006,1,0
52,76.7372564565188,53.00056354779376,1,0
1,14.584542652762297,53.06099913960486,0,0
187,46.734128602699826,53.07268976038933,0,0
189,83.67783801686902,53.73333444190447,0,0
48,6.770949690117313,53.779046423869346,0,0
6,17.058928258290916,53.842704643691526,0,0
24,2.3602022435111283,53.943621306817505,0,0
13,16.804841394717737,53.99891229530869,0,0
166,8.8816895765937,54.06435405589747,0,0
178,16.155043824645603,54.10037371118135,0,0
149,111.92214624774041,54.238076960906454,0,0
35,4.761451045591275,54.682823451749385,1,0
73,35.0136610692249,54.98049850027865,0,0
119,44.65342834685712,55.17983624463468,0,0
143,14.326384588109871,55.25310712298203,0,0
174,24.006091320327542,55.63154178263062,0,0
8,26.46921097218846,55.83720546825578,0,0
39,5.224654269464704,56.34648553217054,0,0
56,7.1611504533959796,56.55237395936921,1,0
62,23.86222628411783,56.92980770492811,0,0
199,22.184692587932478,57.03807677263014,0,0
155,9.889140981504974,57.048112085010985,0,0
64,9.075911901769986,57.108167410642736,1,0
194,18.360851283640002,57.24400542650656,0,0
99,48.72298806884465,57.4319825896043,1,0
100,18.606560415703765,57.61398637915889,0,0
86,101.7715739291659,57.705991106790016,0,0
28,10.015956310099927,57.99236163344149,0,0
186,24.364077196983335,58.089872458558816,0,0
2,14.093371365119376,58.155666629294174,0,0
34,257.822223050361,58.16546203522351,0,1
45,9.192722310261185,58.510579642216165,0,0
55,138.01988293166502,58.63858649338887,0,0
26,3.703904734863894,58.66846569969578,0,0
3,111.66242302573767,58.98231661343594,1,0
135,21.97682456193015,59.34815240913131,1,0
193,34.897827631207676,59.714080465084585,0,0
24,76.28870575035185,59.81959777827708,0,0
59,47.354483098750585,59.96823867691277,1,0
101,9.67914055984564,60.16466314690433,0,0
185,36.60151215494031,60.19587718126349,0,0
138,129.99213812101152,60.72832399558412,0,0
153,8.270610173214234,60.82624488749181,0,0
116,167.07261047649544,61.03781479601621,0,0
83,29.538735976926535,61.08322289863995,0,0
39,13.023718929738854,61.094870951907716,0,0
172,8.221154221008529,61.09807935955271,0,0
160,16.066123513313894,61.181822250531674,0,0
5,2.84260722762308,61.35960655910068,0,0
143,13.260047022476535,61.41353438873367,0,0
16,15.441717201781952,61.60150153324306,0,0
147,6.859169367059574,61.82697455306017,0,0
165,42.42955600165514,61.83807079505246,0,0
26,16.138919452984645,61.854411563970125,0,0
86,10.635585012699078,61.91925957716605,0,0
24,14.50750446611759,62.17896564114959,0,0
113,28.648682994215072,62.24213755354049,0,0
16,9.964461488489157,62.380218452628014,0,0
79,22.774772954752184,62.456953167362926,0,0
194,19.093043278198262,62.49631921252081,0,0
60,6.42717938304284,62.88466685168409,0,0
26,15.051765698802429,63.088496212706715,0,0
97,35.8498101165059,63.171203819497535,0,0
101,35.592618110018535,63.33389893755811,0,0
132,15.959203226065501,63.640969500598175,0,0
62,39.51865325668471,63.675913877751434,1,0
191,7.5386604193173765,63.888834965680196,0,0
104,7.775767459464136,63.98435820977263,0,0
57,15.623013268253226,64.4536269635782,1,0
192,89.79830825388817,64.839627203155,0,0
184,23.647363446321542,64.89862706755203,0,0
99,15.250834003836804,64.92382307243363,0,0
4,94.07929600729348,65.05839122502093,0,0
119,15.075359123689468,65.61464070699549,0,0
111,187.67903389732047,65.64206558358174,0,0
29,12.04580993679299,65.85856957942454,0,0
126,7.302898110063413,65.92308074680962,0,0
168,17.007221111788734,66.1305715776213,0,0
21,15.656963015604308,66.42550147346826,1,0
144,8.955608854473374,66.64243589159967,0,0
28,270.96077756118706,67.03871821814225,0,0
149,27.62238701868313,67.11711312057152,0,0
83,31.95247279718205,67.2092968900838,0,0
1,12.65586485790049,67.36779763833651,0,0
193,11.272099652343007,67.75150077808176,0,0
33,56.011574434996895,67.84550240119219,0,0
119,3.7590197830232537,68.07985247764532,0,0
36,6.405362481125926,68.3006616800556,0,0
186,15.6847906497778,68.31444864360128,0,0
147,77.55964906194876,68.51374085143013,0,0
160,13.811243779211079,68.56819940763029,0,0
86,30.451996462398373,68.65448629165938,0,0
93,20.65027588545159,68.7480566106366,0,0
126,73.4245547412923,68.94853333908063,0,0
156,4.117626815671849,69.03326714478155,0,0
169,41.92839170255194,69.04666425660554,0,0
3,16.462763454590554,69.17553516391249,1,0
132,50.647212464041054,69.25752001042184,1,0
21,8.852659248132085,69.40331097843196,0,0
57,20.58150938137165,69.49700590006425,0,0
165,18.128645092762277,69.5703534976385,0,0
50,7.371082161106225,69.66208681998913,1,0
159,5.582222457955633,69.86185958401808,1,0
92,11.241234148615169,69.99309920515644,0,0
46,22.872404242728223,70.23218887654751,0,0
66,31.27047498497261,70.61747550547136,1,1
106,14.43890698401759,70.76489050241793,1,0
153,3.0471375614827942,70.7879456106224,0,0
121,13.86475598436614,70.80427214812059,0,0
186,55.901244709192575,70.8549077664337,0,0
173,40.6573782370529,71.11069755376482,1,0
150,18.413388998763168,71.64694286312915,0,0
120,25.627159959639602,71.95090246010183,0,0
57,8.773533250196081,71.96533615764939,0,0
23,158.81857396906125,72.07590871239157,0,0
74,23.684566434180546,72.23710884843484,0,0
185,267.9193054385399,72.32818017442759,0,0
85,10.173818721935,72.37584102003007,1,0
22,5.7483954283745575,72.54829520738859,0,0
130,9.878653785087169,72.58419201728165,0,0
192,16.127239470417706,72.6848634946417,0,0
173,202.76882787570665,72.82311359587425,0,0
54,15.162736511430298,72.86360106727776,0,0
90,8.502363529990967,73.03323661518309,0,0
106,8.178764829892671,73.27329060946026,0,0
49,62.804210163261295,73.28591189929257,0,0
73,105.53013458636974,73.31913787283938,0,1
176,797.2601224432822,73.60770875000993,0,1
53,54.45102905646614,73.7008209722916,0,0
47,12.360696649216157,73.70663761088838,0,0
198,3.077802548035439,73.9399609084627,1,0
149,6.497428318397858,74.11055313258979,0,0
168,112.30785855225369,74.11611387412782,0,0
163,39.997137319862986,74.23161846142317,0,0
191,21.44435360574799,74.39245755011402,0,0
21,130.16894363213035,74.52739318324211,0,0
13,19.376488498910852,74.98296914185822,0,0
95,19.735681468292377,75.06015572160086,0,0
118,11.222866153659385,75.45433618324451,0,0
71,106.04915493971247,75.65634644311407,0,1
29,4.543397245577741,75.78546752384428,0,0
38,4.524982111190189,76.0071330101689,1,0
164,3.5870894341500654,76.03544942488823,0,0
63,59.40254121907718,76.04727948783068,0,0
62,4.214781608103667,76.18645993297162,0,0
184,141.16964154300942,76.19094194725677,0,0
28,9.675743744720368,76.27849703349231,0,0
183,114.1313418590676,76.32179461435886,1,0
184,13.94255476419736,76.47656283103343,0,0
119,4.194663948488547,76.59406750389665,0,0
33,72.51394571594093,76.5998517689336,0,0
31,81.60296749207126,77.19180901930125,0,0
56,8.116905615698968,77.30341177430174,0,0
115,14.416130213635237,77.53616805302018,0,0
30,8.118976207782037,77.85227790114308,0,0
91,17.804892971128965,77.92591452254509,0,0
23,22.37242441163805,77.9818472560757,0,0
108,14.134476304262606,78.18231443151822,0,0
4,3.25798401768984,78.18524421952874,0,0
141,11.235975007433227,78.27626857417867,0,0
11,40.589879557603034,78.51910066735054,0,0
38,16.29894623240291,78.54477384779042,0,0
34,14.476973786033227,78.67523954358391,0,0
166,7.918671524641329,78.83087450458694,1,0
10,10.912933340013911,78.93744895335628,0,0
85,82.18297029582945,78.95224741802275,0,0
118,6.4251677744672,79.12980838683764,1,0
103,41.29837267652458,79.31562915839277,0,0
136,21.053255861087084,79.32243247641587,0,0
160,25.656851812083257,79.70031597995603,0,0
78,9.656620274917628,79.73290099633813,0,0
165,14.128904080924086,79.74022924540915,1,0
63,19.970972011489238,79.77916442350028,0,0
196,11.933302672489676,80.18278040634334,1,0
100,27.978380978524974,80.29536765944782,0,0
147,31.735597999810913,80.36355360395214,0,0
175,176.39161767949668,80.71144734702388,0,0
158,26.527714836395575,80.72867770011995,0,0
170,2.96761127437281,80.84608545617164,0,0
107,64.2652520013338,80.88848572193741,0,0
8,16.3811184635828,81.15556775605921,0,0
98,150.19363520060384,81.51644376507714,0,0
36,87.43751749446248,81.67068818351963,0,0
177,12.118492797767912,81.70915183323251,1,0
47,41.342986080230055,81.72584734215859,0,0
45,11.09001165437441,82.0132234696959,0,0
49,20.139656396894043,82.2127709264545,0,0
128,39.48752559682261,82.2693659424913,0,0
114,61.12984485261608,82.36480132891843,1,0
189,49.16617213973206,82.40062965921366,0,0
83,21.649657444812775,82.40594196232067,0,0
56,240.6693260134904,82.68096559100324,0,0
9,13.943027931482531,82.81987374986394,0,0
1,4.026104842765674,82.99495282013638,1,0
74,4.880758825428452,83.14982900852323,0,0
185,87.7075276793154,83.21674057464129,0,0
104,18.6034506095063,83.5915016891207,0,0
178,23.548391062247592,83.86604347191113,1,0
20,11.675307249422046,83.95491280933192,1,0
18,12.77253957537149,83.98505861581397,0,0
166,9.142228179315984,84.02665800877878,0,0
21,32.17374712499986,84.03736368669071,0,0
10,18.22182556474912,84.09011599678863,0,0
80,31.03157944681284,84.20200782422997,0,0
184,28.203282879002263,84.58537385559194,0,0
137,13.119783296796895,85.05088316245696,1,0
19,4.670515143497037,85.05421220093328,0,0
167,4.281058979049036,85.30938169545712,0,0
168,414.3253735909958,85.51952862881646,0,0
160,88.07365424154493,85.5558304286587,0,0
180,76.72154487371992,85.57775249056559,0,0
47,10.230701935577791,85.69738798716139,0,0
195,20.2774561357748,85.7241269152554,1,0
64,8.887423678810093,85.8187327612593,0,0
160,5.408208569455186,85.99171784129061,0,0
115,11.147625099115244,86.00287386866425,0,0
155,75.65510830218047,86.31297644880475,0,0
125,46.560165916892274,86.60571491238719,0,0
128,7.613720879056422,86.74689898016473,1,0
123,14.660898002112273,86.81575753151064,0,0
155,42.48381466298936,87.61700690934444,0,0
147,11.347853474050009,87.85075094124349,0,0
26,21.749401606964057,87.87441582248698,0,0
165,30.019508302228875,88.04846678602944,0,0
107,29.693570825217545,88.12449754284901,0,0
64,25.89747381091168,88.13437036593625,0,0
102,10.446874327128956,88.32489812062856,0,0
193,11.577058362786266,88.52015260952732,0,0
171,6.464658244925462,88.53895629507787,0,0
166,4.215058230812306,88.67562182848042,0,0
92,17.90806658083305,88.92450528427824,0,0
156,45.433949620362675,89.12687840433914,1,0
77,5.051663554863167,89.17695441309739,0,0
137,26.3896857922127,89.19806618435545,0,0
127,44.019433786930726,89.20123868761763,1,0
49,3.2003693697096844,89.20824896398335,0,0
53,15.323979665454393,89.29426702312475,0,0
12,104.18937955396912,89.38800929568836,0,0
27,34.88095637794608,89.57547988309719,0,0
86,3.0942416470825242,89.5986200372864,0,0
95,38.79686569895919,89.60317081081354,0,0
33,9.50923285177232,89.71938293726924,0,0
83,40.09721698736498,90.04609661843675,0,0
120,10.073600937231552,90.23472703760453,1,0
46,19.048103743375876,90.27701213036781,0,0
67,11.733608336569025,90.45003279719143,0,0
73,20.149061723914038,90.47038092299775,0,0
101,11.389818315343598,90.89383432772317,0,0
147,6.199043411560184,91.3382985324361,0,0
65,32.80758030057799,91.71800764182004,1,0
86,23.93364497746702,91.74720317227174,0,0
75,3.988709822662516,92.07531673366778,0,0
36,54.2127792514992,92.11827422285359,0,0
137,16.839242748013834,92.27683486491156,0,0
47,23.61217328573837,92.29109269161893,0,0
59,43.14479014620369,92.36982555151924,0,0
158,27.889276005094388,92.37407250548006,0,0
189,64.40576569066198,92.43227812069131,0,0
134,14.979827726579224,92.54646573188543,0,0
183,56.510665272710554,92.58372657014634,0,0
170,22.712708594489143,92.79173136274211,0,0
96,33.369203525782815,92.9152244867447,0,0
154,30.073042510141423,92.97815882270635,0,0
65,69.45856066434834,92.99822119372644,0,0
92,41.32271602426082,93.06078404228603,0,0
107,12.89777117992693,93.10266155071463,0,0
192,10.577540748713266,93.404236971532,0,0
169,19.11065155037052,93.42517685208256,0,0
97,9.392378466107688,93.61799641289015,0,0
130,7.013296159063926,93.63343686110359,0,0
40,13.74436534974462,93.65982547168596,0,1
160,4.266258621812033,93.93663943614831,0,0
110,146.2629985462997,94.06458433850567,0,0
106,10.417631949471428,94.08276646463229,1,0
153,134.75526748476955,94.46757171535859,0,0
126,30.058774082930945,94.80726146675345,0,0
14,19.11057751506108,94.90469070156153,0,0
57,4.478977945250488,95.14293781056372,0,0
35,20.179533456921934,95.31740970313228,0,0
146,133.24423092253335,95.36500666382715,0,0
7,95.35785830517385,95.43334627782914,0,0
40,26.42310066413532,95.56354602670753,0,0
119,6.368294116392794,95.7067567034394,0,0
138,7.712440348048611,95.94802399034224,0,0
100,8.562636598816447,96.01142772995519,0,0
172,72.10727403638394,96.1170012661329,1,0
183,102.6905848107979,96.24997695724815,0,0
26,24.43197768116585,96.40012995013078,0,0
190,14.833966195762747,96.4192634305621,1,0
122,94.51045815289186,96.4635978448855,0,0
127,7.549085719212249,96.60153982093803,0,0
19,21.153879733389434,96.62805122786229,0,0
124,31.91148574044548,97.23657936943779,0,0
145,59.68460440890965,97.35938064286995,1,1
116,10.634312256325737,97.40298852805674,0,0
16,9.838098207727509,97.6509441833965,0,0
63,230.89419868888558,97.67858162489394,1,1
130,180.40790810239648,97.71473898073549,0,1
104,82.82474388910705,97.76579445114754,0,0
187,136.23308472883835,97.89796084346769,0,0
144,22.528755832957334,97.93976055905267,0,0
27,15.360225566907113,97.97206452007771,0,0
191,11.02492837823622,98.25237375397083,0,0
191,20.120643210843163,98.25851847073609,0,0
33,11.585777271588265,98.35517000135185,0,0
160,18.22819839906373,98.38941845614306,1,0
81,30.36324476104786,98.39759096075778,0,0
118,13.392395651894397,98.5188844828421,0,0
89,16.61676187455986,98.78242202831908,0,0
156,16.685590704912126,99.04057019511215,0,0
199,14.620674157664489,99.09704529530595,0,0
159,66.84138031453615,99.28769933661502,1,1
186,43.04287030776941,99.43541126549904,0,0
189,3.4187123386947267,99.56664107575712,1,0
18,96.95819042140437,99.62689888339452,1,0
50,23.000810701585923,99.65001529166537,0,0
144,36.96670253537801,99.86947427434266,0,0
118,41.47445863335966,99.97299846059742,0,0
10,9.894121965711486,100.08365652883101,0,0
19,8.049753290522352,100.36611584711194,0,0
104,7.15442263152312,100.43917053277674,0,0
123,15.688562915578327,100.44662715806861,1,0
33,40.41514906555532,100.51400576609933,0,0
34,11.203631589197428,100.92941438639885,0,0
25,36.88967273438865,101.05992104886609,0,0
112,1.8815177804235432,101.1241140400963,0,0
1,13.659466503847781,101.7068226523872,0,0
114,64.53046046602881,101.7282723027124,0,0
95,16.929009874890912,101.80326821599152,0,0
93,8.765787530839976,101.83052737862121,1,0
135,10.41405960075989,102.37392937081958,0,0
104,0.9723664269837121,102.44374456074648,1,0
145,7.302363256916817,102.56981204467424,0,0
152,57.814601941144076,102.65132327552193,0,0
184,11.216627023460193,102.86612534941736,0,0
159,12.622180683162386,103.0887003499544,0,0
103,1.9506990840389686,103.10165117504754,0,0
98,3.932055066482691,103.17516426179358,0,0
47,66.02603794866165,103.20639991437707,0,0
119,37.236671944849626,103.21205055086772,0,0
27,5.487983964839198,103.79314722337809,0,0
186,10.691270938982512,104.00500765387672,0,0
169,19.508058897733648,104.10146289128336,0,0
23,6.07311873394524,104.3381929380047,1,0
157,8.874486388771897,104.38742390194267,1,1
23,17.129285697739526,104.59617650354556,0,0
144,35.609361336230656,104.6431520835424,0,0
17,36.301436726498636,104.81953831360981,0,0
97,48.19413752475533,104.99925652968959,1,0
131,4.247976441849052,105.04311824096509,0,0
145,21.28285693288307,105.07369448282448,0,0
83,15.356650472934488,105.40067679806927,0,0
184,18.407888848593,105.43404568102528,1,0
154,16.25203881372904,105.50806024343903,0,0
41,10.37658493628464,105.51371508730116,0,0
134,0.9823668616268032,105.56866286233398,0,0
146,64.1888179678875,105.95799553387988,1,0
66,27.938066944270112,106.08091231359154,0,0
147,4.552653330071254,106.36456502956946,0,0
179,32.237541321579826,106.38248045191733,0,0
163,12.841667956746475,106.52177757939224,0,0
152,13.210707613236057,106.5839184738445,1,0
126,9.314621767050054,106.87899733126392,1,0
54,34.36128424742375,107.00628211937072,0,0
159,9.026605909351215,107.07436366847871,1,0
72,6.707090926018931,107.26403340925519,0,0
106,62.286506335343375,107.41261239817081,0,0
62,16.795627593329293,107.44396447698465,0,0
62,17.331291241939425,107.47543265369016,0,0
31,40.143643950496894,107.64342173637006,0,0
192,10.302775234170502,107.64845243232404,0,0
29,12.576711716933369,107.80862995207478,0,0
17,27.268038617576927,107.8796395384603,0,0
187,4.30003171191482,108.46998535169733,0,0
111,25.05564237725748,108.53579971878736,0,0
87,9.433701474817509,108.6622238371618,0,0
147,47.25094210424456,108.71505463324871,0,0
76,34.697350405592154,108.94163146215203,0,0
25,30.40321492629468,109.1978703212001,0,0
145,4.027079210162071,109.21364432387382,0,0
35,18.1125416077093,109.77588646443807,0,0
110,6.1887519302233205,109.84723537234534,0,0
189,19.35858706534117,109.93945931983937,0,0
187,1.983217097977499,110.02555011758933,1,0
72,4.302377305296942,110.23227057843151,0,0
156,65.95901793868504,110.24864025721688,1,0
122,29.05100784066826,110.51438786941716,1,0
95,14.100131908037577,110.5356102704632,0,0
27,8.095081680453013,110.54037171213398,0,0
75,6.792004302080384,110.57606420238471,0,0
197,14.244454746846653,110.93178895489945,0,0
0,94.31565450306093,111.01743517653469,1,0
143,16.69712050974388,111.0554079084513,0,0
169,21.300285837888886,111.0986774803328,0,0
190,5.01030369961232,111.18198817600829,0,0
84,14.003408647799077,111.20014330947792,0,0
23,23.97451533345511,111.25058987242615,0,0
54,13.835175367316962,111.40120728639101,1,0
170,12.358838392525364,111.50237622876185,0,0
175,27.852135041724836,111.57767506792239,0,0
127,91.36141934830974,111.58932823636084,0,0
24,23.218964272664238,111.88775968709265,0,0
24,63.06628294018087,111.96907272883611,0,0
95,37.39744466117646,111.9929759548329,0,0
117,59.40351351288366,112.02880110065655,0,0
6,10.916550985985229,112.0861419300813,0,0
137,16.331120244305396,112.24892826286012,1,0
108,16.399099572964463,112.32601043580699,0,0
2,34.68395668141271,112.43896094755088,0,0
19,44.363312029245456,112.48154620136265,0,0
90,22.761174033270745,112.49369262766254,1,0
144,48.26499599763882,112.51726352429705,0,0
165,11.434882169151392,112.61674951607189,0,0
86,48.68532027378777,112.62875618402296,0,0
59,55.468175517351135,112.83008852563786,0,0
193,39.54725737026952,112.87728586645186,0,0
91,22.969558217189807,113.04815338929015,0,0
88,8.215277534269752,113.28806794931663,0,0
2,24.492385280424678,113.36227823893795,0,0
60,27.126482827691024,113.38766566249247,0,0
103,5.314741298961399,113.41269783985388,0,0
183,32.284403600219,113.47308956770443,0,0
147,5.761404456951889,113.50552673674217,0,0
156,13.093051924910931,113.79620960556916,0,0
108,20.900246627840787,113.83328803941346,0,0
22,9.67227567580172,113.88086182948066,0,0
78,21.814045222950586,113.94013027684387,0,0
199,21.4678612339078,114.05787368240016,1,0
8,8.844699567247561,114.14162096601001,0,0
175,35.444725639654315,114.29897774022953,0,0
136,9.35436890462102,114.53166347580162,0,0
56,197.94206259822812,114.5647779051404,0,0
155,18.002689738861886,114.83501166781642,0,0
167,6.225824323377717,115.0116966883506,0,0
8,7.505666238669656,115.10119865482612,1,0
21,63.28070502152514,115.14786614527054,0,0
133,13.34108471675132,115.39618573182587,0,0
199,5.135802913799799,115.44344995886499,0,0
4,47.167860881061465,115.485699640378,0,0
133,13.25567963415782,115.53455716413944,0,0
27,38.606455797236094,115.64839786286649,0,0
130,51.19111724349584,115.72483908793899,1,0
124,26.429043520691234,115.79498086167796,0,0
18,220.50213903642944,115.88214497868675,0,0
136,3.579623069666395,115.95289163035675,0,0
179,8.86445912031691,115.98264822541337,0,0
172,15.549834498666671,116.05841490482223,0,0
5,192.70750642548796,116.29579087462507,0,0
49,121.26793908643413,116.31652304485948,0,0
48,72.87100821528806,116.33660954749578,0,0
90,9.07820112731349,116.48336961043134,0,0
28,10.200994955904498,116.51712828194796,0,0
170,8.770904746495066,116.54593965269338,0,0
155,9.175832375575846,116.76955315952489,0,0
161,89.36281064094362,116.87516736309294,0,0
39,15.740434959108228,117.1797978958966,0,0
2,17.96637284416482,117.32921696685918,0,0
182,43.570781948834814,117.48827308618341,0,0
57,3.805593758174512,117.50881299680671,0,0
131,21.17128582275802,117.65993582898932,0,0
181,6.706842482652693,117.66908745852231,0,0
7,14.963068713850866,118.26243882307197,0,0
1,11.173884405610712,118.35268266559946,0,0
1,10.61235887942897,118.58842115342229,0,0
31,25.168212932007407,118.73909419820174,0,0
10,25.058507794718874,118.85659350322487,0,0
163,16.121913133360078,119.13093820448373,0,0
121,29.098433554641126,119.18268111242172,0,0
196,8.426533345517221,119.24436998908847,1,0
160,39.70931794277833,119.2558183288887,0,0
192,16.34302135592642,119.34212172649383,0,0
47,12.383147032022558,119.42354140080685,0,0
57,9.07243947022321,119.51489627065968,0,0
169,15.777778712899508,119.59287317071335,0,0
48,130.40425206820345,119.97802298050158,0,0
11,18.853267289792537,120.09399395313774,0,0
133,6.395511804819999,120.2675093577262,0,0
160,50.340960349260584,120.44968445104516,0,0
193,12.529320833519547,120.49723390395519,0,0
185,26.675859139952294,120.9140926570209,1,0
24,10.960955403506663,120.91534603118184,0,0
154,72.29632631187842,121.2405470246707,0,0
169,11.125505256704876,121.31475789989119,0,0
139,81.27658588477169,121.40550851872887,1,0
163,7.033886622817963,121.4243148995846,0,0
167,14.985658058484397,121.70616950853397,0,0
89,81.45052542413802,121.8962030540045,0,0
120,133.75817454424023,121.98216861485177,1,1
8,23.764056897924437,121.99723239243492,0,0
72,694.7168202010838,122.06565392085743,0,1
91,1371.0886724036375,122.18179121414312,1,1
40,15.346072080431174,122.35722577996847,0,0
22,25.972618616629642,122.48957204326808,0,0
24,134.9830577006081,122.56581642677546,0,0
139,4.419721934030163,122.68188659420991,0,0
100,3.9049694767914964,122.78644280456741,0,0
107,9.065643443697036,123.12250793002823,0,0
149,45.302974359033136,123.26755841526654,0,0
109,4.015447574061298,123.5790090927715,0,0
126,36.49039431721809,123.66226516926285,0,0
80,484.07256498510316,123.7016636246708,0,1
17,34.01177181307885,123.74594224657314,0,0
170,150.56429965825063,123.95367717818614,0,0
89,57.13888742130657,123.96287785170544,0,0
31,28.906030393840336,124.10440312625806,0,0
162,78.18930982120918,124.20859514275904,0,0
146,34.42916211360502,124.50766159219063,0,0
10,12.678782732323938,124.57722336717379,1,0
38,6.394218501505777,124.70190237590047,0,0
3,11.366090399067483,124.78230712505959,0,0
54,19.296546179236575,124.79529333308803,0,0
19,23.92726025391243,125.02868781000157,0,0
141,2.37454158475991,125.11935920332134,0,0
104,16.126109476772875,125.15518737684326,0,0
196,20.667899949027465,125.27104253011308,0,0
149,34.72769324485194,125.56203683259494,0,0
122,102.1866335982455,125.61274350761369,0,0
101,24.183087747586956,125.6777161741953,0,0
10,8.088450045292497,125.77248354286189,0,0
14,3.2606306135098997,125.86963796979497,1,0
123,39.9253299420147,125.94020599491756,0,0
0,8.422550065375571,125.9840429909915,0,0
8,47.79098279096679,126.00357284868358,0,0
43,81.24100863745062,126.1334860207623,0,0
176,4.2884494499150385,126.50903474553294,0,0
91,34.94909445999734,126.61181948232428,1,0
141,73.15806763702831,126.75119032314404,0,0
82,55.64762087750024,126.79014907324232,0,0
34,2.4685243996947555,127.00963789517877,0,0
74,8.553563290113225,127.04951018080763,0,0
18,5.58352051574784,127.0513018579008,0,0
154,33.901957468298214,127.63229588420268,0,0
36,30.366092981608737,127.68023757364685,0,0
75,1.3527074763210065,128.00599745815774,0,0
196,14.867362566558668,128.0264141127908,0,0
118,44.73337334604904,128.19477258543915,0,0
91,23.288879948599497,128.25658349405015,0,0
108,23.249111575570616,128.30893666593516,1,0
156,13.943400491494424,128.33712226878734,0,0
50,6.966124601827586,128.82584567264382,0,0
127,19.745866456679003,129.1466822851467,0,0
174,21.15959466810698,129.4356296123365,0,0
114,37.1608029020266,129.51825458582,0,0
89,40.305983194423426,129.73980507044396,0,0
29,21.886312012694795,129.82424111652753,1,0
49,60.033837679749425,129.84631082995838,0,0
189,13.805614149546125,129.85467957682778,0,0
108,4.739707524542732,130.3270924825241,0,0
60,32.364225754982996,130.40595918985062,0,0
83,22.791315274643196,130.64720781703727,1,0
115,33.01399345512417,130.69663783897948,0,0
107,5.672038924161217,130.84528882458685,0,0
139,120.39717734374113,130.9071261051156,0,0
51,40.874337194613304,130.9989277992619,0,0
129,15.059410964154306,131.56393070743857,0,0
88,7.8817255161988005,131.6902924704113,0,0
188,58.97734637521877,131.7520321393455,0,0
31,6.674072330580805,131.86104901184177,0,0
29,192.74437416230148,131.8900346162469,0,0
92,10.87857284077122,131.98907654606901,1,0
101,112.22493602476708,132.33029029639798,0,0
138,16.70196229020428,132.34184919252039,0,0
182,9.632391111515217,132.5802363474114,0,0
94,20.467461444961067,132.5809344192546,0,0
25,44.91399011955963,132.62955426772706,0,0
23,38.94214708430497,132.68668480912095,0,0
194,60.38627437429306,132.70320150469732,0,0
26,12.336074859731506,132.80109183852574,0,0
189,21.863276843194047,132.81954060895626,0,0
55,69.99253377461329,133.57741653497325,0,0
18,9.92190062573619,133.67354084450665,1,0
60,35.6069577479016,133.92314663957367,0,0
122,16.13256274577705,134.01990295505198,0,0
85,24.677060973232358,134.2478111000959,1,0
157,21.857633426052434,134.39671466070945,0,0
122,9.131380145877568,134.41832516251102,0,0
80,15.476253360277868,134.44264945399124,1,0
126,23.21810244177689,134.4572767222486,0,0
194,18.12470638729497,134.4634241122104,0,0
82,96.80861127653793,134.806050784693,0,0
30,55.14441971543043,135.02264153199,1,0
81,26.842340184722666,135.1554641638263,0,0
168,9.363824591934673,135.25815469873032,0,0
43,8.810788249697472,135.2597222430158,0,0
189,144.57682617249674,135.7632566168818,0,0
117,7.316371906601006,135.88743912693303,0,0
63,28.816516557798792,136.0409403327759,0,0
184,14.712189215407049,136.05147663817445,0,0
7,7.37279028843122,136.30057862440978,0,0
59,9.162356092896179,136.54539471464975,0,0
83,11.628918822712262,136.63305879175306,0,0
95,9.879946837270381,136.8294397143503,0,0
94,75.7713606321132,136.84383835785442,0,0
29,19.90307030528807,136.86649889257316,0,0
45,11.895960620671353,136.86895565883,0,0
19,22.35294419865528,137.10204335977164,0,0
114,39.17175319509886,137.17420343093005,0,0
70,14.230396764123812,137.2627847563146,0,0
113,49.50042696910431,137.323553272357,0,0
117,5.6341890587423205,137.34788577599818,0,0
140,64.79987226365631,137.43730553200103,0,0
109,19.906526847208024,138.13900108778955,0,0
129,19.143967410090003,138.16387593029336,0,0
117,10.04410279323064,138.18435013104767,0,0
130,5.883488506974873,138.32224145943215,0,0
123,3.7936479053354937,138.42729657107688,1,0
63,9.367285293407651,138.44446282243752,0,0
49,36.14986523296368,138.4661089984963,0,0
157,7.6807836344912594,138.77488136933673,0,0
68,4.2697352128503265,138.94159807284757,0,0
109,8.09247557965527,138.96542603431175,1,0
39,13.669494653497772,139.01990937178695,0,0
86,14.217857960477497,139.23745907512026,0,0
105,17.656554809723033,139.53068119613712,0,0
125,56.407737908459794,139.6800320349195,0,0
105,70.05316390130729,139.75321849111995,0,0
192,3.9554433094766366,140.17082174060465,0,0
102,8.534494089360802,140.28313426660216,0,0
161,40.38607943138905,140.28372324829638,0,0
147,12.755579509564004,140.42121670427568,0,0
111,47.50269611992379,140.5030817779102,0,0
177,24.7076627944643,140.50383878758683,0,0
25,97.43682409972651,140.5739685813627,0,0
184,56.98089942858805,140.5995697487448,0,0
170,58.03327927257789,140.70210365564816,0,0
100,13.304846818775648,140.75517236050553,0,0
146,18.220350960662596,140.86773827092398,1,0
104,14.801766658039627,140.95555359100177,0,0
53,4.455359958170004,141.60443492757332,0,0
159,87.5114161812203,141.66580386163736,0,0
49,42.32539704523867,141.6742729194345,0,0
62,14.224600224890036,141.69541524581476,1,0
103,74.0390389488736,141.80736215915385,0,0
167,10.693460145498028,141.81584829082345,0,0
76,3.195889751537261,141.825474229671,1,0
98,55.00201125813619,142.12541565620353,0,0
8,5.592574674365168,142.18707734156027,0,0
23,16.51426469480151,142.3923275939505,0,0
11,24.683204702353,142.41920664468208,0,0
14,29.531731955254152,142.66142167103584,0,0
173,46.917984004388565,142.68328532815363,1,0
168,35.904097528583314,142.68890219245435,0,0
164,34.809576181733476,142.77456863996647,0,0
11,9.1088659363718,142.8357335627002,0,0
15,26.95701491745725,142.86300966830996,0,0
56,4.456884725577999,142.87632237522888,0,0
113,95.78802703924718,143.24883234710043,0,0
66,4.940345046260544,143.80091785514367,0,0
97,14.204519111182313,144.19499766490304,0,0
34,5.371599705895955,144.47997029730058,0,0
146,9.677791400344566,144.73162704784312,0,0
62,20.357072925971394,144.86723865062842,1,0
13,11.83713828670517,145.04872481808783,0,0
148,63.07006543327071,145.11722196556235,0,0
180,25.201436981393538,145.14444782090143,0,0
2,12.642830185948172,145.18074632699592,1,0
181,160.34191304117158,145.19794733884547,1,1
87,17.573956644157242,145.2153695619266,0,0
106,79.84750284869986,145.29925187572618,1,1
165,68.0131083911213,145.3093153653926,0,0
141,49.84264202887937,145.373197342634,0,0
171,6.431637078901335,145.6622055663107,0,0
83,10.169044835742474,145.7894485760732,0,0
74,32.29104084986436,145.92800726475662,1,0
141,28.598852253585974,145.95966328513194,0,0
30,7.026006356829788,146.08209226033188,0,0
47,42.483959846152956,146.10224380430418,0,0
120,8.241034315862104,146.26769412052582,0,0
133,73.98236646954992,146.6563313377295,0,0
23,34.1051758166031,146.72229908164528,0,0
101,6.475822000124156,146.88946551890945,0,0
72,11.833367540275487,147.015820542243,0,0
100,11.629435016005408,147.14329949942174,0,0
191,23.56769035580003,147.18393928095088,0,0
15,16.37937795776671,147.22182361005557,0,0
199,6.388574027613301,147.39837072149695,0,0
89,4.981548835252042,147.63643093669197,0,0
154,34.77933311630019,147.7870923349456,0,0
84,26.742040149711855,148.08028079777694,0,0
62,22.321214680574663,148.38564882075167,0,0
154,26.330602580852688,148.3876125579173,0,0
137,10.816587683579057,148.51649045184894,0,0
28,24.142948690508973,148.77347475771856,0,0
141,254.29768398758665,149.29439977904815,0,0
150,65.01169135666663,149.30847017235462,0,0
77,15.053214388788193,149.49876390762222,0,0
185,11.901069296136084,149.53122127488592,0,0
128,1.1497684824609031,149.56612946609877,0,0
66,58.48054606207428,149.88307773932783,0,0
2,44.10642016258519,149.9615959937797,0,0
134,11.660091529040784,150.22463944031884,0,0
41,4.798446967498156,150.2833560746116,1,0
151,6.3264076095004365,150.3039520793306,0,0
105,31.324416160608543,150.6796902518047,0,0
93,18.368904576480954,150.78764265078883,1,0
32,40.108649832898486,150.79164229890736,0,0
142,21.89904740456981,150.90944279527906,0,0
33,52.81307708529245,151.02767564165745,0,0
83,29.066175390245373,151.14208559323546,0,0
167,46.00708379427329,151.15270542738816,0,0
184,2.4851091672785506,151.20348395443125,0,0
197,5.8453965065596565,151.26272915294416,0,0
191,13.952355263542099,151.3189169944644,0,0
111,59.11997092835581,151.33865022073718,0,0
40,131.700410551487,151.63501400142852,0,0
167,17.043420206651447,152.05947842092178,0,0
160,10.8962635415211,152.07911599533483,0,0
198,2.843487966269427,152.16465114862436,0,0
130,47.63480845597356,152.25921630274982,0,0
28,11.586138478218373,152.3111234283596,0,0
100,386.9651624072081,152.35385864665244,0,0
89,9.588803157052538,152.5208122501282,0,0
168,164.8894248560737,153.12578886722207,0,0
78,42.45171802150285,153.20994626988784,0,0
65,7.183132725726235,153.94907145040622,0,0
16,25.333909344524287,153.9737823283194,0,0
167,43.43999352417319,154.3287146024038,0,0
151,16.03458268394511,154.8156156463559,0,0
8,46.431713694230105,154.85458187256063,0,0
86,45.42020996221336,154.89447701635757,0,0
95,36.464475059397586,155.05716058517123,0,0
93,19.757370902061833,155.2109114377572,0,0
183,6.203166643990455,155.5049873372132,0,0
30,18.600986640951724,155.58518760277923,1,0
61,23.95230745076906,155.6006796591632,0,0
36,3.0769816384335122,155.80030225174175,0,0
48,23.789286112694732,155.80768556251118,0,0
181,18.23237272507955,155.97607550822815,0,0
188,5.492447293884643,155.9847856063219,0,0
8,14.396622195485907,156.03286493752702,0,0
126,14.704501231912879,156.0917849266402,0,0
46,138.3925944570191,156.27333827394688,0,0
38,25.031082338964513,156.4788975540105,0,0
58,56.60205269879061,156.5484691409373,0,0
38,17.853234486029127,156.8148013586267,0,0
98,3.0835560206596444,156.84285015619153,0,0
199,39.34393560760802,157.06741288394267,0,0
117,10.400077628647091,157.2561598460731,0,0
144,14.359329495443543,157.76400534093688,0,0
98,7.007834593883104,157.87566066462554,0,0
2,21.60161032341824,158.02086904422544,1,0
16,58.27530167301014,158.04298868280702,0,0
53,51.04655750133044,158.1011276157595,0,0
48,98.11983205744893,158.32083076924437,0,0
168,113.06461370042396,158.39527631562817,0,0
168,2.5963997392295406,158.43479074315763,0,0
170,6.088364185990334,158.47313237671614,0,0
127,3.2930310145395225,158.49437776782833,1,0
111,37.78568814354651,159.03276109166893,0,0
129,10.043425247596218,159.06806079329692,0,0
81,12.315020154543143,159.13597963980112,0,0
134,16.17396042872245,159.20244267188608,0,0
158,29.4463713354687,159.27940081769574,0,0
152,4.547960778695816,159.3297285700693,0,0
122,5.703822347430924,159.52211955786981,0,0
11,20.111588807992316,159.6113929602294,0,0
144,66.60275454026264,159.6219468313127,0,0
73,19.581839816312357,159.71277756576802,0,0
148,9.100599528614273,159.76846533155296,0,0
107,2.343841663337212,159.8056210418884,0,0
176,52.07451038863383,159.80690848388332,0,0
67,9.622155948214736,159.8861419383699,1,0
186,6.37614118380318,160.18722153269277,0,0
168,3.613492562703111,160.33753365068625,0,0
66,4.763102248605723,160.58601215877263,0,0
96,7.681276770846225,160.79226347659716,0,0
153,5.996993709467962,160.91900717335744,0,0
137,24.184405812629272,160.95175260424804,0,0
170,15.698297391651417,161.09481137021106,0,0
73,185.30299371119537,161.23276201845576,0,0
100,13.651339583077629,161.44873076104372,0,1
86,23.605492790538882,161.97713841292224,1,0
60,7.166680638894919,162.05509855770538,0,0
117,22.09281400376107,162.17445794372063,0,0
24,43.36247199264068,162.178419009245,0,0
170,22.12020584754761,162.21408392328004,0,0
76,80.19513761718376,162.3768899638211,0,0
68,2.2757561752591897,162.4386270469278,0,0
116,8.65179303890451,162.45934965385854,0,0
99,87.7995211918965,162.46972289643497,0,0
169,50.00016639206208,162.55813972771168,1,0
106,34.48456081504556,162.5604743373914,1,0
103,68.93854161942097,162.8560006574847,0,0
20,2.9548329598720944,162.86104796726076,0,0
4,44.50540590133325,163.00622909616055,0,0
79,58.2282226478196,163.03333687183886,0,0
199,10.394739218857202,163.0840189904464,0,0
183,278.44961235764737,163.22302937859172,0,0
125,24.4431243589905,163.3258689352074,0,0
126,2.2416920439826287,163.72148084845097,0,0
78,29.408154444177665,163.83518555003144,1,0
35,9.778048947364361,163.97390604637965,0,0
1,64.39237811982579,164.00677749206739,0,0
67,34.741815996834504,164.02402878219652,0,0
63,11.04610555878458,164.21717372861985,0,0
38,90.2381167571576,164.37363008911603,0,0
51,51.39039596019953,164.40208677498669,0,0
4,8.77652033871657,164.47425963654752,0,0
121,17.25246306116955,164.83231750172,0,0
185,33.68042441748778,165.34968209249834,0,0
138,13.953588805544623,165.4066991612115,0,0
89,14.376581473108544,165.51898887340582,0,0
84,20.836891141053943,165.56257282941533,0,0
61,6.918516831591557,165.6742709212843,0,0
28,2.1538020192108216,166.24873397619157,0,0
119,25.511641115634948,167.0579667410397,0,0
113,2.7486229771996964,167.09793168224724,0,0
1,7.440672963630127,167.4376289590058,0,0
83,3.415820203999168,167.43817094664655,0,0
55,3.8634306270264767,167.56666495267493,0,0
34,30.764307608450704,167.56714560685498,0,0
140,16.08185849211283,168.02762307527752,0,0
105,15.511777041290088,168.55446443392435,0,0
126,5.387590300354002,168.64248687196428,0,0
142,10.424417712005722,168.69283258458506,0,0
196,29.266840722993724,168.7439753964438,0,0
160,19.066116124154842,168.96403113234777,0,0
124,45.72631995188346,169.1482892763846,0,0
175,52.72512051689049,169.16079258221032,0,0
73,74.40690601024771,169.4036384155697,1,1
95,15.607945971768151,169.5254522499942,0,0
196,3.151097213959652,169.54212268926338,0,0
44,49.62290605857786,169.65816265984344,1,1
152,9.424899790159996,169.67372800970418,0,0
130,18.216189271887984,169.84242301106934,0,0
177,1432.8902870601069,170.03382992994287,0,1
180,9.239732619911482,170.11265564039786,0,0
103,6.996260476492135,170.12887309221523,0,0
144,21.536567066738154,170.18894549446887,0,0
56,228.21840856512702,170.4066490706532,0,0
192,12.327246041908241,170.41248259031252,0,0
124,20.029258860256853,170.5396342516474,0,0
156,5.408458531463106,170.74286149758626,0,0
92,69.6443136450483,171.15435026710364,0,0
173,48.17031901696307,171.24147711488962,0,0
14,44.95824362157412,171.26210623580621,0,0
22,78.24115683218926,171.29511839831815,0,0
101,13.100608051896225,171.350271095474,0,0
146,14.843798671540583,171.92543713825194,0,0
161,111.03867142857852,172.3880431818227,0,0
88,37.81584153063025,172.57370460560747,0,0
129,2.1831705013332567,172.66359189872128,0,0
110,31.65262158459955,172.7482555774846,0,0
192,11.226779366399454,173.0048856177491,0,0
130,49.31221527294045,173.14095894857132,0,0
83,30.210527894804535,173.2705024073504,0,0
193,3.523508534604767,173.33492653741965,1,0
21,26.28057755872835,173.50355538944447,1,0
196,24.794645615296666,173.73128521646174,0,0
30,28.889045836451253,173.7463233438207,0,0
57,35.71350297666246,173.81524772944272,0,0
164,89.65473003821012,173.86422135507485,0,0
146,30.383174646390284,173.87212364769167,0,0
194,20.550771040851593,173.87251658266095,0,0
149,63.30520505890151,173.88608561794297,0,0
127,189.1879042577632,174.69026533844848,0,0
69,50.15261989240192,174.72531092761938,0,0
0,24.685255616899425,174.8008695317908,0,0
24,30.95487657639958,174.81666977659964,0,0
59,25.946682499032175,174.94982061322978,0,0
8,20.46095457844951,175.21578282259946,0,0
101,175.06736303875823,175.2369809660789,0,0
155,9.496721423102725,175.3693601800009,0,0
192,63.74596119595763,175.46166304756332,0,0
97,17.71024095512711,175.72520073109706,0,0
175,4.570309056494942,175.76573406161518,0,0
197,16.637883876346045,175.97019130419437,0,0
171,11.625769772217101,176.02260658980447,0,0
92,35.78673587322257,176.0663345413003,0,0
65,22.005671655563543,176.0852471658287,0,0
195,7.228077799878875,176.13153558650066,0,0
48,87.44481542028849,176.23083136039924,0,0
82,59.747897653417404,176.29541797947547,0,0
14,98.10668726592867,176.3186029058929,0,0
158,25.456335829799887,176.38621847291685,0,0
129,19.380490809689555,176.47220328122344,0,0
16,40.59157296473298,176.59140703869576,0,0
111,22.87534183644911,176.65651075221123,0,0
108,16.849518836252567,176.96496707922486,0,0
160,4.659768099344319,177.06790842417794,0,0
53,22.81585079770142,177.10633309724656,0,0
184,12.923315825355587,177.46261422006728,0,0
88,15.759570570309613,177.6109373507966,0,0
164,28.89836287673384,177.66442027959093,0,0
47,71.70303916793056,177.70528125302,0,0
7,8.595423491387667,177.77465145177496,0,0
11,14.345578623517719,177.88866284211767,0,0
74,9.345708964128375,177.92588762569437,1,0
190,8.756702544306755,178.02473278087461,0,0
9,11.08320673929724,178.32816049691687,0,0
21,36.084797576465434,178.48921667845167,1,0
186,27.672683317282573,178.52183399583703,0,0
135,6.980656738208277,178.68375231616378,0,0
152,73.27066498287432,179.04575666604475,0,0
142,51.645977185242025,179.05707416726278,0,0
131,8.156493425831643,179.1068570378203,0,0
154,68.31373824242236,179.19340426647284,0,0
1,27.852936832146295,179.22290346534152,0,0
173,17.176543397089894,179.52172501712118,0,0
147,28.73396994111353,179.65630582015606,0,0
147,19.574529471545926,179.67468667587866,0,0
78,34.642410015900026,179.6811710591203,1,0
160,24.223313159440774,179.76267283235507,0,0
76,14.333134398114147,179.8737650293089,0,0
9,2.648976240030021,179.87478322299987,0,0
181,34.02796003475978,179.9904629005264,0,0
46,13.823149982175114,180.12315801962131,0,0
20,43.72616260813796,180.27115127267265,0,0
124,32.51413969552045,180.36650598407647,0,0
46,14.187138132598603,180.43838957020304,0,0
171,55.86780030766659,180.65493278993685,0,0
88,24.651596418917602,180.65730884584656,0,0
0,23.65661659760478,180.76439924015114,0,0
190,17.49454841469234,180.9097565086555,0,0
102,108.15395401905369,181.23166205959123,0,0
52,9.842731567896603,181.62056557561223,0,0
135,69.39881703672225,181.7649062615456,1,1
106,5.827947353507088,182.80158330411768,0,0
5,41.54308482826798,182.9896474456849,0,0
151,11.221717841097886,183.27399248592658,0,0
80,12.553059469195148,183.43543153636557,0,0
139,11.977900990267775,183.43614535022638,0,0
179,21.38568806026039,183.52865073785074,0,0
122,5.750233227786561,183.61257314646733,0,0
134,2.131348192888101,183.65526816647932,0,0
50,31.744009722881085,183.6897523614964,0,0
47,2.4264815682138074,183.73428885135036,0,0
83,47.187913221243186,183.7504077113388,1,0
170,95.44286054625682,184.0519756577446,0,0
104,17.04362436166239,184.16207046599513,0,0
69,73.66243345012013,184.27613895413552,1,0
155,19.604195127610534,184.40371275452748,0,0
170,99.40885150837224,184.76405707575023,1,0
180,12.727718165123758,184.80664234236065,1,0
59,1.8872451828595582,185.0544112668896,0,0
141,18.54292390985036,185.1422667416612,0,0
118,110.82619833278017,185.14834130215917,0,0
89,34.293927783213846,185.25935120762193,0,0
79,11.99724177712984,185.25943079378231,0,0
22,27.907659055844277,185.2780947803879,0,0
54,53.044163409571354,185.31905450012258,0,0
109,18.43744334138204,185.37832312453742,0,0
173,11.972137121968263,185.53470571655802,0,0
37,54.735403042012045,185.84747974768175,0,0
135,43.03170787872678,186.1847071553485,0,0
16,9.975903900898755,186.36114109328437,1,0
135,13.138669242880587,186.37411674519913,0,0
68,55.59529900873531,186.6850566538719,1,0
89,23.214750814600013,187.01442150237858,0,0
143,28.16476494661031,187.0547368509406,0,0
84,3.911936994316839,187.57253173862318,0,0
161,38.706155922942905,187.60990782634263,0,0
106,26.77040119295795,187.62407602663097,0,0
199,18.84202933197416,187.7837311513952,0,0
127,28.814878348238217,187.92439833786952,0,0
59,13.340203468411241,188.04390049194535,0,0
155,11.11279887777932,188.1347047373981,0,0
81,15.770079912878796,188.39153925571972,0,0
106,12.62648789998872,188.84963571754662,0,0
27,177.77692980674183,188.91970036820967,0,0
23,49.9923867504467,189.0282352672779,0,0
114,7.625753032884748,189.05217203531157,0,0
37,153.89891676573598,189.29813193276783,0,0
199,13.028553716745009,189.606498289651,0,0
171,20.685963272219002,189.68805133633623,0,0
140,49.27501684675759,189.71229091878763,0,0
146,2.801097924179878,189.75575712743318,0,0
119,15.846904048264198,189.92595036655206,1,0
12,11.321076314403406,190.10426563844214,0,0
78,24.657474496714666,190.1812777786474,0,0
99,29.079971809865274,190.2179975294175,0,0
183,18.59217205112964,190.3077016783084,0,0
43,17.749417559273862,190.31156134918962,0,0
99,58.272563439950886,190.31560147802327,0,0
68,27.152956360300827,190.81534018004615,0,0
26,20.935054652581147,190.8556477739798,1,0
20,23.286425435504313,191.63650922208848,0,0
73,740.6921824560106,191.95610907540788,0,1
16,23.871230211138677,192.19222723516455,0,0
13,12.007740638444252,192.21968544924485,0,0
70,2.977252547702311,192.30571917893732,0,0
40,4.7877598316571826,192.45576154362982,0,0
110,12.590897155881427,192.47955440945216,0,0
3,18.022539266551238,192.51539193222592,0,0
60,11.523386054136722,192.6235428239033,0,0
90,28.535358774440866,192.70708924309375,0,0
192,11.375841674834605,192.87043349562776,0,0
126,8.04870114419001,193.26327693212596,0,0
176,37.063914280076105,193.32982630067184,0,0
68,78.99578502091569,193.47490705007746,0,0
46,374.6805260237981,193.53451397790352,1,1
37,123.62298895894483,193.5581330888818,0,1
89,6.638143972849037,194.32752764856622,0,0
84,25.62877807612372,194.73845715538482,0,0
177,2.9891687593530643,194.7741096313448,0,0
191,4.597266415126532,194.78853265349954,0,0
192,11.147710851419971,194.83970054053958,0,0
150,62.48399427699266,194.92969163718732,0,0
100,9.219252590029585,194.93355647799854,0,0
108,8.880870000501213,194.99431280176768,0,0
196,20.82360672585997,195.0214444526551,0,0
56,20.844364233382798,195.06268323814498,1,0
69,9.160204715090643,195.10810661932626,0,0
179,146.3822816560394,195.2192780892651,0,0
77,15.404144966678116,195.31733234975374,0,0
47,22.50156770178614,195.39945563402668,0,0
112,13.439800110981274,195.43638064635093,0,0
65,31.186071290918395,195.52706679173588,0,0
178,69.0587477976339,195.62093803632263,0,0
181,106.02381057516693,195.87253620792197,0,0
61,9.372073140222223,196.1917863243833,0,0
105,60.38828784586853,196.24938540104176,0,0
196,223.22251308839176,196.44190320704928,1,1
148,53.22544702164864,196.51228325985528,0,0
43,18.32233353148705,196.5166644779281,0,0
118,16.659143531067915,196.65591307680495,0,0
123,51.198725835683504,196.80455317824914,0,0
130,52.17964655202031,196.80717851272814,0,0
5,96.13183819468613,196.91331569363197,0,0
59,24.496923921668763,196.9555057390781,0,0
170,18.048911393762243,196.99669329514856,0,0
48,1.7162581383150428,197.0642934970451,1,0
59,4.00979237032712,197.17082233937046,0,0
64,13.541355791956539,197.32867106091973,0,0
35,6.678818286987641,197.4257296512479,1,0
31,45.33732140797009,197.44547212106693,0,0
69,5.419367105449136,197.45177200224376,0,0
174,12.1666143468199,197.4567853570341,0,0
0,12.654001722675424,197.57564975214714,0,0
56,67.00338117388124,197.69057529186108,0,0
12,10.932732281746597,197.70048191695872,0,0
112,31.576466686859405,197.74666268462008,0,0
50,24.42741647485875,197.7735835301975,0,0
158,49.565175755938895,197.91149517001364,0,0
117,47.00317027601883,197.9508182186748,0,0
156,19.42498039779066,197.97902916272386,0,0
126,3.6829184221952707,198.09414383496483,0,0
87,15.930876005743658,198.11775576960792,0,0
172,19.688689926447832,198.36780440749152,0,0
95,26.73595351415026,198.45723678002517,0,0
189,9.606547092038888,198.4791123267597,0,0
198,400.945638931895,198.51781220503966,1,1
117,20.360961556946545,198.5486943564498,0,0
134,8.000488899002587,198.81350470991768,0,0
51,12.70216131486881,198.8972215444163,0,0
162,138.1779923844006,199.13184983296998,0,0
134,39.03184662144073,199.2907756617449,0,0
180,57.3089355912981,199.2983669215539,1,0
53,7.088069583122765,199.53382488580348,0,0
157,10.086221734691874,199.58266095158865,0,0
94,10.161211672244855,199.80800599249093,0,0
34,16.877783459664617,200.21330859841655,0,0
112,12.311152867590199,200.2656567383792,1,0
63,13.956291462548153,200.276844402433,0,0
20,9.079006890376295,200.31634923940052,1,0
85,16.779547148469703,200.5963578960847,0,0
130,61.143012281269556,200.60392262988412,0,0
63,4.423187758406924,200.67133000056472,0,0
191,28.402564308255165,200.77988993150544,1,0
155,79.84543432498877,200.887058458171,0,0
102,16.723466311226073,201.19678035802085,0,0
186,11.835742407840932,201.45296784334772,0,0
86,50.61416541107795,201.4746612442468,0,0
27,7.506566142021597,201.58393475242315,0,0
7,19.634897545451807,201.62937030245132,0,0
187,7.100433933785642,201.7446518231982,0,0
191,3.0953439473922257,201.76567833393923,0,0
147,17.253512314832165,201.80911074973622,0,0
20,5.678033379255855,201.97742789843238,0,0
58,19.85249092509879,202.02380678357954,0,0
8,61.25402884854424,202.32907740110048,0,0
10,128.28513538910587,202.49709614945374,0,0
49,22.054778356883677,202.54692518919572,1,0
114,55.65744392205467,202.82438267901372,0,0
13,29.933032907940856,202.8722096349743,0,0
196,13.693022357604196,203.42476892643194,0,0
91,2.9306482552094297,203.5805083094221,0,0
52,102.15510822207784,203.74526942014523,0,0
103,7.035000845273063,203.78339140509715,0,0
158,80.05956430292413,203.857254999008,0,0
62,34.3570634500354,203.98020421451443,0,0
9,7.568441855465486,204.0951961752174,0,0
10,27.439905578059662,204.19282771601323,0,0
170,169.5098540782158,204.30582898027234,0,0
22,93.2843710410499,204.48418776179255,0,0
127,12.028597550718581,204.52765838630134,0,0
76,9.855397176434092,204.69505277629253,0,0
155,22.202569764040224,204.88540987592532,1,0
12,17.02165353731912,204.94831184842226,0,0
179,66.66882055231363,205.10257711960085,0,0
139,42.08069718689355,205.2381405322206,0,0
89,3.69787525194774,205.3591815555845,0,0
41,31.774855053850818,205.42463539143392,0,0
195,16.792108419817335,205.56647401709967,0,0
60,20.844875445145785,205.7705835196298,0,0
98,25.763094297340263,205.8659631625987,0,0
78,66.60162690670593,206.26357060366556,1,0
46,53.39905042720802,206.41825832909427,0,0
83,9.490176958746181,206.45560870503687,0,0
30,102.46651614621167,206.4774317474123,1,1
0,12.82605446464876,206.52159936970958,0,0
57,3.7365175119149954,206.56355315926598,0,0
22,18.00463981894444,206.9973279335996,0,0
82,127.07207276275112,207.2224907721849,0,0
172,3.625370921521244,207.26020835336345,0,0
32,19.60801098272077,207.41909251366147,0,0
0,18.989037796636556,207.50349686440626,1,0
22,26.78214600758489,207.51003824899425,0,0
101,7.669681143458281,207.58936882353748,0,0
54,4.830207412070044,207.6384264582022,0,0
97,5.060181454377807,207.71467426220232,0,0
5,76.0152332978941,207.75816501188552,0,0
66,7.5181043542943495,207.89354537265808,0,0
82,12.187828725961806,207.9367681073615,0,0
86,164.7835177157603,208.15436246004737,1,0
110,9.638296132151382,208.37961616033883,0,0
156,28.286922572909088,208.7220037529521,0,0
93,58.19571209185271,208.73277231514254,1,0
168,55.46322491482105,208.8344482369873,0,0
105,5.303800520697132,209.02266482952268,0,0
52,9.841887898828531,209.13864078880619,0,0
45,27.17680837284188,209.40231624914045,0,0
64,138.24361534503467,209.556253764468,0,0
119,9.37915188318014,209.59067786210997,0,0
48,12.260552759229904,209.70955203432584,0,0
182,30.556408100163342,209.80092470108428,0,0
95,37.324809042919036,210.0154258565285,0,0
172,39.656465706320034,210.16396909817988,0,0
136,8.616199853118363,210.4092764150507,0,0
66,11.79825764145773,210.4835235189834,0,0
45,24.91577656453113,210.57674746072595,0,0
148,262.71693791442095,210.66810469136897,0,1
66,15.823812375963579,210.84972426339024,0,0
49,19.6425493783281,210.88997129690432,1,0
186,7.199931865560166,210.91385268276275,0,0
96,129.44121396935458,210.9871255916294,0,0
9,23.435757332237408,211.15691525408008,0,0
98,59.012824196937416,211.23012441023752,0,0
92,20.69510519019793,211.3857429549933,0,0
172,21.873307662335566,211.6515390656911,0,0
142,4.480304931367395,211.9125418810802,1,0
38,2.33786502474445,212.0755347287946,1,0
30,70.23910532433702,212.08037397580753,0,0
120,21.716193234588207,212.12719616712494,0,0
9,24.690736257630505,212.42890115750748,0,0
63,5.760050533230373,212.4432650260598,0,0
27,8.141185613777889,212.62572528822068,0,0
4,58.10792173580228,212.63585477524776,0,0
183,114.45065516436067,212.68137219109246,0,0
17,10.791146033927712,213.18330143131053,0,0
1,39.310170956781995,213.30340947309995,1,0
186,24.289033026272055,213.3989919309689,0,0
37,17.80485298814998,213.79589122876035,0,0
163,127.99088112594909,214.0772587967031,0,0
6,12.766165539625703,214.4698867030362,0,0
30,69.45733207190851,214.6480501562592,1,0
22,29.41260479658794,214.71536834672082,0,0
141,19.74915444728974,214.82927327889556,0,0
124,79.20323730380635,214.95041910154046,0,0
95,26.846474221532084,215.08093798159086,0,0
48,18.239188072525003,215.10653084829525,0,0
17,79.79351001232007,215.54664721509513,0,0
113,70.05371141658718,215.57627626789758,0,0
118,0.4115584030905657,215.74576537348975,0,0
137,31.192467074317694,215.94593219608478,0,0
169,24.831603909644436,216.1786382130971,0,0
98,19.39735556924619,216.23016176857135,1,0
0,36.9579076501097,216.90445640130991,0,0
175,192.76777077658068,217.03744503465896,0,1
56,26.06404745333027,217.05240095137222,0,0
170,39.559561304687264,217.27389493403717,0,0
106,15.364170261124759,217.2855122968403,1,0
123,89.85350574107241,217.29120477162735,0,0
91,43.76980481118509,217.47690677941335,0,0
32,34.55411308721184,217.6870407424438,1,0
179,32.90765263815443,217.9175921146293,0,0
154,63.89756840269996,217.9379141833814,1,0
199,55.79519680592922,217.98349793686964,0,0
171,17.943500252846484,218.15733644439652,0,0
58,54.071669568382575,218.33900506644895,0,0
50,23.90415372930883,218.403095531183,1,0
49,136.5822218970583,218.4788861220918,0,0
183,60.203338708257256,218.57940376751412,0,0
111,10.744464389539326,218.57950914795865,0,0
90,206.58473959282168,218.624496867456,0,0
193,2.454591037851779,218.63406031910566,0,0
120,37.99120709328328,218.85138625398162,0,0
37,75.99301520204443,218.9426100483931,1,1
181,10.01168259444707,219.3093729561894,0,0
196,131.91797048203927,219.53616860513964,0,0
15,191.00419108052273,219.5679698994203,1,1
81,64.87324784923003,219.82631779711548,0,1
72,9.081183585215001,220.2028130970483,0,0
146,15.386727509493348,220.27895743001392,0,0
162,9.836190987274021,220.5068838745298,0,0
29,14.794019650354292,220.5692907679482,0,0
63,14.459510788588712,220.66587166937754,0,0
109,50.24822777219646,220.8773401755877,1,1
159,26.313018365040296,220.92036470844494,0,0
22,29.70229048097999,221.07737949300625,0,0
120,7.416398846619891,221.13453143666078,0,0
59,3.8256609011066405,221.18481621526547,0,0
43,27.41133056398773,221.85141266611328,0,0
103,34.18956741267865,222.2030466787817,0,0
82,41.688143588490185,222.29891172216358,0,0
127,34.85422562306905,222.38118353898787,0,0
63,96.80675508047852,222.45807053470747,0,0
164,54.43829655266829,222.6598029620324,0,0
15,292.899104483604,222.77515490037106,0,0
172,446.14642121623257,222.7922539540916,0,0
5,3.4621764127861643,222.87132585909174,0,0
147,2.231918141216166,222.89168594158218,0,0
69,19.937626037462298,222.94946161957273,0,0
76,33.255907812167365,223.20175097803155,0,0
3,18.61774188742222,223.4610657272613,0,0
140,40.59238332021814,223.48919450164945,0,0
33,15.329175754394772,223.732992799049,0,0
131,10.034701506717028,223.96596127530472,0,0
145,11.671023432108925,224.08063862704114,0,0
169,16.441878234383548,224.19557587343206,0,0
141,46.68917523204408,224.19886478955246,1,0
60,12.345100989142672,224.19895440243232,0,0
147,15.044783157997024,224.3218596436518,0,0
165,35.524295548408396,224.3513195104009,0,0
63,16.464451504441204,224.47545032010024,0,0
24,61.35707893999199,224.71397953466126,0,0
178,8.008422238953507,224.7696522768933,0,0
29,6.447137562434869,224.91922478546684,0,0
118,27.238435181504425,225.07996880465382,0,0
47,30.092875887555763,225.59429598802558,0,0
25,8.457389074219888,225.99839254552967,0,0
155,76.98383011754113,226.1353804772916,1,0
28,137.68064129661408,226.1915194164065,0,0
134,10.720371256286802,226.19996057346182,0,0
138,88.88120232342783,226.22219025754086,0,0
12,1.854968710012377,226.57526156821837,0,0
34,58.91597443580688,226.58393781873585,0,0
158,8.51847410267597,226.71250435980218,0,0
101,53.30726799314524,227.1864570500443,0,0
24,7.680802347575872,227.30177220349904,0,0
198,18.755976820334162,227.35042404918565,0,0
52,8.934180294658452,227.3986692637061,0,0
0,16.217960520498544,227.68755133408928,1,0
184,125.20144860548908,227.7182715731815,0,0
3,18.030453752139948,227.85130253897768,0,0
110,165.72033255341444,228.13566176154524,0,0
198,13.656115440323504,228.2699252948062,1,0
115,89.27885768522485,228.3268765500995,0,0
116,3.9523383594373054,228.33192568070456,0,0
77,15.081833568655595,228.36218015393197,0,0
25,11.750432103437632,228.41899048420873,0,0
114,93.4760824405946,228.7117589797494,0,0
179,24.17330163770329,228.76008106269154,0,0
18,2.4890891251366276,228.84482428858715,0,0
176,5.418778089408239,228.948843323889,0,0
83,7.29608388878543,229.00618591824923,0,0
107,51.11358402693443,229.14039932525034,0,0
33,44.9255863194014,229.5814676371886,0,0
124,14.873789456417246,229.60693356515065,0,0
36,11.60562862106819,229.65810665950232,0,0
54,41.11562587485775,229.80525967247735,0,0
144,6.491391454912278,229.8889745610272,0,0
10,31.74289681510912,229.97788265056153,1,0
89,29.151838958753167,230.1592086915026,0,0
118,15.262676549935108,230.47543143831376,0,0
26,29.894603078135617,230.6728509389859,0,0
58,22.24449034656543,230.7275176056877,0,0
68,33.030107524512424,230.8205249639324,0,0
132,5.2904202841815575,230.8897875474139,0,0
195,37.13284843842733,231.00256507666833,0,0
167,56.070023513895286,231.33992607727538,0,0
37,27.686679707918877,231.4084897025833,0,0
3,36.64275950574883,231.54055406600483,0,0
10,17.994761406942835,231.56808351785705,0,0
119,48.97610696663872,231.68060187759443,1,0
31,21.439759697051,231.7170021815441,0,0
46,6.372926081360615,231.8645387023575,1,0
169,45.61406695863247,231.89803653314598,0,0
174,3.9190675377856263,231.91632076842907,0,0
167,26.64974932265849,232.07019706326375,0,0
50,13.677841982769165,232.08391642179186,0,0
123,12.831130009257315,232.2262237959781,0,0
122,23.854878601215212,232.65230842473903,0,0
110,33.52213658307819,232.8618657317818,0,0
105,21.25934647144122,232.97287481952014,0,0
79,10.834181052301407,233.15544177365945,0,0
150,76.56802566197727,233.26527366130782,0,0
135,24.65014074723802,233.36943451302196,0,0
106,37.74303417205126,233.52479510662036,0,0
145,82.81330438771231,233.57207818195567,0,0
152,81.46541185870926,233.82152383738202,0,0
113,35.86584514278049,233.82478350376883,0,0
53,14.840230930761045,233.83485261682617,0,0
151,4.808072193767275,233.9496080720725,0,0
143,24.69722034051038,234.06707741842465,1,0
196,60.014386940308526,234.50026301106072,1,0
29,28.62598350087321,234.56990959023642,0,0
83,0.641090882482335,234.69379400111873,0,0
184,47.94536602411449,234.71355269924982,0,0
102,50.983352342316664,234.83710224256754,0,0
188,14.861556918938753,234.97776921065457,0,0
2,53.966402405393374,235.38200773840182,0,0
7,37.63616466722621,235.43216229620816,0,0
159,10.11979298596691,235.4541928881018,1,0
71,71.6147541451141,235.46713842243437,0,0
104,5.6549036810477,235.52082433523626,1,0
85,18.968037560432098,235.56301810265217,0,0
187,8.798329270296925,236.04626797447798,0,0
18,27.21569605328565,236.07426296144433,0,0
154,74.4679550707442,236.21122264387765,0,0
177,69.94728394668685,236.2163186933422,0,0
131,41.415873066048654,236.2325826169437,0,0
79,3.684288743807918,236.24854841847542,0,0
32,5.2806420944558745,236.2633315450519,0,0
136,23.71645520722464,236.28812011593968,0,0
93,19.40954506861825,236.33339623151454,0,0
29,12.205908923798518,236.7215361401308,0,0
71,135.006536725464,236.72563042327437,0,0
192,22.32841657597803,236.8394283430747,0,0
53,34.55017934872568,236.93390668891428,0,0
35,53.941163133536755,237.01944316696847,1,0
136,21.22030379802079,237.61752713903954,0,0
39,268.02015098114583,237.82887775830613,0,0
183,7.843049280341557,238.0323989815041,0,0
171,10.956450944052559,238.262961466416,0,0
196,7.823830604292261,238.44833637273535,0,0
182,95.8379061163198,238.46357290047197,0,0
48,44.79452285377631,238.50076342415625,0,0
42,11.65631493059084,238.51929126208827,0,0
68,8.466554396776534,238.65399502668433,1,0
93,80.22943765682639,238.66151303456928,0,0
146,82.30385674517638,238.9050901855474,0,0
128,18.913021426779174,238.96378069265046,0,0
175,33.49966110240061,239.1128552455234,0,0
129,27.118811957722393,239.1246131847986,1,0
75,10.760571488377064,239.19320072207688,1,0
82,17.38931333158064,239.21605108950328,0,0
103,6.145355883746066,239.31153722603852,0,0
17,32.920870676986624,239.33889641360415,1,0
148,43.00209116893884,239.36027690342394,0,0
130,54.06360371954369,239.6198679282722,0,0
146,39.11652035269478,239.63390086687136,0,0
106,17.66861432284717,239.6640604437654,0,0
156,94.81907907498983,239.67549029811352,0,0
189,49.023927131340336,240.37189284252446,1,0
113,80.52327730199566,240.5475789551664,0,0
88,85.73719148658557,240.67685643435485,0,0
20,17.714798163094894,240.73864323652242,0,0
155,29.60311099214425,240.81328238775748,0,0
180,43.57855552043165,240.84414715728295,0,0
139,6.365279941759684,241.51382937213197,0,0
173,6.50796510591832,241.52106668346795,1,0
172,5.47771670249828,242.19438340082885,0,0
159,18.02752779250137,242.3114466389446,0,0
100,14.392150312850271,242.3570641671721,0,0
19,4.7794686140015905,242.40298147010807,0,0
0,23.321092945777036,242.58733034551818,0,0
40,18.25394248518154,242.60236673156572,1,0
86,65.51244797973538,242.63036558409667,0,0
59,85.0832374420009,242.75516336296283,0,1
148,150.3519800771208,242.83654004827136,0,0
85,137.25049025642207,242.97759301660548,0,1
91,31.704237290303436,242.98561661362072,0,0
4,10.007846933505842,242.99258859679583,0,0
96,115.38397064574659,243.11666823972732,0,1
42,38.34884374705225,243.42161856044748,0,0
195,20.27326297970478,243.86085606294026,0,0
197,15.797864082116869,244.1029981661915,0,0
75,8.485839888002406,244.2608088490051,0,0
160,12.626275007786829,244.2921038591859,0,0
143,16.813951508713636,244.41261881089724,0,0
186,44.88467364041231,244.55697393909384,0,0
177,33.48258926877407,244.57228233804727,0,0
125,124.65826867757035,244.59627899669528,0,0
78,39.42255339973887,244.66632195117097,0,0
125,30.70099070403963,244.90004665570513,0,0
63,14.787313755906792,244.98591256272402,0,0
69,7.117361053401929,245.0164634399004,0,0
121,11.360092525916556,245.04801402699917,1,0
114,9.975791791683505,245.06192026060558,0,0
116,1.5512998339799535,245.59346838460164,0,0
76,7.3255498536152,245.69193935138657,1,0
81,99.70439531138021,245.77439197731152,0,0
2,29.037851787449775,245.79251581045884,0,0
120,13.783554031811724,246.02709260935853,0,0
115,29.918583891002804,246.4337334873764,0,0
187,2.8479387137525327,246.46680449827625,0,0
100,26.631579648881473,246.55326455652312,0,0
93,72.05950695473898,246.67369678820003,0,0
13,17.794404481577793,246.73548987203864,1,0
39,3.4144296768172433,246.902836627102,0,0
67,13.277348529934226,247.0590898872952,0,0
75,72.18714586826822,247.14843701787615,0,0
72,26.013864786242113,247.42506652543028,1,0
78,4.8631671625883985,247.440467002217,0,0
153,214.35406971771818,247.47125543789008,0,0
26,5.732727859966805,247.54064269957246,0,0
66,15.753702521691086,247.54749762554715,0,0
32,7.117908977447212,247.61390073474314,0,0
61,7.127766881986817,247.7067611465907,0,0
136,12.779583830107772,247.8656067441495,1,0
9,37.945471165618414,248.04349320783373,1,0
67,73.00525648644029,248.2316596554871,1,0
4,13.651260039648127,248.30337825021442,0,0
190,7.314483662197968,248.36531891044748,0,0
145,32.41558470810828,248.4201505266826,0,0
48,33.38022233475619,248.7866340888126,0,0
39,25.543332803034506,248.90186206861776,0,0
19,173.06521694778885,249.012379987769,0,1
94,17.94718994503908,249.12062441137036,0,0
150,22.156941968738053,249.2744078599859,0,0
116,16.74917278994151,249.41285710157425,0,0
176,58.57123624625487,249.6617987479652,0,0
68,186.50527086698565,249.81121826462152,0,0
55,24.038414422937358,249.862290698585,0,0
95,19.953962636914735,250.32386207588183,0,0
40,25.94195041895988,250.46687643916908,0,0
195,10.402833271705552,250.56937056317082,0,0
37,43.162772286686526,250.7012770715013,1,0
95,31.223668377989735,250.92408858895487,0,0
104,13.190934217841162,251.0110248188535,0,0
11,49.50466061805168,251.28304239992445,0,0
93,20.47060118554768,251.33947739270644,0,0
90,7.6136551207573,251.47398158695802,0,0
51,28.548501430443668,251.5116061699599,0,0
25,25.45704452702922,251.56542605932768,0,0
9,52.47926536253897,251.9994475497403,0,0
1,46.1338498246977,252.03112010854474,0,0
17,12.527335085752277,252.16574152887807,0,0
191,20.120591633802768,252.21444641911074,0,0
48,28.88460862347881,252.26430819476255,0,0
130,32.58181718685563,252.37486432606883,0,0
134,27.15095465846374,252.5284452551605,0,0
99,18.34281705142589,252.88050777213482,0,0
176,54.42464149840545,252.97177196827013,0,0
22,10.23382188414082,253.01581300766742,1,0
46,239.7036700063569,253.12275861936018,0,0
50,43.080496623311305,253.22572141218967,0,0
27,6.504632379438375,253.469181631263,0,0
58,24.172831348285634,253.49961213666637,0,0
62,43.49663235764416,253.96877106744319,0,0
152,14.16297116767421,253.97630773797124,0,0
60,4.50350486460061,254.02279408405886,0,0
175,7.105975561102951,254.2952373990918,0,0
154,34.53913207690202,254.3684755946017,0,0
180,3.47426702055599,254.45302304622578,0,0
21,4.714559225007138,254.50190770013887,0,0
196,34.35799514623442,254.77822031280044,0,0
122,16.07798239857735,255.2491124484169,0,0
196,10.016358539528312,255.35201476058256,0,0
70,12.246838875098373,255.40223126151622,0,0
190,4.614420019558958,255.45738177907126,0,0
117,32.604601556611435,255.53666736590066,0,0
14,8.966150623334462,255.64325097241775,0,0
82,11.754637168999956,255.74711298912555,0,0
27,28.411248383313147,255.80270847799943,0,0
188,15.539302574332112,255.85910665631891,0,0
60,9.927877315134257,255.86239127057118,0,0
44,2.74714330968165,255.97369341737738,0,0
110,29.003770705679383,256.5382210331835,0,0
19,11.972502263784452,256.8188157519031,0,0
163,7.117815699180616,256.8905370239435,0,0
169,20.343520915298836,256.915924313741,0,0
148,32.47503890406999,257.05245528043326,0,0
123,22.1482587425,257.1232290455654,0,0
80,103.34423678225443,257.2624676715659,0,0
108,40.64088187053433,257.391486286647,0,0
104,18.042262280111444,257.4707113606146,0,0
33,42.025591581762974,257.5668062993291,0,0
16,21.087116854550025,257.58184457723354,0,0
50,21.014081371746617,257.61285882682466,0,0
90,73.4322929497816,257.6232233390566,0,0
32,8.182045020370166,258.04564870017714,0,0
21,20.559223000224446,258.0532506015088,0,0
170,66.00364730190499,258.08806471144453,0,0
74,27.35749572852147,258.48923914353486,1,0
116,13.886914788434856,258.612803431626,0,0
104,3.6467641298767925,258.7241044536399,0,0
147,2.074360799529101,259.15152633465976,0,0
147,160.16126113585017,259.23825179577204,0,0
169,11.200146526220587,259.6068797586123,0,0
74,28.48725770225254,259.8500113137237,0,0
167,7.785989196997786,260.044783500737,0,0
80,14.42263319896231,260.3303494866967,0,0
22,7.838594983447057,260.41296601594814,0,0
152,4.88772233803816,260.72822221016276,0,0
6,2.447372632329263,261.0135948986897,0,0
154,4.064710845580363,261.6968302056141,0,0
8,55.77288190756113,261.8884652827797,0,0
41,7.486624577851363,261.93382715853846,0,0
120,34.29131488650857,261.9696823383478,0,0
188,52.28175146628083,262.158020814222,1,0
81,20.421324738825632,262.2201908442196,0,0
24,14.901066501606811,262.33709136132916,0,0
46,153.96310014757194,262.34033506244015,0,1
179,13.241815102890396,262.3567722458711,0,0
145,66.94753561046454,262.49489837500926,0,0
20,131.1752052328555,262.56836907273333,0,0
76,85.61083312774764,262.6183298093059,0,0
52,2.3359922918211327,262.93298617516837,0,0
35,12.974335853839214,263.1623747193772,0,0
169,20.169249424025022,263.59607679584354,1,0
123,31.91442048358052,263.6325848177423,0,0
35,3.5704279490757314,263.6578562130902,0,0
130,3.513302012759502,263.6763010561853,0,0
82,74.20189950365568,263.7879515348331,0,0
12,11.483149286816207,264.01504410534795,0,0
89,4.538486840920726,264.0414045009367,0,0
37,6.66159664480318,264.055031229571,0,0
49,29.68003635840915,264.60600843838665,0,0
175,8.823797329036232,264.7539394793767,0,0
142,25.575264199972786,265.02715511756315,0,0
26,7.547924593948473,265.2271794673304,0,0
170,3.510645320649588,265.2364350423378,0,0
114,83.46105895203178,265.29710638362985,0,0
174,29.909911426066483,265.40764635067285,0,0
149,14.38590832287044,265.78273117159335,0,0
67,11.92501480542122,265.960960934254,0,0
106,86.91236994858646,265.9854850232263,0,0
106,36.289558146672896,266.01915325050203,0,0
143,63.23215994620113,266.4358275842354,0,0
167,636.5087224904112,266.52609848257396,1,1
49,11.204408562574452,266.63578195404887,0,0
66,21.12942333956457,266.72370566252255,0,0
48,30.030061081120945,266.85234828405567,0,0
59,11.587545884205968,267.0738624875991,0,0
36,61.245623844900436,267.0768943894325,1,1
32,18.25552713696005,267.3219510062114,0,0
7,11.205331144732659,267.48170915524025,0,0
188,29.935923003823405,267.6321070772645,0,0
14,5.358080719022694,267.8427048381544,0,0
177,35.586630488526865,267.8964562915383,0,0
0,27.404663557589817,268.57063229596855,0,0
155,16.390329093802322,268.9855246601217,1,0
65,31.485185878901405,269.17409145851303,0,0
103,13.944142620648845,269.22372501112085,0,0
56,10.276597869163753,269.34531354628984,0,0
98,34.59558783762649,269.49664594258,0,0
90,36.12604253636721,269.54484021185095,0,0
105,12.094245502709056,269.67562650392375,1,0
78,11.100028853806553,269.85824698856203,0,0
107,16.727039072806715,270.08183021441056,0,0
165,11.565127811333591,270.20026057931574,0,0
86,92.30691984025191,270.40294256940587,0,0
72,151.5532036211694,270.43629993266563,0,1
26,20.380941694994423,270.9221359309425,0,0
71,7.903257579470018,271.0579927725835,0,0
25,42.05546940464296,271.1078876135389,0,0
190,10.456802137681283,271.38034688799723,0,0
17,43.493637502063294,271.43554965878684,0,0
96,29.586634464426425,271.6429241241815,0,0
166,1.6430469112923967,272.1518447020083,0,0
190,17.153963181851136,272.1708772821712,0,0
29,22.771724675859858,272.4307306598672,0,0
32,14.302063738329903,272.5247494718138,0,0
74,23.579169304922615,272.61883633485127,0,0
110,3.28810692716014,272.7666410206383,0,0
191,1.184095747080997,272.83277626233985,0,0
41,7.572564349185973,272.9014319962338,0,0
32,26.635558845403384,272.9138909989728,0,0
50,0.7985511717603319,272.97004398591497,1,0
174,8.640443674911971,273.0714844221165,0,0
6,2.936560594774626,273.3059064039705,0,0
76,15.758435787924121,273.3979150667993,0,0
23,142.29455753606413,273.5988440500019,0,0
31,16.164605484386442,273.7696204074992,0,0
183,18.038297826534947,274.0773079451815,0,0
0,46.48970735035709,274.14214178013265,0,0
64,66.77329179576952,274.27705059501653,1,1
183,16.199951198745126,274.30890040937385,1,0
121,50.73651783196607,274.54142768863284,0,0
14,32.197446575605674,274.5712091431002,0,0
93,26.806000496183024,274.6153644500898,0,0
194,17.482840332284315,274.7099884520852,0,0
80,14.20984870926479,274.9502967615529,0,0
105,50.258057645154246,274.9815964212063,0,0
106,14.346950058245548,275.0317624789783,0,0
132,68.80338053091954,275.36268092358114,0,0
37,27.785600127239302,275.4930765488904,1,1
197,32.20237099061298,275.5515913902934,0,0
28,7.625249756806004,275.6338752744935,0,0
163,33.41412231941236,275.7585183619274,0,0
163,10.4823941442655,276.4453057035683,1,0
148,20.768305578982247,276.583958298175,0,0
74,12.34650297249527,276.6297623072349,0,0
93,17.58573102260624,276.70079455484944,0,0
167,51.49222337342305,276.7131643001102,0,0
30,33.734182882996414,276.8861283342626,0,0
165,6.518436901943894,277.05213719690926,0,0
184,6.902637316383431,277.1369619847513,0,0
136,26.331754604274767,277.3238608195355,0,0
68,28.309208117299846,277.3778838411214,0,0
111,10.232357679485187,277.49824663782334,0,0
10,98.62408316811442,277.6004126234992,1,0
186,45.308512886342484,277.9441442058898,0,0
68,10.744818459608878,278.18923411055806,0,0
11,9.754655753186888,278.4278617287651,0,0
158,15.993570316998493,278.512448837565,0,0
131,14.413216367055949,278.6523232494122,1,0
124,70.53841772963595,278.8607558308647,0,0
10,53.75963856090741,278.92290943033464,1,0
150,20.802423898539477,279.0003855879132,0,0
127,39.563444011474424,279.1280507099224,0,0
158,45.740093206776024,279.2620980594868,0,0
165,21.29049498465282,279.3985540576183,0,0
42,30.042669246876436,279.5462604089649,0,0
42,36.38612621661866,279.7455819285231,1,0
184,149.72341214858596,280.1139831555578,1,1
106,9.218351002550836,280.320484025988,0,0
87,10.199005776567931,280.40033318588723,1,0
57,15.050411579769664,280.47308990381873,0,0
127,9.907932718230434,280.5632539076633,0,0
150,4.603880005231438,280.7381035033512,0,0
0,39.48622831846529,280.9862128419807,0,0
110,28.40053908544865,280.9988220760871,0,0
198,5.262643271928504,281.1214874858111,0,0
56,15.785365683689445,281.1491926333351,1,0
56,16.7051020167217,281.4916420283803,0,0
175,24.093556232729952,281.7972895828118,0,0
12,6.807858123311628,281.843037782525,0,0
79,5.186223401558637,282.174967199775,0,0
91,33.775122001858136,282.2705725405365,0,0
159,4.332037509185675,282.38774689022455,0,0
25,15.916184855555985,282.54013215627896,0,0
86,14.496725759554304,282.75124216386513,0,0
30,17.755861411434974,282.7622980169493,0,0
157,25.860523614291882,282.78136311926636,0,0
126,99.34221611457151,282.85764379284007,0,0
99,4.057259717917548,282.8750368646895,0,0
78,48.2589635087114,283.14009676848,0,0
30,1.6287976325320537,283.1773562635017,0,0
184,80.94024357874183,283.28909327159164,0,0
129,2.6042133677844572,283.3678953454138,0,0
63,229.6128518958016,283.5153442082914,1,0
82,13.602208517121609,283.561024453216,0,0
145,72.99442444553317,283.7132614801119,0,0
143,59.39179131155613,283.7405443789859,0,0
92,12.981313608972824,283.9866692922682,0,0
60,14.016718305024533,284.0904074075834,1,0
131,8.695807707902583,284.2854427444552,0,0
131,44.1401662145899,284.3521510525461,0,0
119,13.151448383383476,284.39734332424536,0,0
14,8.85530285250548,284.4830615085951,0,0
94,34.37315947322376,284.95210313215455,0,0
122,8.189260154791786,285.0571289093056,0,0
190,14.454672349043868,285.0964582250654,0,0
105,22.356248677560835,285.1146657938659,0,0
68,10.565252080428335,285.16244024423133,0,0
111,12.285888398639583,285.1669809205108,0,0
35,93.22194926874482,285.2256564635761,0,0
18,16.375147673585058,285.37908045294256,1,0
135,14.018432071392704,285.51796043677007,0,0
197,16.858835172008423,285.8073805234804,1,0
169,31.64103925183912,286.08039662870937,0,0
116,7.143024723060815,286.11082675146645,0,0
8,30.790783262054156,286.1813402572667,0,0
197,25.940882264777603,286.39779922249215,0,0
89,3.3579968343159434,286.52440771459777,0,0
57,120.8144144632268,287.0242710144589,1,0
178,86.55790057022567,287.3920535831179,1,0
149,9.01993445352744,287.9648863685934,0,0
149,6.537621813794948,288.01799696477735,0,0
55,25.23044744218007,288.04792062087074,0,0
198,4.82657309723083,288.1526552471507,0,0
90,78.59302489490366,288.5184054343189,0,0
106,12.572932189424375,288.9405614751813,0,0
150,101.67759035771287,289.0212043993049,0,0
131,8.807438333451936,289.0944595297988,0,0
34,17.95373038857992,289.22311836178704,1,0
33,74.59149928200782,289.4746746784005,1,1
60,71.32255427043715,289.56175138535184,0,0
72,14.537921630196116,289.6766092252263,0,0
189,26.366433509116284,289.70703588397237,0,0
142,59.8989368153804,289.8051306439812,0,0
73,11.5184782382252,289.8813828264837,0,0
146,5.687443837211479,290.0124665599654,0,0
147,4.670608690159291,290.04432479522524,0,0
78,35.996897329053525,290.1331740747641,0,0
80,29.629734084155096,290.1951235225952,0,0
178,58.0708126196782,290.26314176464325,0,0
112,15.270995052904844,290.99126564155875,0,0
29,4.803105761864066,291.4151390433123,0,0
143,1.9102759225986397,291.41884957577736,0,0
117,353.5279449313236,291.61924308070405,0,0
126,181.0119121149982,291.7807532002645,1,1
101,34.01913017312427,292.2799661913382,0,0
145,23.029862793419323,292.6815867123194,0,0
181,26.539647853951145,292.7506634654133,0,0
66,4.800216647386877,292.77873940321206,0,0
83,9.071412716341703,292.9362043613951,0,0
37,114.81591744674765,292.9578911386946,0,0
129,38.79716922512106,293.2213962895142,0,0
80,9.35959801425312,293.5949260775332,0,0
68,5.88957990633366,293.7057079545663,0,0
139,11.99279306024195,294.1320024978154,0,0
81,14.651890225584054,294.1925526916202,0,0
92,155.88928376848773,294.8416825423599,0,0
88,16.638721908072565,294.9847751152761,0,0
51,6.113186845602536,295.2213938714246,0,0
25,18.94230227100587,295.23636957310384,0,0
165,26.162797746795672,295.44577840730994,0,0
18,5.58147692021021,295.5178609599216,0,0
64,30.029058648049595,296.0302592877158,0,0
133,67.28356166918124,296.06628747520256,0,0
26,23.073188749627043,296.12214188699494,0,0
131,9.051539449387391,296.34179243865873,0,0
146,11.835808588476137,296.3839081591609,0,0
132,3.823491549447266,296.39210049341,0,0
61,17.569505652136513,296.5866671821523,0,0
3,27.40649301935213,296.6218012886313,0,0
177,8.19371514881596,296.7154813303729,0,0
65,139.7283458770063,296.80606777514174,0,0
161,44.35739760684213,296.86372333720897,1,0
39,3.344183810784129,297.57059924601907,0,0
32,3.413497554624926,297.7942610108782,0,0
155,7.508053146106067,297.835394899478,0,0
187,96.85213236084589,297.87960503821574,0,0
172,48.95598898648107,297.89447398967303,0,0
150,101.87149800491355,297.93586311658623,0,0
49,20.291646249772345,298.03090188685235,0,0
182,16.289336186638668,298.0709109038691,0,0
133,5.768952455932127,298.0998591353008,0,0
34,28.493726063470113,298.3876351978614,0,0
25,16.50778079490356,298.4745773450296,0,0
174,15.88424614432838,298.6230413966219,0,0
55,101.29639680264133,298.69344397883896,1,0
153,17.70158878003655,298.87734720131624,0,0
27,76.01885822516441,298.8868396406947,0,0
56,4.103849102752709,299.00261789192984,1,0
56,295.3355692885949,299.22782227322875,0,0
56,13.82847038380996,299.2882990408086,1,0
134,40.73892498642996,299.29205458542896,0,0
182,47.76403316138049,299.74571188689623,0,0
182,12.214738173241171,300.00197589303485,0,0
148,45.559997789432146,300.02473696896516,0,0
40,47.99050489158084,300.0269542193735,0,0
192,9.84393469930845,300.04722280371215,0,0
108,9.961222209030709,300.2780760452265,0,0
109,21.01647856291789,300.53939414296184,0,0
140,17.8947263534823,300.6289698685144,0,0
153,80.89322667097701,301.15966984442406,0,0
190,40.5553693532124,301.24047935772114,0,0
116,18.71969972401361,301.2430304945936,1,0
122,36.82135437138764,301.3421594663903,0,0
149,2.5943783269719267,301.38201039926423,0,0
51,10.85568630777253,302.1541868228408,0,0
61,26.78443695805693,302.23106431110625,0,0
125,61.274606154872004,302.2636039601657,0,0
12,24.526872045182046,302.46016701801,1,0
64,86.33533861631255,302.48964215216836,0,0
143,47.84371962723297,302.5172552577398,0,0
195,12.325503560485451,302.808967226865,1,0
103,17.460991819632373,302.9283872388071,0,0
79,30.217513884554528,302.9384122714754,0,0
88,12.824590325856581,303.05642361884316,0,0
137,92.87831336345809,303.15953735691267,0,0
108,6.627806240830595,303.3169635970972,0,0
4,27.55286300219311,303.61575944418644,0,0
107,41.90674588474905,303.8538688127206,0,0
80,14.680983407272672,304.09226545803676,0,0
140,11.718873565261607,304.19646042106956,0,0
175,18.61408781708473,304.2122900968902,0,0
192,45.24076282237656,304.4922727377996,0,0
122,12.184345870646283,304.4996229908698,0,0
72,6.896946745996392,304.62219813623585,0,0
88,63.47110589026421,304.98145077224615,0,0
35,29.943026905684853,305.0123942893292,0,0
187,55.02884104836842,305.25002712228024,0,0
169,42.91973447645347,305.29231067301686,0,0
170,177.66314406625327,305.443164263931,0,0
65,61.25050140568201,305.5222288245683,0,0
64,9.736877082139642,305.5430083931956,0,0
171,32.14535519257371,305.680346995565,0,0
108,11.501888956373616,305.8255393348249,0,0
140,12.754368446305792,305.98682559932223,0,0
97,4.891502907847713,306.299141839474,0,0
88,15.087805249009627,306.3042934802898,0,0
126,34.640873106676935,306.3916569957995,0,0
162,18.80228292917026,306.426854803809,1,0
66,6.690118565319378,306.51301709778033,0,0
161,4.379701921111058,306.57784063073683,0,0
48,165.97645409265468,306.6239218863072,0,0
80,27.80346777545584,306.9743362015372,0,0
182,8.810382278175897,307.1771982392045,0,0
190,31.873771440825923,307.24545569537696,0,0
184,179.3225389235734,307.29284759835235,0,0
63,37.354835198251806,307.3909390317621,1,0
168,1.2373006739991588,307.4511004826898,1,0
187,284.94372025730365,307.7452439141717,1,0
195,3.160573567117512,307.7490174109227,0,0
4,16.346079041751896,308.025942741318,0,0
148,6.46624584628642,308.05269647639307,1,0
199,9.583068946724268,308.083869489058,1,0
152,26.693222253095808,308.09787875276385,0,0
46,2.531916412259827,308.18029073881405,0,0
152,18.352290957178994,308.2417001028306,0,0
21,63.265643351391134,308.5869011406599,0,0
96,8.643085830964534,308.7056903441261,0,0
125,5.001385329997198,308.93408351050994,0,0
91,17.473665130919763,308.989288712997,0,0
139,14.320019309331924,309.1470305041284,0,0
48,11.075908339355363,309.16247574937097,0,0
121,6.120562009235405,309.1848357755003,1,0
128,33.756891233977484,309.3329491188781,0,0
57,6.919567485241536,309.76309896912255,0,0
61,7.946617412323997,309.9616632788908,0,0
51,23.02296034852257,310.03912978620053,0,0
92,7.6524690080109465,310.1737858157201,0,0
117,24.014600095463415,310.237126135814,0,0
72,87.18624072518953,310.47477705060123,0,0
81,18.91920074428162,310.54916269136976,0,0
57,5.967831523704778,310.57891406748524,0,0
43,29.728420199043526,310.7881498329019,0,0
131,16.816243099667947,310.81037844745777,0,0
163,17.28506722383089,310.9305608169821,0,0
58,32.30825831314431,311.0155610263764,0,0
172,40.08641114845391,311.10510497723214,0,0
114,20.811426055519835,311.27421302575783,0,0
73,974.3524647722224,311.45646956987105,1,1
1,66.72328543085416,311.758714922266,0,0
7,46.22617139295122,311.8472693901454,1,0
67,22.901580963398587,311.89720005785205,0,0
90,7.346740636867325,312.02921985077404,0,0
159,62.015626023915196,312.0622239661248,0,0
26,23.203291572140493,312.28918105498707,0,0
167,11.27774129457804,312.2995387990854,1,0
46,15.750302105862808,312.48336718864283,0,0
27,7.643208179056069,312.50564334454754,0,0
139,57.819670796850005,312.5871247394684,0,0
154,39.76698649876709,312.915006490295,0,0
120,24.08604101102777,312.91508456539924,0,0
23,19.244290635426744,312.91945973078833,0,0
23,10.168870304802695,313.0567808759478,0,0
78,2.386737465646473,313.11659118344846,0,0
90,4.8894171460207465,313.2620935948207,0,0
199,9.55777214309993,313.2631806111671,0,0
57,8.223810104056357,313.69655091446856,0,0
38,26.82570647516667,314.0974950812767,0,0
189,45.217932368356,314.17844215144623,0,0
30,118.41450369884514,314.4206543801526,0,1
5,82.1804085725416,314.52818341653676,0,0
84,9.180689221540907,314.5334454271975,0,0
80,17.53962966974633,314.63228758424526,0,0
13,31.124294946026435,314.95911514875877,0,1
123,19.08710203316474,314.9601123599402,0,0
175,59.8706456354041,315.0261768754833,0,0
186,22.32901786401758,315.08056127163655,0,0
57,22.955760669154156,315.1932242871669,0,0
196,3.838788741701885,315.2905793464775,1,0
126,8.166931776540798,315.3792825149267,0,0
13,60.09654027218637,315.4883693415937,0,0
187,2.5210052643502183,315.53161710305295,1,0
27,76.9374421804099,315.5877427784313,0,0
117,33.10434322243059,315.6023492910588,0,0
158,9.511281987601643,315.65310518170713,0,0
49,8.740356895793521,316.1052808042298,0,0
54,133.74771477667818,316.15024413771073,0,0
95,82.38519978139786,316.23276904862723,0,0
176,17.824238214211903,316.2758845035541,0,0
44,22.97925217475836,316.33204453648204,0,0
132,10.52568687887395,316.4268719368025,0,0
90,22.98367032329572,316.50291021696387,0,0
22,10.23789786003072,316.69437642598405,0,0
142,18.568321356440038,317.12568855571203,0,0
166,122.77204948694019,317.5334092110733,0,0
115,18.254031385131114,317.55015336628327,0,0
35,7.042604919650635,317.6751633201944,0,0
31,5.122424960453476,317.96840618051795,0,0
84,22.808146102907664,318.16877309645076,0,0
101,9.384926567061392,318.22353942149334,1,0
110,25.702882418719735,318.3165320801238,0,0
48,3.9768772742423733,318.34696137443666,0,0
100,40.054864810950185,318.4433028882999,0,0
59,6.957603763461317,318.5205076086808,0,0
137,21.037304347119537,318.61986305276554,0,0
159,14.320567384354314,318.89435855099737,0,0
130,111.9876908666376,318.89812544179466,0,0
0,23.84296424084994,318.99743953800987,0,0
198,140.53716145101137,319.0881508166072,0,0
4,35.189311997496596,319.3702561181978,0,0
199,83.54671381512611,319.4420936275443,0,0
6,16.300597988927883,319.9436370995273,0,0
103,215.82785260254806,320.15157860980486,0,1
21,67.94126548169164,320.2817466829405,0,0
19,49.64809139599627,320.3285889361189,0,0
136,34.15787904631154,320.42541299870305,0,0
145,14.469820957559373,320.5848279859493,0,0
23,17.136719598381184,320.5911355195594,0,0
195,62.65615693438597,320.8320213849567,0,0
64,77.1623195180592,320.92751761900763,0,0
63,11.10213320761721,321.1428378455216,0,0
59,9.547134199581539,321.53842812685514,0,0
92,8.132482371722698,321.5496168846056,0,0
35,46.048749898946376,321.69336817720966,0,0
84,7.92898456738382,321.9303961755627,0,0
41,45.49504441283636,321.9832547449453,0,0
10,34.66360686683087,322.03849457395376,0,0
73,11.645363938696157,322.11653241896636,0,0
134,95.95307921900363,322.7780662261613,0,0
152,4.654065282202762,322.81758527649026,0,0
70,105.58671936334409,322.88994883357776,0,0
64,27.62955033397913,322.99042177233696,0,0
157,2.5257388741351656,323.0428465115164,0,0
136,98.67973792210198,323.0544373860931,0,0
166,53.101889117721676,323.08669397970664,0,0
181,13.08921117671566,323.1405963159967,0,0
164,7.654390729490328,323.4924452782832,0,0
187,24.302241055846906,323.5348375438551,1,1
83,224.85284405427436,323.60915557007564,1,0
78,7.977444529985981,323.83759809404006,0,0
64,5.676934793276613,324.38865996839485,0,0
47,26.256645643041548,324.38900475900004,0,0
149,17.09410336335263,324.4992795845184,0,1
142,7.526661635107018,324.5310632291669,0,0
160,54.324167096461544,324.65899235671475,0,0
33,31.951227350740524,324.66581806751606,0,0
98,13.648505661097335,324.68374719602684,0,0
44,68.62821650705996,324.76852184721014,0,1
178,12.903898432720071,324.78491577881255,0,0
53,18.878093781006044,324.8249356880313,0,0
28,9.376331771932733,324.8556807841434,0,0
113,11.243168283166158,324.8750117932313,0,0
175,10.906095601877325,324.92196112748195,0,0
183,9.71954831890581,324.9352212071798,0,0
19,57.049025600505416,325.2843377553549,0,0
65,43.3851576079086,325.6173302987052,0,0
30,7.90611674666539,325.7621274369265,0,0
61,6.083658289935862,325.8060469880607,0,0
106,17.162441403468527,325.98062947501717,0,0
56,173.34565350407027,325.9956564812288,0,0
102,17.094821994191033,326.178802286382,0,0
10,21.94897439257413,326.2191269830756,0,0
45,18.017757978905344,326.2981932353276,1,0
0,12.702389505177292,326.3659739770701,0,0
17,63.757063136449915,326.38994566416494,0,0
87,31.6411542496456,326.6022084873278,0,0
170,46.796355396366216,327.00888842563387,0,0
154,36.21161593948885,327.2124442782217,0,0
19,299.13520282868893,327.4338905824274,1,1
6,97.94497417569734,327.45078526827587,1,0
67,76.02361128110721,327.54616368070003,0,0
130,205.36809607364788,327.61566761989525,0,0
149,67.85284264386644,327.76585030883325,0,0
164,10.283629104652437,327.9335761246623,0,0
68,46.86691745543458,327.94299247805117,1,0
33,40.871589114055,327.98225245673893,0,0
5,137.0430219320035,328.13332617563583,0,0
29,7.635752425499679,328.3090916357234,0,0
13,35.09122437454544,328.4980613191309,0,0
172,10.164788653069678,328.5008242040643,0,0
53,33.53350553088284,328.54390531574654,0,0
164,16.203922383995483,328.85683081487923,0,0
110,32.44248418628485,329.283599870395,0,0
107,4.90209082908111,329.56933438805567,0,0
90,44.399423341771495,329.68610622099754,0,0
163,24.681636736825606,329.7319273196502,0,0
8,23.38729396104814,329.8021499652706,0,0
18,141.20719782354442,330.109207650236,1,0
84,13.701654633816077,330.1803531909508,0,0
78,28.283127481190377,330.36781425053385,0,0
109,22.203961058910743,330.6074663564295,0,0
147,24.484472968163956,330.621188898287,0,0
117,185.2680887795185,330.8739489084602,0,0
51,21.408907899732647,331.1630905942979,0,0
65,11.389822579951472,331.2269891303131,0,0
150,130.43862315125148,331.34724213960817,0,0
40,14.765763656174196,331.48482270697684,0,0
100,4.0342558171975185,331.74811173008953,0,0
107,9.575007262682758,331.8169509310337,0,0
150,5.774273836805763,331.90619378505886,0,0
142,3.32023158059011,332.14734124634134,0,0
92,13.971017365454069,332.2663716294689,0,0
61,18.72358641553822,332.50516881331146,0,0
73,65.40036994698661,332.83825940180304,0,0
82,37.690256473144686,333.072043711782,0,0
43,36.01135509864479,333.09383002756636,0,0
125,8.221806837286314,333.21523522808525,0,0
41,383.00847690954186,333.2312168812097,1,1
129,80.73989673150196,333.37917510398285,0,0
150,29.801862499637764,333.3937008618581,0,0
192,30.64647158862634,333.8105435280085,0,0
23,5.67067240298409,333.8672992333571,1,0
151,57.65262664515914,333.87214047932775,0,0
17,119.2033131063585,333.8782041575468,0,0
67,27.742135622806117,334.3691709483782,0,0
35,11.085552917673857,334.5138627789862,0,0
32,17.081656082813602,334.57422074002653,0,0
35,13.191587093301749,334.7072091776815,1,0
8,14.006903942883795,334.7998743625291,0,0
164,38.39714330371908,334.8733884941491,0,0
12,26.56153486871697,334.92105780252706,0,0
79,54.81350504238748,334.95297952577266,0,0
139,29.104783577611517,334.978081656357,0,0
198,8.464763071662597,335.1172728700549,0,0
170,12.174066300744787,335.15999796172133,0,0
27,11.440491258567578,335.2381272049919,0,0
197,16.668653562115054,335.3409948348531,0,0
130,120.86977077548671,336.02875925910627,0,0
35,141.868360889417,336.0621066616368,0,0
89,46.36761210123041,336.25321733750366,0,0
183,22.618401413904248,336.2704920959289,0,0
78,5.146659073110864,336.4368248824809,0,0
36,25.02832805901182,337.0214746480271,0,0
175,9.1156498810321,337.2031748101059,0,0
190,102.567579812127,337.2518301232848,0,0
195,4.030515608012463,337.35242122214885,0,0
191,29.502775195067358,337.42242456580504,0,0
174,8.379268523756787,337.77607461992415,1,0
90,19.89532569650169,338.0004914872605,0,0
38,39.097877839394144,338.0324628238993,0,0
123,55.810871981233646,338.3750837695442,0,0
44,18.902795082012418,338.39275128015794,0,0
94,43.00070668878958,338.5312367061717,0,0
131,10.355625528618145,339.0855396889083,0,0
189,25.675529653975097,339.2273772998804,0,0
57,54.71880389535453,339.5540009989066,0,0
50,27.997059257452744,339.569146056602,0,0
146,11.830208513116178,339.68571851737914,1,0
1,15.194866376787926,339.6898853235699,0,0
97,182.40849512605388,339.7260962485692,1,1
113,55.45966848109349,339.75411294923236,0,0
149,6.740643418624293,339.8670882224197,0,0
110,7.812186341687426,339.8680411583359,0,0
76,36.6564264620722,339.880561894086,0,0
165,12.946900365213144,339.94400473486525,0,0
74,4.697083591399632,340.2529278530917,0,0
142,77.54191796004439,340.3343998336299,0,0
92,6.688567409494615,340.47877115099993,0,0
5,16.454022672535455,340.81992950217506,0,0
106,10.810083503916417,340.9022894359151,0,0
9,14.914240793517402,341.11278131873235,0,0
186,8.292740904849957,341.2326341465236,0,0
120,41.029004264833944,341.2688205809455,0,0
74,22.439516280773844,341.32047546802704,0,0
123,10.922575437760923,341.55513569618495,0,0
52,837.7819980711826,341.57955232270365,0,1
57,2.9902327120649814,341.6616642152814,0,0
83,4.11593115679563,341.99816451434924,0,0
51,115.94139497584541,342.14931253893064,0,0
151,32.26689130255994,342.2400849959834,0,0
20,28.25826787898438,342.3516032122886,0,0
165,30.916045077829676,342.59764273160965,0,0
69,35.559497167543896,342.6569529534204,0,0
112,27.106341940013227,342.92487102025035,1,0
31,7.645333856747667,343.2486638727776,0,0
77,45.521780561217994,343.4374924297003,0,0
150,38.8877080220231,343.4996636981111,0,0
54,530.970774240763,343.5316040989795,0,1
26,117.24210577340638,343.59869588713883,0,0
104,27.951645745628515,343.90943114921936,0,0
32,5.88526036790258,343.98162385412667,0,0
62,694.2719695364791,344.00945290923516,0,1
90,7.2561549331028,344.51527546186907,0,0
112,28.161736466229073,344.5289718777964,0,0
127,15.537649420852192,344.79395923315917,0,0
135,13.057656279452786,344.82125362320363,0,0
168,43.13350708047922,344.8932892660242,0,0
13,25.647846199684047,344.9263425013641,0,0
72,33.556865966842324,345.0335505422033,1,0
0,8.884549081966226,345.0402812800639,0,0
1,105.62125875598812,345.0768352532996,0,1
42,9.304191710364163,345.0993715568057,0,0
119,16.45992126828194,345.4880258717221,0,0
178,17.836336896101937,345.6223195868762,0,0
154,127.01487088734298,345.65765414007086,0,0
129,15.496458059644006,345.70257755668223,0,0
155,2.3974404173365063,345.96987466993096,0,0
34,81.05204971064173,346.00312137522116,0,0
167,31.477070937286385,346.0385869148071,0,0
178,17.619206147701394,346.253840770666,1,0
19,12.971889021043138,346.6659078135349,0,0
93,7.791819053182663,347.08312676115895,0,0
166,139.49769768659644,347.1197185831856,0,0
95,21.154335838369665,347.1788085539778,0,0
168,3.533358575799268,347.42696489675615,0,0
187,27.875273274040246,347.54662741600583,0,0
94,67.09917186074884,347.6936393071712,0,0
11,124.85633761587319,347.9489871036603,0,1
68,8.15316770994516,348.0012095156184,0,0
43,7.455303914925289,348.09742897034215,0,0
94,8.025958268408147,348.12838152265033,0,0
117,91.98798742412595,348.1559873501351,1,0
92,18.696492599847026,348.63373028164636,0,0
39,3.7481994774107283,348.707223853547,0,0
60,29.49243901283503,348.7566666250447,0,0
135,23.127833036321352,349.1713801754028,0,0
5,12.821257468087783,349.59053437569895,0,0
42,7.239797554428657,349.89804271281974,0,0
178,6.9317000475767,350.033982625167,0,0
19,59.53913428747205,350.1780647519656,0,0
82,25.726275324947487,350.43115258331636,1,0
41,32.41572565144106,350.4379517356372,0,0
20,25.655521447950996,350.62709925959655,0,0
84,27.873842518323958,350.6727552329929,0,0
104,12.573674923687504,351.34283871550593,0,0
35,16.349063959472236,351.5413610025356,0,0
15,64.38700360862886,351.89315952223484,0,0
26,82.64796216970224,352.0512902001251,0,0
130,5.917464198252463,352.06237104787766,0,0
172,16.309392468044376,352.18755953135235,0,0
36,46.492237305639385,352.2449283767928,1,0
64,131.90470528567985,352.3386215688393,0,0
68,119.33797353292685,352.3895274660576,0,0
72,9.063380599439883,352.46073551794376,1,0
48,71.88345436916019,352.71921023512704,0,0
11,21.298492639380907,352.75363196865317,0,0
105,57.07787930432233,353.08686042693614,0,0
71,44.18028641232753,353.39872770589227,0,0
68,5.674803614732665,353.5789150760979,0,0
52,34.81241084320153,353.73854354392785,0,0
185,54.91006094346268,353.88948459804476,0,0
122,19.684760249507768,353.92735248263926,0,0
83,15.700358911426534,353.95890430895673,0,0
41,4.171751986512883,353.95944069416714,0,0
160,39.79007528721157,354.57330024031177,0,0
177,24.748091323881127,354.59989104822677,0,0
6,7.987006911590678,354.7496499604114,0,0
185,14.50016462954211,354.84321604952316,0,0
139,23.441389667972864,355.0115579862027,0,0
19,11.488703071506396,355.1107196648112,0,0
150,20.139380507548005,355.13630981612454,0,0
21,3.4905780497379206,355.29948598059696,0,0
10,77.43366983948513,355.3085935895162,0,0
23,20.407638865814512,355.6150150711673,0,0
91,6.690218227141502,355.6231964334105,0,0
123,1.7165065530889072,355.7337321424848,1,0
81,56.212263286095165,355.79435106393123,0,0
24,35.09615403175907,355.8670393045411,0,0
39,24.796083404694333,356.2909643449127,0,0
170,47.63882124746347,356.3249863633513,0,0
192,47.508013225503014,356.61644379780626,0,0
150,24.396460737919643,356.7537657134513,0,0
20,15.576849143680683,356.785058989831,1,0
163,13.234914842388608,356.87086169485605,0,0
138,30.598225708815725,357.41217921105573,0,0
105,81.2094301177298,357.52234827140353,0,0
28,18.121459227367424,357.52672594597493,0,0
199,87.92440453493715,357.6512021170063,0,0
88,29.170340986831043,357.82528353129203,0,0
8,29.39107240440758,357.85860927658723,0,0
41,222.54058007227786,357.90527650075063,0,0
80,104.86546220256373,358.2429532679228,1,0
12,107.62029491438955,358.34193322135627,0,0
64,9.04657598238035,358.53664232063926,0,0
93,179.86067117940433,358.7609942714377,1,0
189,18.500230766660902,358.7931533679052,0,0
17,15.998721619180666,358.8296738556942,0,0
115,2.318108581532258,359.04084006877986,0,0
183,27.834905442392927,359.1568255873111,0,0
161,6.798119582109877,359.4817850213865,0,0
184,30.212442068112168,359.6942724180761,0,0
34,6.286691047822448,359.91479860530575,0,0
160,121.2312450428954,360.0260747551005,1,0
195,34.86815550212171,360.0487633007611,1,0
65,196.34465831702448,360.2272423820187,0,0
99,7.220873785521647,360.4369378367923,0,0
106,94.55477013033634,360.62548525927366,0,0
98,3.3111235834015575,360.70791194287926,0,0
57,24.731444149055264,360.87057614769446,0,0
194,10.680043216985123,360.88789645891893,0,0
191,12.833301405631227,361.1965262871478,0,0
76,11.983174993709602,361.2354601335893,0,0
161,8.04687497863238,361.29946685476887,0,0
79,5.699119523510588,361.53560781693443,0,0
158,12.904462645670911,361.6400965024311,0,0
116,22.55661559190882,362.0837782650565,0,0
94,64.30866342566979,362.15658233107325,1,0
25,26.986868520941794,362.1929794759279,0,0
130,64.49193655234323,362.2743726804144,0,0
64,4.580568550305293,362.28756256719333,0,0
43,13.027084253382807,362.28853924191924,0,0
33,102.06744822608495,362.46230667059353,0,1
38,40.89488193423971,362.7004083358298,0,0
196,28.309310848646497,362.70456319233944,0,0
20,8.48945568124882,362.83173438976866,0,0
56,71.27403407979688,362.9694485999509,1,1
159,51.11453464895649,363.0314172087837,0,0
173,11.80740430366297,363.359000049964,0,0
6,9.231637455774633,363.5799963542547,0,0
117,32.68602970589823,363.8863112827581,1,0
11,225.62570415218752,363.9309887601632,0,1
115,20.2098349641709,364.0722405409553,0,0
71,11.90653804715687,364.12178360696987,0,0
133,11.509024592072393,364.128254772736,0,0
81,6.890910333638808,364.14596039135716,0,0
87,13.52110440367688,364.1983895206986,0,0
86,60.34085694007346,364.26240966590234,1,0
160,25.650176764285114,364.29438138743325,0,0
126,52.38362700569826,364.30236281601543,1,0
75,33.651867007092186,364.4266720612285,0,0
185,10.889007487978665,364.5893300303251,0,0
160,3.860739421925427,364.6607835588331,0,0
186,7.94979097045627,364.71224039256384,1,0
146,10.26524778399075,364.76002062709455,0,0
78,9.501190720083098,364.9154156766358,0,0
154,232.24291523992963,364.9731720999888,1,1
65,53.015719655514395,365.17688590746883,0,0
54,183.4385328026678,365.2086078437908,0,0
90,9.35844204833077,365.2190153724355,0,0
193,99.23078571997071,365.27326530701004,0,0
113,98.61932197682773,365.55036734384925,0,0
76,15.922548383738475,365.7354072839728,0,0
92,32.251204679274586,366.0077971406814,0,0
58,69.45876374978565,366.27856070497904,0,0
131,18.936198926111867,366.30783519780937,1,0
70,17.524645820957947,366.33105991690655,0,0
110,10.725912887233536,366.6306886154068,0,0
73,1.8964078308038934,366.6962255218717,0,0
64,21.552064587571564,366.7607162035145,0,0
194,9.876228148739742,366.8389956991978,0,0
69,6.852759215710965,367.00895511103965,0,0
14,30.63648595505682,367.01940478937763,0,0
75,4.705291653835189,367.1920292485425,0,0
106,44.973790703453034,367.2076192265271,0,0
18,32.576765360365115,367.2116512944765,0,0
61,13.461136934614194,367.3197311743923,0,0
100,6.109096597359889,367.5150497309589,0,0
144,42.53548221937121,367.67565485272587,1,0
193,24.22449329762249,367.74467045893067,0,0
77,26.09777220589271,367.83154747463686,0,0
172,33.17811194286194,368.0235096695591,1,0
42,10.565400791302272,368.04453300052063,0,0
156,4.397084576582495,368.1145723939442,1,0
112,52.31684351261605,368.1402864571404,0,0
151,39.99355889859187,368.3024183791062,0,0
151,11.759262133230195,368.51212001142517,0,0
106,30.238326196362493,368.67019209368726,0,0
51,70.66662799180324,368.7742226159599,1,0
105,62.721281197146396,368.84811074756095,0,0
165,11.420856067749138,369.0380970295959,0,0
194,4.532342683819988,369.0815385986126,0,0
185,5.380519120958607,369.3035358398419,0,0
36,14.706270788054285,369.3272043681365,0,0
119,86.6881445423458,369.86300529834733,0,0
20,9.694459995434636,369.8773496402788,0,0
133,11.063729517584575,369.9075246852168,0,0
198,10.838329748324062,370.0357823372892,1,0
10,11.802002302291372,370.1147011479826,0,0
131,19.86130081890503,370.26844537220643,0,0
189,5.58424827009296,370.309919842572,0,0
169,59.4039044878456,370.7565995323963,0,0
78,17.37754615466392,371.0623311571588,0,0
20,239.63922776364743,371.32573029031266,0,0
184,6.211665158392643,371.4187953500064,0,0
184,98.48124971407842,371.44108831992014,0,0
115,80.7489854539839,371.44720529598334,0,0
195,13.307343040155196,371.8003849402858,0,0
0,13.530405152518522,371.93364348696883,1,0
123,7.99408732358323,372.6037759633554,0,0
7,8.086359055011124,372.67710841359883,0,0
187,20.07336978332128,372.7726466933975,0,0
136,20.505558264474406,372.8725744813765,0,0
182,4.045660127267358,372.95407623894874,0,0
112,199.03990322180925,373.17907860851903,0,0
16,15.494469330086375,373.2340660394176,0,0
5,21.44758983845108,373.3780264929746,0,0
67,10.73771775093594,373.4155262496142,0,0
148,15.37880804744632,373.465244372124,0,0
30,14.042969635833403,373.51481991574246,0,0
170,20.026763904119115,373.546259390736,0,0
47,19.794618138611256,373.6299133743416,0,0
99,44.91924618901858,373.7813645960213,0,0
40,25.209475534068012,373.8427950875733,0,0
93,40.62091250797325,373.9060133392982,0,0
90,19.889444784936902,373.95080437779177,0,0
1,25.31134097321404,374.1019614516026,1,0
113,15.779226828908339,374.4369206070824,0,0
157,54.76830957972347,374.6557338951369,0,0
187,27.732983073442398,374.9548377306016,0,0
66,17.148747613389112,375.0171542680088,0,0
176,16.644667010479882,375.0623521324117,0,0
175,18.00700157679445,375.1024555841569,0,0
197,20.706422620670285,375.39374863768523,0,0
74,18.98480455227857,375.4707212298141,0,0
170,11.486338179770682,375.7587507724559,0,0
113,43.15941367013129,375.8381186729299,0,0
54,119.56460320659997,376.6809317359532,0,0
134,10.983237966285937,376.8651704483225,0,0
32,39.112367649668705,376.8960863743785,0,0
86,2.976841037456514,377.0115620721728,0,0
154,46.01848046377039,377.1231774505881,0,0
29,4.68056058086719,377.1233059463102,0,0
99,7.505746269324546,377.73659260460744,0,0
42,28.000582933605184,377.7606067993716,0,0
107,10.788718065627311,377.852508240061,1,0
48,9.408810052766224,377.8640550786267,1,0
193,12.368884166202905,377.9354735675378,0,0
15,41.663522755463354,377.9439089071069,0,0
192,7.901950309164579,378.06712800830195,0,0
158,19.026735768542963,378.0682530164496,0,0
171,13.754192895192398,378.2038777723319,0,0
170,45.59922730582224,378.27859165332967,0,0
37,46.895501503529985,378.62296629300954,0,0
186,3.205019589632837,378.92936520026996,0,0
118,57.117435411442656,379.1742719365619,0,0
192,10.905247479652365,379.45587549051027,0,0
175,25.439223077437322,379.510624204173,0,0
115,7.854536473703092,379.8323096379716,0,0
74,29.111538357206882,380.02780945530003,0,0
23,257.5847915880581,380.0306324211411,0,0
20,22.809236447773102,380.1454976381101,0,0
77,12.681602008000446,380.37059251513693,0,0
162,15.92418090063558,380.3863648091439,0,0
101,4.62265882481539,380.4244706708799,0,0
96,85.53821936363511,380.48392404189747,0,0
48,27.46419366146445,380.57358957276716,0,0
112,7.036438123033781,380.63694136543944,0,0
127,7.26945781144762,380.65742647350436,0,0
196,20.394849207663363,380.8607305773298,0,0
145,51.008658526239806,380.8876320529687,1,0
121,6.3535269967178705,380.90836331200103,0,0
182,61.154860378881764,381.0068778512605,0,0
84,18.32683626195017,381.3301734908284,0,0
186,7.922894569418116,381.4564398533792,0,0
73,12.582532887661118,381.4772640463874,1,0
25,115.41725625070049,381.84841267981335,0,0
83,5.011757557485208,381.8876683813227,0,0
25,9.661095465821719,381.9420887447754,0,0
23,52.06971973190236,382.1446093939701,0,0
176,24.939603537002753,382.55146762480507,0,0
158,9.104412460218036,382.57110235400535,0,0
44,52.70936988195054,382.6282839638905,0,0
167,55.27361849744335,382.6795189193126,0,0
13,27.977221703820963,382.683406926779,0,0
141,12.70118606648448,382.7926284975975,0,0
60,26.700333749207505,382.8807671649188,0,0
146,5.40903627232028,383.33903019326596,0,0
174,75.77624712955281,383.3856572077592,0,0
13,109.97016356433052,383.5731076832722,0,0
4,15.863885128275506,383.7892354461761,0,0
188,28.67726052258246,384.0181830105848,0,0
104,65.74621105446407,384.03895019834323,0,0
101,141.96220192873895,384.0393606011621,0,0
92,367.6614049778382,384.2063524367048,0,1
86,3.5411887881764468,384.685835143252,0,0
138,14.650087551729392,384.7524791497996,0,0
115,33.13825156265097,384.7816456141291,0,0
32,12.253145788663495,384.877403535257,0,0
125,119.43433769993898,384.99603654435117,0,0
133,102.45003054216532,385.0573774898893,0,0
22,8.882382839071896,385.064134421641,0,0
75,17.07473661396541,385.5207751623942,0,0
158,9.491967017605443,386.0895852159096,0,0
123,16.524953236895396,386.1436477859698,0,0
27,16.03169420476747,386.1502396002926,0,0
8,52.15697465796063,386.2702724819689,0,0
116,8.260914835194367,386.36286734120563,0,0
92,1.4670453249611093,386.51644886554624,0,0
192,4.036818645459223,386.63995566131956,0,0
104,7.182865422013666,386.774751115464,0,0
186,10.42605968544487,386.89349825343913,0,0
42,24.219894945742105,386.9270104099253,0,0
89,6.822364375988973,387.0269530917321,0,0
130,46.91470962156693,387.0976376148476,1,1
27,5.982864159514506,387.1483092386882,0,0
91,73.20253807572148,387.20175491219834,0,1
114,7.9292034453489295,387.2378872785723,0,0
37,6.582048366813829,387.249416039305,0,0
174,42.15237417997058,387.45462166621087,1,1
98,11.536388483207158,387.60825551976956,0,0
68,11.053118486320482,387.64331286236984,0,0
37,40.007095143583854,387.7089188537088,0,0
19,7.466830522504495,388.20117049703833,0,0
102,14.046923048236769,388.2460015120877,0,0
189,11.64616941173124,388.2787072225793,0,0
39,45.10012310192297,388.90220567978105,0,0
80,17.21396071347963,389.2117333598366,0,0
44,57.437461131097024,390.0517715975244,0,0
161,6.344763480757402,390.13115048040015,0,0
82,19.118059111486946,390.29970224934044,0,0
194,11.292163425542679,390.631731154219,1,0
49,5.894112091972544,390.7353919541507,0,0
16,18.7743008576407,390.8694874286265,1,0
116,113.62775041022027,390.91802815613335,1,0
198,17.681961898489426,391.18260688988903,0,0
176,4.668193789841844,391.5135517623686,0,0
126,9.140797821464602,391.7506258672638,0,0
71,12.807321356339319,392.2920242564117,0,0
85,13.388778879191987,392.3219907825748,1,0
26,16.022195583796147,392.3877164965181,0,0
86,3.863862609987337,392.4250169350393,1,0
72,10.74084526494869,392.5475288803009,0,0
7,33.17373583051266,392.6422505703599,0,0
40,5.164224401956746,392.86142929024015,0,0
106,14.08139334724226,393.15761717431235,0,0
73,26.91930695786985,393.15892805861745,0,0
198,9.18648220483594,393.2204352486937,0,0
95,28.26217663806027,393.61263233006014,0,0
191,4.38800078195038,393.7056913731676,0,0
132,48.8351125175697,393.708145155675,0,0
8,28.95667458602584,393.85168430856015,0,0
40,21.235310877244356,393.9597150797525,0,0
141,61.85655196086538,394.51676444144397,0,0
109,14.449371817316282,394.6029190866955,0,0
60,10.828092209323785,394.749966119951,0,0
104,79.24499721159496,394.82268651360073,0,0
180,126.56623933594034,394.84636994499704,0,0
77,10.039851204473893,394.95742748617454,0,0
9,17.92608227975828,395.00212271198944,1,0
62,57.113615781948646,395.1990640847283,0,0
187,18.575713434599454,395.2472635400371,0,0
152,36.40071832815626,395.2642079012113,0,0
167,43.833729349067404,395.26651723328973,1,0
182,11.446630697201313,395.3812153576174,0,0
23,30.54724994504499,395.4743291531979,0,0
56,19.96153766997677,395.50901923860425,0,0
11,5.9484543137431105,395.5748337648999,0,0
0,7.46591020754933,395.61677952475975,0,0
166,10.460257496642676,395.73293477244243,0,0
187,50.831683484122784,395.73634369913776,0,0
31,52.528619915691266,395.7648474691755,0,0
144,42.51737935409423,396.0269659519913,0,0
106,31.190410857531845,396.09147442893453,0,0
13,30.350904129372584,396.3532174379655,0,0
183,26.511018779096116,396.46185178997,0,0
174,30.192605862766765,396.5464023862995,0,0
113,32.30954132493179,396.59879882179195,0,0
141,4.931177652488163,396.69437916975784,0,0
79,9.113463759081078,397.67958017330363,1,0
158,7.17841334118542,397.69817864431155,0,0
89,60.77296330901202,397.7170483046785,0,0
197,105.01467513516567,397.8345166365455,0,0
12,2.295503201950847,397.9161763946256,0,0
34,96.04478680269455,397.92352651013823,0,0
193,21.905141337335426,397.98075173217825,0,0
57,55.297064235791474,398.06062094534167,0,0
62,33.3303087127304,398.16936456797225,0,0
158,84.80843893589063,398.3030147072069,0,0
37,24.772704780403366,398.4288276417758,0,0
102,5.137391915148284,398.4467094848802,0,0
57,18.071301296875028,398.4705863186282,0,0
39,33.63798875823491,398.53021319060673,0,0
192,16.184255686565326,398.7087078709628,1,0
39,38.77329444507871,398.7809865404938,0,0
18,18.80838180856595,398.89404149091155,0,0
134,11.072789262542463,399.0946574013106,0,0
173,6.780301816628724,399.1821101611044,0,0
25,13.57438576749997,399.2039150374998,1,0
141,24.644941087257312,399.39805732224755,0,0
108,2.8309382554713847,399.47428827112924,0,0
166,9.2066273540256,399.60737707673184,0,0
25,2.7272886719424725,399.63044523783435,0,0
195,10.836555053630471,399.9764931162014,0,0
123,66.50750073357337,400.00209663356196,0,0
168,6.134224217618069,400.0424584970534,0,0
72,40.57530968827371,400.11273557380565,0,0
188,346.8266638433549,400.299113548926,0,0
125,85.93043995690178,400.4772859614057,0,0
25,22.95448587550708,400.66998516777176,0,0
184,47.39110039990245,400.7199713190808,0,0
159,5.105493911948892,400.79476849496314,0,0
60,4.164454716290227,400.8022967194975,0,0
109,20.670304582666837,400.91933978696204,0,0
77,29.922495742119,400.9442889167584,0,0
108,60.00358342863211,400.99227927368423,1,0
193,11.372951476020518,401.4601177149956,0,0
179,24.371038591707347,401.47098561032755,1,0
43,23.54966408732812,401.6784085198157,0,0
194,17.612447465491062,401.72614753586726,0,0
87,18.681339237104943,401.9967985217101,0,0
140,8.54456576090914,402.1064448522079,1,0
152,26.567997989081917,402.16612807289266,0,0
96,24.411393748027205,402.2454934620404,1,0
91,39.0863877122043,402.6544046646851,0,0
172,56.13904661046461,402.84675178053163,0,0
77,39.54251000899712,403.00044895993835,0,0
55,7.082002310499787,403.24138289008596,0,0
72,22.190089424049265,403.46920509686856,0,0
38,8.073349380550152,403.63162204780235,0,0
78,22.121605298810145,403.6700453250011,0,0
22,8.104855309149308,403.72472615455007,0,0
17,72.03580862200262,403.82033251419927,0,0
144,43.962256941669786,404.07661640360743,0,0
15,63.623907598140114,404.27534395453426,0,0
113,57.49638580114215,404.5298018874976,0,0
155,15.323694466819415,404.5520411229675,0,0
144,54.93480934894425,404.59746499284796,1,1
89,114.63163676453523,404.87723598077554,0,0
38,17.028362731964087,404.94932498433644,0,0
186,39.80296616476363,405.0202469443046,1,1
167,55.00734565432387,405.14619819132207,0,0
122,23.1912642836059,405.3296547261299,0,0
17,90.55379771490449,405.33545616111974,0,0
7,25.60966138091337,405.34721428779153,0,0
63,19.687787362174806,405.36774726217845,0,0
31,92.39942990549822,405.45759138127903,0,0
172,4.312568451154616,405.5444153786229,0,0
41,11.185716986567392,405.5876940225328,1,0
56,8.270020833059256,405.6980371649866,0,0
195,2.236518065482114,405.70473712036335,0,0
163,48.094913737463656,405.94024657276333,0,0
43,11.502697648805624,406.131709626113,0,0
76,49.66835657242035,406.29326819715834,0,0
103,29.638864537260584,406.33438100336934,0,0
132,36.86057186470427,406.67642147718936,0,0
187,12.738138427275409,406.68649271849404,0,0
174,9.353511703182562,406.8356013015344,0,0
195,21.971823340103125,406.90664114103873,0,0
8,50.35853827850263,407.02791384355925,0,0
47,19.09865654300647,407.135459718891,0,0
112,9.95488790585326,407.45873649539175,0,0
9,6.055590582617092,408.18901466127375,0,0
71,24.634872374473424,408.31874315193045,0,0
30,11.54130644800818,408.42562739561066,0,0
186,18.695061771769264,408.4984611773921,0,0
12,66.76926071732427,408.4996024901221,0,1
29,12.878625837063213,408.53273374567664,0,0
39,26.945156534038517,408.63620631469803,0,0
29,34.97047325461901,408.78440412565766,0,0
113,143.34853100280034,408.82419745512715,1,0
72,42.86123115571318,409.0964821694099,0,0
129,101.52261221724692,409.10719885720675,1,1
182,98.85778769566808,409.2749361905173,0,0
52,8.858696470774484,409.35373563585,0,0
107,4.051370541872922,409.43506885079205,0,0
132,19.797778694881412,409.71007955407333,0,0
125,47.37180612053154,409.80486725191895,0,0
159,40.494320032234874,410.14446550542834,1,0
40,67.44966205427764,410.2847195270461,0,0
101,1.5895558554487983,410.53898786323543,1,0
189,368.5312272732727,410.5678807654085,1,1
160,70.31441973221612,410.7477490591698,0,0
172,28.091376031158262,410.76659012082575,0,0
123,4.288712858232578,410.7873705732534,0,0
130,41.41026706104593,410.9203389018018,0,0
172,23.795168998874203,410.92603640657734,0,0
124,29.406898761739086,411.2734977734383,0,0
101,27.5377366060778,411.3178512156387,1,1
25,30.885146373097772,411.769675416108,0,0
74,137.88956646789012,411.79830187124367,0,1
69,4.6051484299371905,411.81180322185986,0,0
22,17.408763523678054,411.95757826617006,0,0
18,3.984272871220487,412.15027841848234,0,0
94,38.43858914169132,412.1924945679217,0,0
45,81.28571075084432,412.34697787189947,0,0
81,5.8040040768803856,412.62922176589166,0,0
87,10.2629080932351,412.9386204300828,1,0
124,8.311421713389839,413.1221378858471,0,0
189,12.757186094165114,413.1686174577102,0,0
169,107.63117611210902,413.2103713717217,1,1
75,12.896176574976238,413.2686298697918,0,0
65,38.5721368556616,413.31996416291133,0,0
154,423.1900258040375,413.47545834210183,1,1
24,60.44653536331936,413.49404733519714,0,0
108,6.565435909959636,413.54724271063964,0,0
84,80.31279469787765,413.61277934819356,0,0
36,87.01428363369699,413.61671467537803,0,0
123,94.88635679225544,413.87092649288314,0,0
64,17.153207464295857,413.90571025996866,0,0
37,9.47027103046509,414.01082992932265,0,0
130,7.5064211570149775,414.1927271981024,0,0
34,6.674004892684488,414.2123658925216,0,0
134,20.321722882992603,414.25460662691864,0,0
32,46.89222373543506,414.29025600245166,0,0
86,74.18473794822545,414.43649809312575,0,0
161,12.359721057823815,414.59155565065214,0,0
45,19.32330215006226,414.60020537889875,1,0
153,18.098199290293913,414.6316261458357,0,0
144,10.641056245019156,415.000180919126,1,0
180,41.919433654054885,415.68408221482747,1,0
33,28.871306482180643,416.12081141493024,0,0
143,23.146027675543397,416.20374949441856,0,0
187,28.740447156063155,416.55761950743744,0,0
152,37.16811417764844,416.891599048928,1,0
37,36.79776166963759,416.89915790331725,0,0
164,8.68424134788419,416.91164677455583,0,0
21,49.22140297604836,416.99029382206544,0,0
117,25.929105900525748,417.0630210440728,0,0
99,13.005649045274689,417.0671187598254,0,0
106,25.386808569166558,417.17762130945994,0,0
103,28.34576047675469,417.35859790324275,0,0
6,59.2510598230499,417.89292204990255,0,0
187,75.56433054483078,418.22737087419506,0,0
87,20.556277244338503,418.4978564544134,0,0
55,12.107762178112724,418.5729414360311,0,0
198,11.742818945002531,418.61302293046776,0,0
19,7.378956564243448,418.89949858112107,0,0
97,3.5221976114716322,419.03908232831157,0,0
102,39.54344260572457,419.0393727046182,0,0
95,145.60338737380837,419.1602891360965,0,0
184,3.984391692037852,419.3494091439682,1,0
84,7.7645778087746224,419.5313724461463,0,0
194,42.58845423295471,419.7518106325589,0,0
13,19.18949686991484,419.77027167929435,0,0
146,46.26655020762424,420.1153570580949,0,0
118,18.14290321575585,420.4958045948548,0,0
48,11.238804760007454,420.51481589162285,0,0
45,16.025126381983522,420.5256067411565,0,0
143,1.8550480111463061,420.76256211980166,0,0
127,6.401393201129172,420.8191881922727,0,0
122,51.84608233832514,420.92151279540315,0,0
10,66.14834320257123,421.2495043868549,0,0
119,81.95465078647263,421.30643158173837,0,0
196,31.214082228012224,421.42313130157703,0,0
3,2.1041911167632295,421.63470825521745,0,0
93,10.643969320815502,421.9987564183438,0,0
98,75.53949836049246,422.0186077252302,0,0
179,101.80449299808149,422.1733164587286,0,0
56,78.46461375828744,422.1970173363598,0,0
95,15.859164501720315,422.68709761113746,0,0
143,5.438069537320611,423.23178928970106,1,0
12,19.285787198549876,423.46537064213055,0,0
160,20.385156597336632,423.55335931566276,0,0
164,96.11686742557929,423.72991916973075,0,0
143,25.223883411900733,423.9061015495173,0,0
149,21.617326548166783,424.07084920940366,0,0
156,29.95987030684619,424.0949910553567,0,0
180,37.57880091935562,424.193935974576,1,0
85,9.732419857859496,424.2871466385322,0,0
91,6.975329769522644,424.44455789049687,0,0
127,79.087791590748,424.4620280664692,0,0
38,3.892138328966428,424.5298940918278,1,0
171,103.31137220801166,424.6487883762184,0,0
154,2.9722561257831956,424.7227780494853,1,0
126,11.19490615403228,424.78936001496976,0,0
60,53.082853716928724,424.95355752812975,0,0
69,20.092405122907298,425.0658291725276,0,0
86,5.384493217964622,425.1869341817208,0,0
132,240.8437039929529,425.3570990190251,1,1
155,21.47746705934792,425.5758842067615,0,0
134,16.182844692870884,425.57963176429627,0,0
185,10.76260589774414,425.8711253373088,0,0
192,19.40234626923175,426.2420789631866,0,0
140,11.224269887102508,426.36740031488216,0,0
74,229.18571761978006,426.368695324082,0,0
119,15.799571954573132,426.3891477731625,0,0
85,13.821744578872568,427.2048902962062,0,0
125,11.685676423580155,427.40149774893507,0,0
162,118.74173527852477,427.47746904470205,0,0
73,3.8998306226565904,427.5260833918865,0,0
101,28.772855401234455,427.7491106048552,0,0
9,15.81106526471073,427.89198816995076,0,0
147,4.83847648503969,427.9124482468727,0,0
97,8.854481120191073,428.0894676842221,1,0
91,27.57622515044557,428.1020778980254,0,0
106,8.46217963363219,428.1859237806722,0,0
43,26.038180150901294,428.2290025020747,0,0
119,113.19966752272313,428.3959480271426,0,0
149,23.821789265770096,428.5303006961535,1,0
69,4.694950274651056,428.55529573198766,1,0
26,8.612406139878786,428.68280119915755,0,0
77,15.098482789479153,428.759788255285,0,0
39,14.122438013490427,428.79195267609293,0,0
125,27.452107530564245,429.0177245263094,0,0
22,113.35539311333534,429.2923748745117,1,0
149,20.01096423142364,429.4313768814061,0,0
44,6.3458785384881375,429.53792787380985,0,0
178,63.675898421303536,429.64297231098874,0,0
146,306.8243012841882,429.7228808763214,1,1
54,25.3414930543071,429.72338730932535,0,0
112,15.699134835096162,430.0818614722389,0,0
22,37.43276545423835,430.2541878722207,0,0
19,16.263448822289078,430.29948165108686,0,0
191,2.5709900835146846,430.37718116730707,0,0
160,35.28557650937632,430.40112525362747,0,0
30,49.02113231991106,430.52436944622485,0,0
56,84.86716168893847,430.6176425605106,0,0
39,9.672062324005172,430.8714731993639,1,0
79,25.182903100172908,430.94051211115163,1,0
58,25.733652158193678,430.97025045395367,0,0
65,21.875834054090564,431.0377001695323,0,0
105,22.530186635734687,431.0552235633481,0,0
37,20.84545659480209,431.1780264722539,0,0
176,24.82247273640093,431.38506786314946,0,0
145,42.126670092329555,431.55213675994617,0,0
152,68.05304840115635,431.7256076492657,0,0
33,9.427845327692557,431.78515131475666,0,0
141,16.906508146292673,431.84135228766144,0,0
167,13.162763287543438,431.92182648765237,1,0
35,11.408145785223741,432.19676260157894,0,0
150,3.990707704386058,432.2314584335841,1,0
71,20.57799818706477,432.2350022527561,0,0
157,32.437668955024684,432.57952017148983,0,0
95,17.199842866363362,432.61155101306116,1,0
160,19.9064162344133,432.6416830860376,0,0
29,30.521670145658568,432.6848959318316,0,0
77,82.36163181517851,432.7203966736882,0,0
49,6.223845016798727,432.87705580332465,0,0
61,18.348720655180983,433.0336867051588,0,0
76,132.10027104856215,433.05662532562525,0,0
25,6.290870412923266,433.1796257799812,0,0
36,33.55455467766744,433.2062634160943,1,1
141,38.479887245406495,433.2664058828293,0,0
110,63.937959429241516,433.3375722501516,0,0
165,1.8860143268543939,433.5032347212183,0,0
141,30.271979740138313,433.63789585041087,0,0
29,36.723270844567026,433.7402127504555,0,0
47,17.78723080791052,433.7608845631184,1,1
98,253.3780580609587,433.7710749469758,1,1
13,15.37380056504891,433.787038526523,1,0
84,10.52298001843734,433.84087117850544,0,0
87,83.04455264766068,433.88477154491727,1,1
96,11.12658897955471,433.9012696745652,0,0
48,14.460654870542351,433.9183755934847,0,0
156,14.848575998772958,434.0048883134277,0,0
116,12.29537231760272,434.28890153634467,0,0
149,14.232452541444298,434.3073552366116,0,0
163,5.962985157776925,434.84015878461116,0,0
21,200.4682629836769,434.9129835254572,1,1
41,3.493630930861457,434.97662775629124,0,0
174,82.55782902448567,435.01630701385227,1,1
89,67.14034346779667,435.1012587352233,0,0
87,16.57643719084229,435.4190735728254,0,0
54,39.642132109014014,435.46944959354573,1,1
68,92.24975021184905,435.62841512167734,1,1
164,13.623111255865318,435.7273320022163,0,0
55,17.97142283955564,435.77593978866116,0,0
48,24.761170011000253,436.0259833882372,0,0
67,11.892985504065535,436.21120463873604,0,0
72,33.31244755688007,436.30362615462485,0,0
35,14.852583484697245,436.6038819664955,1,0
46,2.1930729739020425,436.6841993085951,0,0
93,64.86039136542212,436.80853098574113,0,0
68,16.842615364575813,437.0196488163173,0,0
78,39.25599187202862,437.18956775145966,0,0
143,32.34872424853653,437.3175264692381,0,0
48,34.80683516813273,437.5407667812933,0,0
181,19.929966860442487,437.8528197041781,0,0
150,29.613412767684256,437.9765450193827,0,0
34,7.6807376243749275,438.06005751162957,0,0
62,6.226544000285581,438.08426625150565,0,0
36,18.15405708335143,438.2018918945842,0,0
54,57.34535893238541,438.34162262802784,0,1
73,83.55158063123167,438.623052275483,0,0
26,29.228504929113644,438.7891453178165,0,0
2,9.811141325511981,438.83199870445367,0,0
140,22.942855526091297,439.4087652267724,0,0
60,18.76506776549318,439.49326999210075,0,0
172,26.357319938439122,439.7936763354982,0,0
73,21.5129384921354,439.828408010483,1,0
180,4.999526717880108,439.8406397235,1,0
107,13.823789089481107,439.890248460023,0,0
152,35.18052650039483,440.46745520291955,0,0
11,13.980045136330848,440.56412736628965,0,0
186,69.16978355307192,440.69922352936516,0,0
72,19.165528997112016,440.7223938589251,0,0
99,78.03801378998735,440.7479105108502,0,0
125,63.55485805118926,440.7542045006653,0,0
128,57.47136738013903,440.8008314702513,0,0
4,6.028440572652745,440.9607710446934,1,0
173,20.43278396397116,441.1743528242355,0,0
124,68.22243621325052,441.61865021402485,0,0
199,26.373104574977788,441.78763515559984,0,0
94,34.965431605139145,441.79591323378537,1,0
122,34.19369134682153,441.8739480426618,1,1
88,136.83693078145774,442.22313855139146,0,0
177,9.103196334815022,442.2829323395364,0,0
166,2.7334781837416977,442.3703407663105,0,0
181,14.138113873935795,442.3877962834795,0,0
100,1.7376196310316914,442.48603773258776,0,0
158,6.78608950010455,442.5164778617468,0,0
71,259.43646414367544,442.79118932374445,0,0
92,13.735163487984966,442.8175549704288,0,0
152,4.817296275671559,442.8976247916634,1,0
16,20.600140302351775,442.93646759773253,0,0
142,8.184124613140932,442.96563638541033,0,0
3,47.680342196622696,443.17202022586883,0,0
116,8.25199690884226,443.5828141976441,1,0
95,26.330651323443096,443.70524995379617,0,0
93,6.378551048177481,443.70866519321015,0,0
98,270.16371978117746,443.7411091575048,0,0
81,17.36565148314331,443.9800306050846,0,0
90,14.984880848746034,444.22073955129935,0,0
113,11.546703866905611,444.25649531560373,1,0
152,9.384754586904156,444.33257593294513,0,0
110,9.130343104651741,444.489911946494,0,0
128,598.0817605257969,444.7153729223972,1,1
167,11.558094826649738,444.72201159862004,0,0
197,2.388298274647502,444.805874199759,0,0
21,6.259074176959771,444.96655947534856,0,0
142,50.79127663214026,445.01316353574396,0,0
45,15.60631973454145,445.24975529394936,0,0
39,17.565177655870073,445.3489702823032,0,0
158,64.70344536105357,446.1677007377167,0,0
13,9.233456011008174,446.19451287452927,0,0
169,37.804106040296666,446.33950573255566,0,0
154,10.299721440028069,446.3788900438258,0,0
198,35.725925751647395,446.42271075240274,0,0
133,13.58362127875924,446.4582527903488,0,0
23,45.61030407319914,446.50559337519417,0,0
177,42.43717757652946,447.02186946077927,0,0
32,17.023113097152933,447.06365259005355,1,0
62,73.07373895717926,447.28788831383775,1,1
25,99.39954980044065,447.4500526813998,0,0
80,36.209836610725,447.46600142530366,0,0
149,13.583532199181274,447.60125701100515,0,0
53,10.45327824332623,447.693259536014,0,0
164,55.97457148263879,447.7041968062587,0,0
121,22.54244746839959,448.0883539746456,0,0
125,17.055061210561206,448.2933653381715,0,0
187,22.532870980706367,448.3377679363515,0,0
86,28.15702486582986,448.3540901431543,0,0
198,66.93264845445754,448.4697529369933,1,0
111,70.76315645608703,448.5640118959366,0,0
122,34.18845859742156,448.6114825646655,0,0
59,79.41751933856429,448.62138537855924,0,0
43,20.256926169579383,448.8191459736498,0,0
33,40.058104196023784,448.94070314669375,0,0
44,54.84199973197115,448.9741063459328,0,0
39,55.647562711094096,449.5408164844035,0,0
149,50.19920288256987,449.83008729392424,0,0
11,37.75769115248406,450.1546485484793,0,0
125,142.18487047876192,450.3341439165051,0,0
189,11.70837285779118,450.49160898747004,0,0
153,17.197761197987703,450.60716691143017,0,0
80,16.207750007200037,450.6570326630791,0,0
11,13.900611823348305,450.6991056308084,0,0
166,2.748974564725646,450.73504807328635,1,0
0,79.4291004653641,450.75519161669496,0,0
136,7.19912536063722,450.79366450263154,0,0
134,23.8030782070793,450.83468580513784,0,0
38,4.845928279395293,451.1917310424149,0,0
147,37.36430103209283,451.2715663155557,0,0
35,9.157781582701075,451.2766144861542,0,0
45,6.449728751490741,451.307690013818,0,0
162,24.39415280597433,451.38385130737606,0,0
195,9.966858305471163,451.53070222472854,0,0
52,11.311737505364084,451.7611848773157,0,0
184,23.850128739434155,451.98150896943383,0,0
182,44.700713060753124,452.2989066683302,0,0
153,8.860467355275913,452.3263255995338,0,0
28,7.454422839780656,452.5031737475411,0,0
59,20.562800999299853,452.814925609972,0,0
135,34.44116755984857,453.0225159573079,0,0
199,86.72612734601944,453.25193141047504,1,0
162,6.880356047568607,453.30149986026896,0,0
84,14.614773471687661,453.4471978019413,0,0
47,65.09098270310464,453.709417877557,0,0
192,144.47327410255025,453.76955638055165,0,0
55,7.440283855150831,453.8400386966143,0,0
68,9.59448141130452,454.06549868423053,0,0
192,29.40309951917077,454.34026420779264,0,0
112,11.271268281699792,454.52586046038135,0,0
52,9.400550444528255,454.80123761755385,0,0
1,25.64812850966981,454.89711337330795,0,0
85,94.57753305701777,455.01046314758236,0,0
197,5.422287123236558,455.2052667035904,0,0
86,89.86729730007715,455.36128897736614,0,0
139,11.304838064803363,455.45127824591077,0,0
50,28.383043904782213,455.4593117245741,0,0
155,98.57825710371931,455.83613068653756,0,0
155,27.807995640237916,456.1947258781399,0,0
121,14.917111126529994,456.6119150845322,1,0
154,41.18918091396773,456.6138404037542,1,0
115,16.89189291512474,457.2056994197806,0,0
147,16.367849290908346,457.4406549942606,0,0
167,47.52010558645181,457.50907640958013,0,0
168,4.981685598938933,457.58973094061633,0,0
42,7.289816512176385,457.8618709362627,0,0
135,4.909006480159861,458.0437918214672,0,0
171,20.904842417489952,458.1662792060705,1,1
0,18.9835074032981,458.7180574883318,1,0
75,137.14918436842913,459.0448907457125,1,1
114,4.3512439998336685,459.20882889689597,0,0
114,10.055989477861983,459.3050997125929,0,0
72,6.635880706383737,459.5088517771411,0,0
198,88.20610951919025,459.5666572170314,0,0
176,7.458241390038055,459.60477394295725,0,0
7,5.548093177356792,459.60970446848904,0,0
41,25.74752571527567,459.7856613579899,1,0
41,108.5077017748932,459.8862572861142,0,0
179,17.88447325951184,459.90400015327486,0,0
79,80.47621811318943,459.90770926308755,1,1
103,19.322702375728188,460.2331151542811,0,0
145,73.02175869699784,460.3730330099522,0,0
161,48.338548030379776,460.4359935531798,0,0
153,30.735396922126455,460.8523221070165,0,0
17,11.21956659665989,460.9232986379396,0,0
28,31.688628885242615,461.0452472096285,0,0
79,5.151128952077058,461.07000714071893,0,0
67,10.765261805734447,461.48088393016087,0,0
149,84.05426910042276,461.5663414429459,0,0
31,73.84680057445851,461.65667776013845,0,0
74,31.108612164884562,461.82089124967393,0,0
47,2.917264256400052,461.98488881637553,0,0
37,6.000114017816094,461.9954918615451,0,0
34,10.181044117024529,462.10552140903906,0,0
39,16.916694399999535,462.4258587660715,0,0
112,5.752237154529874,462.46853640350525,1,0
82,15.700401360927229,462.5141412352537,1,0
87,117.60072943870375,462.618639279744,0,0
95,29.989156815945165,462.7622265696432,0,0
148,24.998770132573366,462.7654061695887,0,0
172,7.260470115791638,462.8187103201787,0,0
105,3.900150777506901,462.87959348877615,0,0
128,5.881451436882035,463.01736793650923,0,0
147,3.74570875209506,463.0806313488397,0,0
138,21.65064534833683,463.29280859059907,0,0
26,29.485122214248268,463.49313510547665,0,0
196,7.65003365504193,463.50603518361305,0,0
32,23.28756064029675,463.64972155861034,0,0
82,87.2688703021419,463.74253728238114,0,0
130,142.26582894435015,463.9489402885105,0,0
80,43.39786953079325,464.11584468072016,0,0
48,16.863634454546983,464.3086425680608,0,0
184,42.01825824236355,464.533891679503,0,0
14,77.6188246664602,465.0822510601574,0,0
49,2.6987045517124018,465.1124113461681,0,0
198,88.41742254136676,465.12844125900455,0,0
145,11.651246609646453,465.24900139925455,0,0
17,11.76391793898385,465.42746740196316,0,0
150,14.084459513788085,465.9255274129677,0,0
193,27.66267796446088,466.13579247077007,0,0
19,6.611071517852916,466.47178623725074,0,0
82,15.107419266573762,466.48022519747514,1,0
93,33.963187127604854,466.48794249021614,0,0
26,24.99238676960574,466.5336306449676,0,0
40,29.39470377359326,466.6276298026918,0,0
34,14.527323966288336,466.8826828231055,0,0
37,40.19368736056624,466.92885485169927,0,0
80,57.76691009299017,466.970136022352,1,0
92,54.4040887652147,466.9896898587111,0,0
47,30.802942860781535,467.11793079975916,0,0
57,51.36169230608378,467.1697924753998,1,0
38,47.99325998717858,467.2165183890026,0,0
159,2097.0087067794366,467.3498484697435,0,1
42,67.90210734206858,467.35315141474075,0,0
181,18.379866679998845,467.43049913898267,0,0
107,8.071349661945264,467.56268431757326,1,0
160,15.469336051995205,467.62904894903403,0,0
127,14.414218920020936,467.87574424556044,0,0
53,33.495884070846934,468.1172821521357,0,0
120,9.971626945975885,468.1528374108304,0,0
54,66.1666904907249,468.36964953558265,0,0
23,5.004997904594728,468.5614816133827,0,0
50,3.9254259344723357,468.57525229287495,0,0
55,17.54701749341409,468.58483083170506,0,0
27,8.64897615889236,468.6378669530398,0,0
4,36.54262362510029,468.679624863687,1,1
188,10.622028923691738,468.8941887235304,1,0
102,9.379384766307068,469.22310641600103,0,0
80,20.29012533976203,469.2278379262377,0,0
185,10.799817239146487,469.3071751614535,0,0
44,11.714948100206788,469.33563395666766,0,0
80,19.98804373972327,469.41288914382153,0,0
169,55.381276689446366,469.4749079075041,0,0
126,87.42186871458044,469.568595809783,0,0
79,23.284026382523365,469.7136964395825,0,0
51,25.16723924463527,469.84842127229894,0,0
7,16.723467670337655,469.89219538173984,0,0
17,32.500277249692644,470.0068016337468,1,0
32,29.672460524789056,470.20578071021174,0,0
157,75.6295956241455,470.2248477390116,0,0
127,3.0382915607363,470.2497606388375,0,0
86,15.88701734146282,470.4222863541829,0,0
156,28.19627477744963,470.44454364533345,0,0
32,19.564487145376024,470.45146464262245,0,0
42,7.852460859101038,470.5065764005756,0,0
78,5.477415254265671,470.7992576553786,0,0
183,44.984699733314805,470.8119100471656,0,0
122,9.422252223963,470.8606656361906,0,0
170,3.473280403044817,470.8707838208042,0,0
49,218.93183574625763,471.2903757208669,1,1
169,31.784631933664883,471.59706542505415,0,0
14,17.887924970176982,471.6820018258307,0,0
45,8.048199543632741,471.8209320052492,0,0
104,17.93149307555609,471.8555410429052,0,0
10,67.73395468676438,471.8688840335721,0,0
173,4.203940851169034,472.0277774558068,0,0
108,10.721324231673506,472.0367393591151,0,0
61,19.557450492787947,472.249526157902,0,0
19,12.227751750735534,472.25913262119406,0,0
123,38.19927648183342,472.28623928977385,0,0
107,59.67027226972084,472.35427564404847,0,0
151,26.543072068754356,472.62032903572816,1,0
120,35.17840302068278,472.64307700765096,0,0
25,26.36663940138995,472.86332119645556,0,0
24,20.277422823027926,473.16222606540236,0,0
156,5.509320532280708,473.5845529804586,0,0
31,7.185091773631071,473.68208261231626,0,0
187,5.202199531746988,473.7376544359114,0,0
21,17.313649953334302,473.7832634765613,0,0
145,25.337310462938504,473.8994966375135,0,0
195,4.714946716714125,473.9330201839965,0,0
88,21.59787752438378,474.0720668519586,0,0
11,8.371086389683702,474.13978765255007,0,0
175,6.895028581336492,474.171236889195,0,0
37,10.747257260254296,474.2947371206427,0,0
105,6.55038287184075,474.3064722288785,0,0
196,36.84275966147622,474.348072108543,0,0
148,16.9793106441261,474.36485000086617,0,0
9,45.38647063438972,474.3692269008668,0,0
164,12.890668118165005,474.4829274986319,0,0
32,13.3873996254858,474.5226476178384,0,0
149,130.76249217302458,474.6858202219323,0,0
124,3.9627551500875438,474.70622105984603,0,0
57,72.56489343818511,474.8164380039442,0,0
84,105.05920387094493,474.9050569472774,0,0
23,43.1990064551193,474.9785845496054,1,0
197,14.433177227410255,475.2846963950621,0,0
47,83.67180573792017,475.3265863101846,0,0
61,14.55942630859423,475.5256117152258,0,0
100,9.916642578772938,475.532024623529,0,0
134,13.622620128273955,475.5830157973513,1,0
101,11.356681633362882,475.6088111094076,0,0
101,7.794176677671913,475.6202463632771,0,0
116,60.94719503471894,475.67434688433497,0,0
171,9.267852091389603,475.82510106585556,0,0
166,4.740905307441304,476.675715334725,0,0
157,20.71401826110805,476.70355314504855,0,0
192,6.3222424026688735,476.7933083462653,0,0
182,6.168860747792467,476.8335387585262,0,0
159,18.006127018690695,477.3034879431031,0,0
49,57.79904570112846,477.3079444036454,0,0
154,31.199862499543006,477.5313805275969,0,0
147,33.41885915977996,477.58700114834403,0,0
57,102.55356116536296,478.07555285957386,1,1
135,14.358753192984388,478.4973908596662,0,0
50,44.30690963073534,478.5409374668777,0,0
104,11.4366468752685,478.6524674089805,0,0
159,46.267240147548314,478.7306489098636,0,0
37,69.12710689931217,479.0460399134546,0,0
67,8.659121006548064,479.22276032874396,0,0
159,10.029738244416881,479.41466857646776,1,0
90,11.63833619584586,479.4585844337951,0,0
192,4.632225278054374,479.55765547378695,0,0
1,12.561006188316677,479.59167856865207,0,0
144,73.80671651986103,479.64862952281624,0,0
162,7.059854608983167,479.6763590198734,0,0
183,75.5803333639055,479.9554323992613,0,0
31,13.020897177479593,480.119965697124,0,0
196,166.3402912054072,480.21275776565244,0,0
78,10.157241858592778,480.30822688007737,0,0
70,17.392134263262218,480.45259873166367,0,0
71,8.083435233221037,480.52575943113413,0,0
127,10.097614687639716,480.54886242081307,0,0
131,76.5679947906799,480.9051864421461,0,0
94,32.28286793867228,480.9852317472679,1,0
14,56.194437727287685,481.0003096944592,0,0
197,5.389274091825942,481.0798633385986,0,0
44,38.66088839295036,481.2793709081569,0,0
18,7.6031047475051965,481.31588903353236,0,0
119,5.2734325430461455,481.38152099110863,1,0
82,25.50223610861102,481.460229247262,1,0
123,25.24273353244953,481.4639186939503,0,0
175,21.18611017013144,481.7069496890151,0,0
19,41.1637663807128,482.0045713645993,0,0
56,48.113669100987124,482.0257355133805,0,0
103,87.33308217182348,482.4670853869708,0,0
157,6.108351918512831,482.6624427568884,0,0
120,90.19881102586086,483.06337959885224,0,0
76,131.93527873043203,483.07627794356284,0,0
122,13.926172502814898,483.4105374045829,0,0
195,3.7867507024491043,483.75906175115415,0,0
96,5.035440887730346,483.8288671137178,0,0
176,12.656217786840607,483.8513200557025,1,0
155,150.52686756877435,484.156491996089,0,0
60,20.43154439013418,484.57890987251557,0,0
49,10.835371086250126,484.7963813294076,0,0
154,10.120850902938354,484.92987460217546,0,0
41,5.350969048113153,484.9357327644369,0,0
67,48.16227458693279,485.20163117349875,0,0
47,18.318862290688436,485.3838966430568,0,0
121,163.9939455496304,485.3902084516546,0,0
58,37.6453483354783,485.9475125836029,0,0
131,46.059604883572234,486.12291579435544,0,0
186,15.76662192767109,486.2480188868557,0,0
165,6.746134416650997,486.53892832361004,1,0
189,8.384787228257123,486.6551941072066,0,0
4,5.107719670133325,486.73365126435243,1,0
91,49.91865196638678,486.8283784798916,0,0
44,13.668375581312784,487.00351923644644,0,0
183,52.0653957793397,487.2518132323776,1,0
142,23.009666317388753,487.27750022266895,1,0
64,71.8144587011112,487.5666923975931,1,1
112,6.236363032047438,487.62334344840895,0,0
121,27.156942778271013,487.69533296287807,0,0
99,119.08682578079777,488.06805136646113,1,1
94,49.5104583945213,488.0793783746345,0,0
11,9.821651880184506,488.09058124429026,1,0
90,37.192524005824104,488.118817342037,0,0
69,103.63223356419695,488.1683190036932,0,0
163,26.378674896517133,488.3836380492299,1,0
173,44.04850674615499,488.8696758587547,1,0
150,35.583791747009464,488.8872202820542,1,0
6,134.03372997640503,488.93343128610746,0,0
168,29.12393724254719,488.9616239318889,0,0
79,40.44564005793149,488.98466527600334,1,0
83,19.369970830063703,489.2045999730777,0,0
189,9.259142708690243,489.22935714583485,0,0
173,6.000389083159586,489.64381590966815,1,0
10,71.30197776226076,489.9103639865685,0,0
71,7.327545687504643,490.0923184790918,0,0
149,42.34559916099981,490.1922665951097,0,0
107,30.447887946389052,490.2957114153779,0,0
51,50.28894868404843,490.29595209011444,1,0
104,12.004576804120843,490.5883563589741,0,0
173,9.109065127343069,490.6004654187802,0,0
44,29.322989651315368,490.7598108029321,0,0
149,14.994123036944778,490.8883262181468,0,0
146,5.864819251041019,490.8957938627021,1,0
177,139.5643161023382,490.9080424653496,0,0
59,9.102888985170642,491.2485974350066,0,0
43,7.436254450559829,491.39228592148913,0,0
109,15.766134156348473,491.4430512713998,0,0
106,70.30610021964823,491.68415228302445,0,0
81,2.300818563692679,491.7707686432784,0,0
155,64.70792061032124,491.79759626788143,0,0
159,8.073010802737326,491.9591624529177,0,0
49,26.16768467415484,492.2731533289274,0,0
159,10.216387393426388,492.3681727205351,0,0
46,147.2183492860787,492.4800745639604,0,0
81,22.75124994766919,492.7001901694285,0,0
5,9.893801497217327,492.8594245817844,0,0
68,14.863502006236468,492.87702555269357,0,0
191,21.969103389754675,493.37815111611843,1,0
88,23.990948365289977,493.4269745418544,0,0
142,31.148387664395784,493.62640735529556,0,0
21,20.057344428054694,493.79792228915306,0,0
127,5.067449244413703,493.8244578495495,0,0
74,14.29246291018666,493.95420334623475,0,0
148,36.842732282952745,494.0131032020036,0,0
185,10.279146112811278,494.44142368179695,0,0
106,39.36122834693055,494.4628501498495,0,0
20,20.732823753257254,494.53168735185614,0,0
95,16.155488598514662,494.5667439734903,0,0
24,66.29694996171607,494.67929994261607,0,0
89,3.532015091823228,495.2353171508826,1,0
12,10.223398888391776,495.2426831492386,0,0
128,68.88432921368778,495.4044478329145,0,0
62,125.21711657176893,495.9015931871423,0,0
40,197.55015168177331,495.94217364968273,1,0
3,21.12285290275372,496.0058457519613,0,0
177,31.750147773633635,496.32253962328286,0,0
167,45.487057149383205,496.3539266425066,0,0
162,71.88555008652054,496.62141547714185,0,0
11,27.469929527661783,496.75682132069244,0,0
69,286.1038031158169,496.8182248060396,1,1
194,31.80978034263956,496.8694941931783,0,0
115,33.85964667963011,497.03850817646,0,0
25,8.01753295611972,497.0938383208455,0,0
28,14.45132752562043,497.15679687682547,0,0
52,11.90824243468492,497.2658926357106,1,0
194,6.1172004338908526,497.30746537533634,0,0
33,19.48207974063389,497.4384934305254,1,1
180,13.149352283563108,497.4502902390178,0,0
135,15.426976127259532,497.6150504670207,0,0
184,22.31004612783336,497.9189859173414,0,0
165,35.013644936359896,498.13882126007917,0,0
66,24.24286248649145,498.15335496020333,1,0
165,15.534895599316064,498.1572667482502,1,0
33,8.043575387050783,498.18346243374066,0,0
58,48.28249620193456,498.20911088379023,0,0
42,18.141058282617006,498.23522379829024,0,0
26,13.016401355541703,498.63855261449146,0,0
18,16.668916832328602,498.7738801921533,0,0
37,9.65287359265756,498.7955298635975,0,0
24,11.814482112050161,498.9421513434504,1,0
76,11.444871053405356,499.0304007696319,0,0
14,15.069345514484649,499.32390553636367,0,0
12,38.69672444610576,499.7124094940259,1,0
197,30.17796639528111,499.9557699025566,0,0
17,94.3241644191244,500.06360972619467,0,0
14,67.47310621978207,500.25478409910784,1,0
6,142.0844747366642,500.4276392231411,0,0
26,35.13361904690133,500.4456407387844,0,0
105,34.57411298362348,500.55467260321336,0,0
165,12.336769858786242,500.79746189710187,0,0
146,45.87933957290436,500.8447403669834,1,0
116,10.421625997294038,500.96423770211493,0,0
17,4.616073609227568,501.03271312435834,0,0
154,92.41815039908501,501.07219372956155,0,0
7,5.759314201428487,501.14949222534693,0,0
126,31.151169528835013,501.20377748136923,0,0
81,8.32837723241533,501.6283409347758,0,0
176,61.97106749312434,501.64196059767846,0,0
61,71.019180310054,501.746435657855,0,0
127,34.09592267264155,502.04325311038,0,0
87,69.85102147802893,502.6641416286168,0,0
104,20.233447984501645,502.69697619675554,0,0
187,187.57423383164263,502.7344372722169,0,0
142,42.35833582519159,502.8685592967647,0,0
82,8.161667024883332,502.95392202363246,0,0
89,21.533432098856675,503.01616945440924,0,0
140,17.244581424026208,503.47498249003536,0,0
69,15.635999900424181,503.50491049975886,0,0
33,3.829984560949671,503.58507143206504,1,0
93,29.573081667391612,503.94396249910625,0,0
13,5.024103454738356,503.9440997743618,0,0
33,1.607359417971953,503.96125350861814,0,0
84,14.239023922648435,503.9863357120281,0,0
159,9.4319828655868,504.00731092854534,0,0
156,8.486383920282808,504.9149811187375,0,0
52,0.9020404182212353,505.3548386985057,0,0
84,8.577625475130832,505.47964494857973,0,0
30,16.883859979999155,505.5152885902178,0,0
151,10.653048122637623,505.7636926944849,0,0
49,29.58725446658271,506.3323657724203,0,0
159,80.855260470408,506.58282516834424,1,0
168,33.66192714040337,506.6338326160401,0,0
137,56.0584162357332,506.6903661435133,0,0
66,60.89351540465758,506.7142615915558,0,0
190,7.2509988582854135,506.74877425465684,1,0
137,31.15936034422801,506.9032366458332,0,0
129,54.33438965025821,506.9656010552983,0,0
105,101.56374217083629,507.0562552281101,0,1
171,12.988177517442573,507.16575286376565,0,0
176,9.110005818539195,507.1889041560563,0,0
15,34.13784043506982,507.2099673840602,0,0
176,4.564783688790086,507.33973362971113,0,0
153,6.766577479570339,507.4537955651295,0,0
41,10.31133372999722,507.50889693992553,0,0
89,180.51523983271986,507.58774706963857,0,1
61,31.516594389399852,507.6906811194397,0,0
150,25.000917434019883,507.71694755229464,0,0
43,56.39445733948178,507.7728423301233,1,0
90,7.989514109783247,507.79047593306615,0,0
137,7.5725285091018995,507.9235184888959,0,0
130,33.916850939641705,508.13139905440744,0,0
181,9.037052730806156,508.39097932278736,0,0
22,10.98461969126246,508.49576041193774,0,0
59,3.1369003439230387,508.6725973924955,0,0
196,26.865582365171257,508.82106334552265,0,0
113,93.81178350249579,508.8589801902642,0,0
49,7.175777252833036,508.88034540672527,0,0
57,55.796079759887995,508.9242051691404,0,0
67,18.927226083480758,509.23237982064535,0,0
110,3.4369531324329996,509.53025525765526,0,0
56,8.209345039777276,509.617006986134,0,0
124,7.717825606665918,509.63421900228315,0,0
89,14.635823896351992,509.91766589430995,0,0
122,30.554570708315925,510.06250510803744,0,0
31,127.6028667360051,510.3806964773849,0,0
124,4.801143914689492,510.4400536955649,0,0
184,83.46967664110264,510.51141376879485,0,1
27,8.199056995343657,510.64486997558305,0,0
65,5.652062588833503,510.6772880224187,0,0
138,22.097128912210124,510.77729884415385,0,0
123,20.115285349091153,510.78298219142414,0,0
134,3.2746063157070577,510.882050842719,0,0
111,20.453428636978256,510.92604711785685,0,0
136,6.017091524384418,511.1008554437991,0,0
121,20.32451350054741,511.14699226265896,0,0
14,71.48563305430204,511.2006776802328,0,0
150,31.914739650234033,511.32019715906137,0,0
10,11.837047627743242,511.8391315652326,0,0
81,21.47453148448725,511.9699348639096,0,0
87,35.27781239414791,512.0372146997934,0,0
17,31.949813475960934,512.1908667017876,0,0
199,18.18834921702102,512.2122101852922,1,0
44,24.962540569012628,512.4363263436934,0,0
66,5.38403546783864,512.4504451281257,0,0
88,9.637514324543144,512.640739319077,0,0
166,40.75423466902337,512.9865243071041,1,0
148,46.620154674535314,512.9975594615191,0,0
154,22.056306958087642,513.2676398162466,0,0
47,88.14346176218834,513.2741199066855,0,0
169,33.382086256032856,513.2781298311128,0,0
165,15.908801064191584,513.9426342259085,0,0
92,5.931322738824713,513.9796932461286,0,0
109,84.6676210074905,514.0398948580711,0,0
7,43.39383833393186,514.295576779042,0,0
152,121.30541094741842,514.326313076054,1,0
192,175.36113138152407,514.4775107544591,0,0
94,5.545904310272696,514.5409160488994,1,0
108,5.560378913624282,514.7401602707408,0,0
99,1.1465989060739354,514.7454980852575,1,0
16,50.31796332098051,514.8892968890527,0,0
123,38.72489548851724,514.9476031119455,0,0
144,22.148704343404617,515.0233253051601,0,0
185,5.893598541747512,515.154957689447,0,0
185,18.374545514260728,515.1916779245871,0,0
98,24.160172066709492,515.2253135680911,0,0
191,43.93563257766834,515.2530497586608,0,0
105,26.390046550682968,515.5919788742979,0,0
128,39.009347425604496,515.6142775148434,0,0
120,17.740836517570237,515.8318865442516,0,0
199,65.46279028229341,515.9089396813988,0,0
147,37.77811918349983,515.9683848436654,0,0
24,6.12921650949617,515.9990667344607,0,0
14,80.57757360295332,516.0333658876057,0,0
81,68.41359229946283,516.1871130737728,0,0
103,31.991643787328645,516.2101890440214,0,0
133,26.59485311072038,516.2540203892798,0,0
96,105.4895155050169,516.2810158371922,0,0
102,3.9223349764549793,516.4637174686111,1,0
184,69.4928954816272,516.5838618988722,0,0
66,12.475831608573252,516.614063526444,0,0
98,60.049993867958115,516.9115047914096,0,0
111,22.654892820579956,516.9642171032012,0,0
93,5.7954549241967666,517.0677382790254,0,0
193,12.224965215075725,517.0865703321144,0,0
192,55.7975004268376,517.4340679764877,1,0
102,16.277635633668005,517.4565634832576,0,0
90,10.788865016565643,517.8621533097249,0,0
117,10.716964381832328,518.0101965590618,0,0
36,38.17754143744541,518.0939961810208,0,0
85,115.6577073419513,518.1724812530208,0,0
43,2.3610740687074765,518.173387831881,0,0
28,330.5257099509866,518.175274366515,0,0
19,24.624607035365724,518.5011222477413,0,0
117,35.881582275010764,518.7305900562839,0,0
0,12.984265170269433,519.061096856647,1,0
129,20.015057697296367,519.0927579552321,0,0
86,24.349541313691333,519.3145050651976,0,0
73,7.035044440915036,519.3855918099648,0,0
153,8.973883825041193,519.5370558951726,0,0
107,65.66509730602353,519.567505221576,1,0
146,4.253121375416478,519.6886137401202,0,0
141,31.219381482550645,520.1840326805788,0,0
6,13.866600273665286,520.2207520799334,0,0
43,7.685172711048463,520.4363486703166,0,0
113,144.30539492800298,520.4927534147539,0,0
195,7.733004277213678,520.5124790581833,0,0
30,6.487634628527607,520.6111829863522,0,0
21,16.660277553593165,520.854842276971,1,0
188,9.313280254350312,520.9451164055149,0,0
193,20.214105584912513,520.9627349460984,0,0
33,23.462403680505936,520.9883449940312,0,0
80,179.99582552161135,521.0484023337797,1,1
125,17.74509523160134,521.1358312310231,0,0
39,9.95264452145546,521.2276412782203,0,0
65,38.221685686976905,521.2600568135758,0,0
79,17.962876894758427,521.2888215727307,0,0
128,12.236003201627694,521.3572119486273,0,0
61,88.23411671933532,521.4180252594072,0,0
82,17.790916883415957,521.4546545233674,0,0
57,59.85868902480802,521.5392682868169,0,0
151,68.50032207688011,521.8100772849303,0,0
30,72.79686094792363,522.0832959525436,0,0
46,40.09123805671491,522.5100449311751,0,0
49,20.07281682779452,522.5401689978579,0,0
181,18.839548602789982,522.6923324871502,0,0
188,15.734879643450673,522.8846618292473,0,0
100,2.3004490200435854,523.368505911011,0,0
31,41.21518703338017,523.4478522921759,0,0
151,25.64799924384265,523.4513337132272,0,0
98,45.856835254601656,523.4764666813956,0,0
169,17.86776852224131,523.5469172437971,0,0
71,39.049308261455636,523.6621629317503,0,0
199,5.0657030679445985,524.0690733762734,0,0
161,6.238466448623041,524.1846537924264,0,0
44,1.6884119291831539,524.3751830452745,0,0
145,17.56047791878572,524.5874226272872,0,0
57,9.276408086449965,525.0535047670835,0,0
69,8.138599591272412,525.0752955794802,0,0
50,28.068624255408423,525.1323203655405,0,0
136,13.124658719323605,525.175530911499,0,0
52,4.791813749999813,525.3710353879059,0,0
127,255.89488962217655,525.4696231659389,0,0
116,19.355747029976058,525.7538893043092,0,0
150,6.799417502149481,525.7913488416335,0,0
198,10.279632795088986,526.1101512491264,0,0
1,16.89228537449196,526.3415086668556,0,0
198,16.856798339981836,526.420351373803,0,0
21,73.85947290896172,526.4380148711051,0,0
68,128.40741924497325,526.6036164779582,0,0
127,13.03420500137695,526.771451109768,0,0
144,30.766795499866983,526.786624951871,0,0
171,55.811514119467695,526.8044040968082,1,0
80,66.36383833288522,527.1545516405222,0,0
186,74.57998826693647,527.2692639608268,0,0
64,73.17782513740255,527.269763171053,1,1
40,19.975584238796916,527.9073199695043,0,0
75,1.6829991891773395,528.0082908216126,0,0
105,16.510391348884962,528.1133742215544,0,0
133,59.81486316180658,528.6204491171367,0,0
166,49.246410408531126,528.7923577287581,0,0
44,18.421397176143948,528.9865120077015,0,0
60,109.85259733501799,529.0917508691545,0,0
187,13.680818135807021,529.1464239199435,0,0
87,9.81449305118271,529.1590309851897,0,0
48,12.576604028300697,529.2579198685444,0,0
197,6.5373702042784645,529.5206417603985,0,0
89,37.42709965371054,529.905444490567,0,0
197,26.802142051259803,530.174949945856,0,0
39,72.13581502636123,530.1923969466757,1,1
183,36.96529303617132,530.7492576363824,0,0
181,13.271632306730988,530.8304544661268,0,0
116,18.952332682618295,530.9715205381071,0,0
159,2.2740929658917577,531.0476360807738,0,0
27,58.5383995249715,531.0514823234586,0,1
192,29.260121596592622,531.2571705794937,0,0
53,22.172248848884838,531.5896346057277,0,0
7,6.682367483834622,531.7427584949196,0,0
64,18.089695520839562,531.9067823144981,0,0
127,15.520328766354421,531.9669930717902,0,0
109,117.25041362133892,532.133732891817,0,0
16,6.950913097430229,532.2040717872402,0,0
112,27.97821520235675,532.6379723527632,0,0
34,6.7479020375517464,532.6783877077232,0,0
101,11.497464765939805,532.7092114797128,0,0
115,26.49136825464974,532.7241344866969,0,0
127,16.258844036672148,532.7593654909056,0,0
82,19.965567079364106,532.9052702611228,0,0
81,28.014496496945117,533.1206554402513,0,0
135,12.25961379515989,533.3869667777664,0,0
149,48.62542463798999,533.8417007431535,0,0
161,93.38758548365948,534.0170628324856,1,1
66,18.218627113063015,534.1110577725008,0,0
84,28.826966175127627,534.2758223910629,0,0
66,25.203936714978443,534.4795114948414,0,0
105,38.25322706946205,534.592289560048,1,0
25,27.576512153677317,534.649724464069,0,0
86,32.10560615807998,534.863940707166,0,0
37,14.506944790497352,535.0690392516377,0,0
106,6.8979819783075715,535.5188519515951,0,0
170,4.818010566147975,535.5715630320154,0,0
197,26.767182332001962,535.8770764672197,1,1
89,117.06469348206677,536.0974268529842,0,0
11,2.1972939688258166,536.1450942251046,0,0
45,66.26908500827327,536.1776419508252,0,0
20,8.838622057953366,536.186371854517,0,0
151,65.78823165579641,536.602443951292,0,0
196,2.2198951656401618,536.6560790017897,0,0
110,15.877548988859004,536.8665536912575,0,0
35,85.97223566507046,536.8860004754158,1,0
4,40.98514006117286,536.8937703131891,1,0
195,14.335436363666917,537.0373168524167,0,0
63,2.8777901726876,537.0799362737868,0,0
22,5.3522202662163485,537.1950470914809,0,0
35,80.57166981204415,537.2161601251029,0,0
51,14.178954655500819,537.2505364428905,0,0
131,18.6935004997438,537.3167284670444,0,0
178,26.669887093026233,537.3171457202226,0,0
55,5.4584293684181615,537.3229051694503,0,0
137,30.183341910799996,537.5526941196875,0,0
12,13.2022136901518,537.6419109300948,0,0
2,26.94244126774969,537.6459210341161,0,0
10,11.267799763208687,537.6468346833936,0,0
184,4.165698380438058,537.7374886581831,0,0
116,13.10019961907038,537.9057093137567,1,0
161,38.12146910914298,538.2042391900461,1,0
4,29.786643521965043,538.4086006655986,0,0
4,20.716507937130135,538.4891535466862,0,0
169,49.310244221905904,539.091014075324,0,0
20,16.385650584338094,539.1008623760831,0,0
31,21.24828771519186,539.1554403372082,0,0
103,12.431494359581086,539.5190314109332,0,0
121,52.28021372094271,539.6238929682645,0,0
45,26.883925628582855,539.6507838275547,0,0
88,11.50799360313413,539.7092971094228,0,0
134,4.531125001988034,539.8051325192986,0,0
88,60.640396196628004,539.8065482013467,0,0
76,9.54421249016988,539.9439562805461,0,0
14,170.385874369018,539.9878493399899,0,1
90,211.15652500841594,540.602160074253,0,0
160,44.76871375311643,540.7263020754417,0,0
125,100.59973151519037,540.7784355476672,0,0
178,11.726780847636334,540.8461009237881,0,0
25,58.614165345717005,540.9447441142629,0,0
2,20.628404658559877,540.9531185697375,0,0
109,28.96293533890144,541.242953836956,0,0
35,151.5388023138489,541.3730218129562,0,0
118,15.200892995801158,541.404365955655,0,0
180,20.47602017053258,541.5169915716195,0,0
67,8.13996067150258,541.5395560768251,0,0
109,48.83603956213129,541.5588481423971,0,0
136,11.465850567200532,542.0777786336382,0,0
30,55.85228377015163,542.2386215047843,1,0
179,3.857760208723215,542.273773695031,0,0
40,34.76593652200958,542.3829232293483,1,0
161,10.551907971364729,542.4254020443927,0,0
131,41.70068849459516,542.491588394166,0,0
28,19.815031713999726,542.5204056808392,0,0
144,11.759496008495985,542.9452033336129,0,0
119,8.581525543274411,543.1904598434259,0,0
191,46.422662471061024,543.5655350990248,0,0
190,7.03827175421641,543.6189918004164,0,0
174,15.377745414046014,543.8675096822215,0,0
98,28.367371098925076,544.1014867854617,0,0
111,100.83590831132277,544.2319661946342,0,0
60,19.89963518416103,544.5318396264844,0,0
184,15.76022582715952,544.5411224190865,0,0
95,26.407151539514466,544.6576373439914,0,0
154,2.5257442817081346,544.6914247046454,0,0
71,6.057846048210475,544.7138136493733,0,0
148,13.799515752122211,544.8598649646709,0,0
44,9.845660987688438,544.9269910172749,1,0
146,4.051822219847987,544.9820383061901,0,0
9,47.36003128563962,544.9941618786426,0,0
20,26.043200830836046,545.3084639134456,0,0
70,23.109995909442976,545.4823520677769,0,0
96,10.034296235983128,545.555894985111,0,0
142,21.745198285166854,545.7612708960095,0,0
71,33.59742608564773,545.775179868221,0,0
3,15.411345301863344,545.786072105642,1,0
65,31.32987888710946,545.9441630434999,0,0
87,9.060637829417905,545.9756712938187,0,0
108,22.14220050894995,546.0280391509509,0,0
128,62.95991681837027,546.159019834501,0,0
49,68.8561608635627,546.1926459453068,0,0
122,75.76139066876611,546.3822529866861,0,0
126,26.724170429370936,546.4693636000095,0,0
155,20.730663959573224,546.9643468713572,1,0
104,12.822623655135349,547.147006267745,0,0
162,3.2953594234669277,547.1892082772299,0,0
44,5.233604845256171,547.2495149910412,0,0
142,16.978452295173067,547.251682711349,0,0
9,18.024132436181624,547.3982049741709,0,0
20,82.45255432414893,547.4129674229544,0,0
172,74.79859709391673,547.6516071200037,0,0
95,10.109887026244483,547.8039650312691,1,0
124,45.52791776686323,547.8861452522427,0,0
120,12.465080006243088,547.9355325466775,0,0
138,39.750258451502745,548.2855784303257,0,0
49,44.970995076775225,548.6026885662061,0,0
35,69.55326153875207,548.6925751417267,0,0
8,12.272446716200282,548.8057898060548,0,0
172,55.38471688434676,548.9293245873959,0,0
44,19.575016840093188,549.123018154209,0,1
115,73.42141727445926,549.3529939197853,0,0
90,19.58929565862071,549.4946993245755,0,0
32,20.010797482798495,549.5153428599509,0,0
82,2.6184001311941856,549.638678983164,0,0
16,13.617205626561372,549.6561314874572,0,0
35,77.90416361206525,549.9380536777728,0,0
164,40.99551871002672,550.6646404400126,0,0
113,20.791726178958402,550.6653228162049,0,0
185,58.12925930565773,550.7907687368985,0,0
87,24.324910900900438,551.0710961239157,0,0
40,7.910480049703943,551.1372367896038,0,0
121,21.251993013623906,551.3321574108438,0,0
185,99.6054521646437,551.4052936296177,0,0
106,33.03755940497357,551.5440527522974,0,0
3,17.877692251483975,551.8436984808612,0,0
60,191.66399619438337,552.0251429512459,0,0
184,64.0212911696288,552.1402946180255,1,0
103,45.45550409077409,552.6053395062468,0,0
190,27.586939804574957,552.7159435430939,0,0
101,41.69052291504621,552.857310456344,0,0
2,43.06592465603106,553.3322346712638,0,0
137,42.94882078229741,553.4655610139945,1,1
174,2.2641165856597913,553.4856233291343,0,0
152,29.812751743205627,553.5484511501943,0,0
143,17.101978193776645,553.7046439473236,0,0
194,12.185219816778236,553.7245779648147,0,0
39,16.519850525451844,553.9175708530696,0,0
181,4.23825366601101,553.9251246635439,0,0
46,3.3048460786929033,554.2201204924676,0,0
194,69.86064118289939,554.2228472142523,0,0
108,24.048680337551485,554.2239853391561,1,1
38,31.885705939855523,554.4666280505438,0,0
110,1.7985627483031665,554.6846758905555,0,0
157,11.286591842650793,554.8026980052718,1,0
15,48.45093969975789,554.838719499671,0,0
21,76.91047653274659,554.8565041137734,1,1
13,15.180104048811003,554.9834029193227,0,0
169,69.75610570072935,555.7839378729407,0,0
12,57.383212722886846,556.0325303093699,0,0
122,5.172151695845073,556.2272969671658,1,0
187,17.403579459919673,556.3389767067753,0,0
122,12.83159610718599,556.4132413021214,0,0
96,5.006623349074029,556.4345144381845,0,0
83,4.69137480616285,556.4844627082975,0,0
127,8.970832254464206,556.5566844729923,0,0
114,10.581155018767387,556.5578588578277,0,0
100,26.661745287182846,556.7760057667653,0,0
30,57.06628421712848,556.8330874597085,0,0
132,33.570407704097455,557.0010885899455,0,0
147,42.536913005853634,557.1718281496804,0,0
141,15.38483337759261,557.2047780632557,0,0
15,36.708201221184474,557.2973419145547,0,0
140,17.315897642482888,557.5808408031238,0,0
145,12.916784849746954,557.7858669680835,0,0
36,133.90103052494462,558.1377502982781,0,0
169,1.9533074099039225,558.1679415791147,0,0
104,3.0854444118663236,558.3056059243255,0,0
94,29.45017210736336,558.4344424031744,0,0
144,15.410015442916183,558.5225860960401,0,0
101,4.773193844102028,558.598178530972,0,0
62,7.969280423864308,559.3730795689179,0,0
185,49.02530224243457,559.5499795730469,0,0
193,67.51909394012466,559.5692276385206,0,0
26,103.49906359059364,559.7227665270921,0,0
146,4.100007396736312,560.3778682207642,0,0
4,5.118576983385944,560.419538960316,0,0
73,4.779679650336616,560.9546918887442,0,0
193,72.8831158920043,560.9797310473997,0,0
34,30.484685855515107,561.0622410430797,0,0
75,21.762737460102958,561.1374322457799,0,0
43,25.27027222121064,562.2616735421615,1,0
145,18.976886200764433,562.539252441493,0,0
92,6.546024721110637,562.6554043697436,0,0
118,33.55456063956857,563.0005980333233,0,0
188,16.674181320029362,563.2444249225628,0,0
104,6.047702733853463,563.5881706003937,0,0
146,35.6691241691181,563.6415988470986,0,0
19,13.12097852886347,563.6434716401648,0,0
43,25.216120360438804,563.6575559847062,0,0
189,17.725793500140963,563.7692415289267,0,0
171,48.978370007047204,563.8235867445546,0,0
131,25.032199452325216,564.0577098004626,0,0
75,8.300367783975586,564.1420979521661,0,0
39,27.715815960090513,564.4271057408397,0,0
170,28.63668890279516,564.4451377480045,0,0
157,33.49288318552606,564.5238535013091,0,0
48,56.59237476867615,564.9904146154668,0,0
117,10.848395781581418,565.172577567488,0,0
123,39.17096044069908,565.3484178790975,0,0
95,3.57935552106995,565.4430370711796,0,0
185,17.81454368626824,565.5196960806029,0,0
24,15.261603747534984,565.8961114444514,0,0
51,85.44263543474446,565.9461487050073,0,0
19,17.178602540589335,566.2009661056676,0,0
138,36.8917805964813,566.4642279524909,0,0
128,3.4494726942918006,566.4864326562063,0,0
197,14.129178203528342,566.507730029049,0,0
108,8.61616536599637,566.5976177847291,0,0
30,238.77247792246953,566.6904913876981,0,0
90,10.310917062184545,566.6938725078958,0,0
17,21.61265607851836,567.0450450285871,0,0
134,22.7957884609954,567.1819575834913,0,0
134,4.098092858644774,567.2591654643865,0,0
171,11.869411035127216,567.3917042627833,0,0
67,30.107265237586397,567.4125078634363,0,0
62,21.88326687726515,567.5177102398007,1,0
14,2.012925281512899,568.1183613171455,0,0
83,11.39310736562483,568.1822687056269,0,0
95,55.74689208582873,568.4819068804721,0,0
150,36.1697425193072,568.5490911469315,0,0
150,67.89981784223592,568.732306849623,0,0
28,7.495873450902075,568.8214337980195,0,0
57,72.30762126372355,569.0264470157005,0,0
102,19.21313100354269,569.0975532088122,0,0
67,98.71357756290705,569.0977128319737,0,0
5,20.152018036722446,569.2330721200321,0,0
169,2.5922455486684277,569.2671407523563,1,0
146,46.95804630681296,569.2849859841189,0,0
104,12.890444778080736,569.4228942215527,0,0
63,13.787610356307155,569.5207820363811,0,0
168,4.696904003156596,569.6158488188747,0,0
7,101.71751383613302,570.0154645276675,0,0
89,11.928122247534123,570.1174871001728,0,0
160,97.03151036863656,570.1300486495732,0,0
190,13.049591601922216,570.2567348374365,0,0
50,7.9427121524822315,570.524865732038,0,0
130,75.15323586565108,570.5460722413286,0,0
37,18.66528256472793,570.5761543477993,0,0
23,18.84839930242062,570.6082867080688,0,0
70,5.575455732342705,570.9749677931446,0,0
177,12.709841889884702,571.0171915404153,1,0
137,30.836400409107558,571.1028294291527,0,0
97,5.478437903624398,571.3759795619566,0,0
56,11.715494780216758,571.5352639078292,0,0
28,13.191247778453592,571.5955341037168,0,0
54,21.4653671198388,572.3406598258796,1,0
30,88.19582670630614,572.4197332532315,0,0
37,14.880429109854825,572.632893019981,0,0
26,313.052413572635,572.9102079300035,0,0
9,13.024271386733666,572.972403459825,0,0
108,16.598989812312453,573.1018967275402,0,0
57,14.043415395596956,573.1318023059484,0,0
90,15.229447648122102,573.168311713236,0,0
27,21.709606599384653,573.2271062264359,0,0
41,50.44060359369771,573.4559867641507,0,0
88,30.083827147136034,573.5932696842638,0,0
138,58.97393480745618,573.7620519653678,0,0
82,57.05573942166101,573.819402179135,0,0
108,24.74323468568357,574.0287784360038,0,0
104,29.26265032906905,574.1368341098184,0,0
53,60.869770749572716,574.2123869182889,0,0
55,6.611364564695832,574.4336571551728,0,0
85,244.25461913246525,574.5125643687855,0,0
6,12.030136414787675,574.565655516902,0,0
137,14.140387695306009,574.5884409158534,0,0
122,5.978077484136864,574.5907688295662,0,0
61,6.1585982328380595,574.6811698060627,0,0
74,53.198705794984164,574.7125262196504,0,0
65,194.4535423357896,574.8125851871,0,0
130,11.390274635944836,574.8711773760969,0,0
151,28.42634989240627,575.0846922445113,0,0
82,54.61150432157887,575.3573628767565,0,0
2,184.69659736090705,575.4357937808497,0,0
90,91.92503592376848,575.53529404114,0,0
49,15.821040304876687,575.615363347406,0,0
67,34.081940357384944,575.6490761171247,0,0
91,37.63964347655129,576.0562098179,0,0
64,19.68603239580751,576.1439589862823,0,0
78,6.713120308420747,576.1788793983847,0,0
152,9.036064904296015,576.2714626674181,0,0
162,63.31692373055615,576.3238648692846,0,0
1,70.19716992932577,576.4155246110307,0,0
75,16.320673795306522,576.4837103707829,0,0
169,26.077044182116456,576.5133409592594,0,0
106,66.50411472620634,576.7748154776466,1,0
41,3.653666295458628,576.9484748754207,0,0
118,12.853903880873062,576.971230623796,0,0
28,151.08934966938045,577.2973079922413,0,0
4,27.093875775507854,577.3140263155544,0,0
126,6.493384668208113,577.3729201133388,0,0
103,22.584916988243062,577.9050778030256,0,0
143,234.3920457709356,578.0479111776159,1,1
151,55.78112732903678,578.4116640643435,0,0
68,1.5737590589953265,578.7955730223889,0,0
170,23.957605172585247,578.8808353894086,0,0
84,13.840311337318754,578.9043204365914,0,0
147,3.8884159875716016,579.0793195998536,0,0
20,21.800376823565546,579.0901434312149,0,0
106,304.2609990134799,579.0943068556923,1,1
19,17.52309575492766,579.2359355622023,0,0
156,19.607452975343584,579.2731245489218,1,0
166,14.17867931718085,579.3901837784546,0,0
24,32.44507683403326,579.7879234520206,0,1
188,7.23306191603766,580.0219961007363,1,0
64,4.6888960286467105,580.1882121724482,0,0
4,10.067476300950707,580.3132193175875,0,0
195,47.42986597185859,580.4405976643417,0,0
120,25.357392217128854,580.4788181578776,0,0
49,18.74311847818676,580.4866718805466,0,0
152,7.100973241554877,580.7039383052677,0,0
180,13.819561205468748,580.9208019771277,0,0
56,41.97849898847446,580.9845440303394,0,0
153,33.274247933747645,581.0407937247983,0,0
157,12.463459586372549,581.3621110153114,0,0
100,1.4749112943095748,581.640414988523,0,0
126,10.228238442103464,581.8930632273058,1,0
53,12.395152668943075,582.0835762748453,0,0
185,8.108347303138373,582.1196514413276,0,0
196,13.287506287543227,582.2768676688186,0,0
196,45.447150718450274,582.5133276699519,0,0
147,19.35021531963289,582.8970256757174,0,0
8,54.03846176318468,583.0338089145273,0,0
73,4.444324613068273,583.15426107243,1,0
88,14.804570372410502,583.3510961035289,0,0
191,2.8891949206765823,583.4097656721752,0,0
109,13.110618444587333,583.6036392850891,0,0
107,7.05927633906278,583.8292928956505,0,0
29,72.33100196312495,583.8471016804514,0,0
158,30.256529300897306,584.1942850963906,0,0
67,55.413846291958414,584.3309011407669,0,0
18,13.074348420683233,584.3496561095974,0,0
197,7.244785023106611,584.4773363336334,0,0
38,7.01771036119016,584.5465102950616,0,0
3,26.191613936486597,584.5507996229228,1,0
15,122.75143956137329,584.5546805097082,0,0
90,30.33743085993845,584.7771973328582,0,0
20,13.807780956752945,584.853801458606,0,0
168,16.63034676686381,585.0055937161194,0,0
102,19.466590106016035,585.0117649785346,0,0
64,152.42041030607564,585.2173618266115,0,0
0,68.96565077801024,585.2918503409479,0,0
95,26.048469241500506,585.7391156979884,0,0
30,22.41503564433228,585.8484268906517,0,0
195,27.095113293963838,586.0192922708907,0,0
58,32.92642968898863,586.0590878295795,0,0
94,13.287211708974828,586.5597115781605,0,0
3,8.6358405806593,586.638250933098,0,0
26,56.38596390251846,586.7106787334683,0,0
41,20.531960699201083,586.7296265174417,0,0
10,51.86934371646942,586.8322728538276,0,0
145,104.18401897305844,586.9913070998257,0,0
189,33.80520328890288,587.1619842663289,0,0
197,28.747433093991173,587.3498003486978,0,0
53,492.8687840570585,587.4000158351561,0,0
157,24.70535763172642,587.4703647834597,0,0
100,6.749397165987967,587.6032331097234,0,0
9,84.1042319278023,587.7770922545956,0,1
18,94.79197101555911,588.1104485849529,1,0
109,26.790833544921178,588.2026062644256,1,1
84,9.464428437131142,588.3140522395814,0,0
1,60.7293317343419,588.43599788036,0,0
186,15.308058016259027,588.5204669398697,0,0
146,17.98888762384074,588.8274676158013,0,0
100,58.75479813842107,588.8414231698181,0,0
197,9.807808207927852,589.0413013384123,0,0
194,4.624635460367317,589.0676460590415,0,0
194,5.0083876108604946,589.1428977507825,0,0
51,35.93746854938441,589.3192107913495,0,0
176,26.0269383967414,589.4653159461703,1,0
100,10.048601662056702,589.5675971585576,1,0
145,6.304151465741062,589.638850942326,0,0
171,15.324101874485713,589.7367655781202,0,0
32,61.34522194706092,589.8667576031902,0,0
89,8.707476689293753,589.9676451367166,0,0
25,10.353410455548877,590.0601397567264,0,0
55,6.107261253353853,590.1539180653174,0,0
82,13.909709353064608,590.2032752242077,0,0
171,28.164969535904778,590.211749003299,0,0
172,166.52894814537177,590.2189127984437,0,0
77,24.972657162320395,590.2639978936955,0,0
65,19.035809098509596,590.3172877101846,0,0
182,40.294522912191,590.446431376557,0,0
195,11.272196258916892,590.4754162442625,0,0
45,200.74994391110147,590.9124125604551,0,0
37,19.601706871121024,590.929766225986,0,0
141,25.441337718295323,590.96115146964,0,0
60,34.86029795646515,591.389378155926,0,0
39,28.385327309045735,591.5197675000027,0,0
6,92.33263634444229,591.5614586482105,1,0
80,11.134977286412555,591.5813292086697,0,0
78,43.96448939441087,591.6766027487043,0,0
112,23.67852325159096,591.7467332870642,0,0
40,53.662970169211206,591.7541189557409,0,0
142,16.200053586341436,591.9316372109569,0,0
136,14.148160899096482,592.4101308107092,0,0
92,41.765618929231735,592.51383157903,0,0
36,28.73147630308694,592.6086839292587,0,0
101,8.843703153287684,592.7703562380601,0,0
134,77.13925434014432,592.8282657868724,0,0
74,41.783828016342866,593.0456326736862,0,0
52,18.6490612463004,593.4520411920909,0,0
101,12.575731537737152,593.6286752923165,0,0
71,28.90836203024193,593.6418487381492,0,0
80,38.88020390414979,594.1661163114422,0,0
69,4.079298045853133,594.3375599512461,0,0
60,29.24419003081292,594.8968472636126,0,0
92,1.9108561735659235,595.0155959803506,0,0
93,24.43923074946628,595.1144602724736,0,0
130,40.22984505179349,595.1870920730071,0,0
72,35.90506293082997,595.2003993914789,0,0
20,44.81076294078297,595.2347421135744,0,0
170,14.475150316746461,595.2778761699926,1,0
11,7.099991347073921,595.4457705177596,0,0
114,3.320965879689899,595.7227168095661,0,0
53,59.87285560551523,595.9732822992147,0,0
42,40.57148556168573,596.105385952732,0,0
8,64.61773642896955,596.2484076030144,0,0
180,9.726543982360967,596.3000162670838,0,0
85,44.87300650906425,596.3220196663116,0,0
68,4.469689968949317,596.5178027528992,0,0
148,8.419129526761296,596.6264505074366,0,0
7,22.782147309574366,596.6910282194729,0,0
112,38.986195807772916,596.8303066709755,0,0
98,107.66369654417483,596.9075441412114,0,0
110,15.798830757450727,596.9430600018501,0,0
190,8.027323197760982,597.0392216662458,0,0
47,64.30346250558699,597.1885633175068,0,1
135,185.1241713614643,597.5903872691199,0,0
149,42.81436089054973,597.849725241764,0,0
68,61.10122104589874,598.057075427657,0,0
26,15.815878643535093,598.5807306357804,0,0
59,20.052449534785204,599.0892533625783,0,0
161,40.41756654604984,599.2441091357825,0,0
181,12.112055079735532,599.269899036624,0,0
187,15.009631776314063,599.3037780948007,0,0
45,10.229704395864893,599.4053444713155,0,0
121,12.839255327031925,599.9324694941174,0,0
30,21.093788484116374,599.9364279369536,0,0
142,8.831190887213372,600.7843815488327,0,0
83,26.735144656222918,601.1599771101216,0,0
142,26.697815499238168,601.3162769643574,0,0
137,16.789460815510544,601.5693869503159,0,0
198,8.7805596268465,601.6090856931917,0,0
97,22.30839464148163,601.6559465183936,0,0
68,12.122890436261157,601.8213393138909,0,0
105,21.0435514148306,601.8372126382625,0,0
32,60.22740416388853,601.8631782601265,1,0
22,5.737708318116362,601.9388665759633,0,0
103,176.52920619795387,602.0033649061353,0,0
165,18.680429185618326,602.0638206895983,0,0
106,30.32096155740157,602.3813374127119,0,0
156,9.461679551607027,602.4104776639199,0,0
35,62.9418666962461,602.6042608697956,0,0
89,17.714323162318326,602.7851155230701,0,0
122,13.54316091248412,602.7913547003916,0,0
69,11.296410029350678,602.9161043799063,0,0
2,15.356026060263641,603.0844508559508,0,0
14,30.518935375267624,603.3453827285288,0,0
185,23.87449395716078,603.4802645587653,0,0
121,19.300678811829695,603.5844615171899,1,0
52,9.860911238580064,603.5929857330527,0,0
51,9.307555838748012,603.6227190742209,0,0
7,12.66859019995565,603.8135880226939,1,0
188,31.825750051439755,603.8187370478246,0,0
21,38.949263986473596,604.0033339016533,0,0
151,44.569251673288186,604.2030304194973,0,0
48,20.056095178083716,604.2985718887827,0,0
67,29.475574605822946,604.5203444682343,0,0
54,16.971734691985095,604.6470891764507,0,0
164,3.51732940209904,604.7094835668522,1,0
6,16.184811010191964,604.7525478219756,0,0
70,13.80006599836925,604.8410461357691,0,0
55,7.10610870822134,604.9807348520245,1,0
54,11.38851992908858,605.045792169762,0,0
38,22.990737427936878,605.21503207556,0,0
182,6.467264453003929,605.3012427843076,0,0
75,9.867184245341464,605.3602312371111,0,0
83,94.4340791126076,605.4800164551212,0,0
77,4.0442401113841715,605.6064464431114,0,0
196,65.84063083561053,605.8309328235907,1,1
67,6.256936161529258,606.2540661534678,0,0
68,9.47221903336584,606.4144185032358,0,0
65,16.48189936188597,606.7074532827852,0,0
65,7.481429455248294,606.7888450934529,1,0
17,35.656469939270636,606.7953198787887,0,0
120,77.56766248418576,607.001933495341,0,0
5,46.60361606594718,607.9742021992128,0,0
45,55.95865518116343,607.9777535946553,0,0
40,5.054426130837917,608.2056416743692,0,0
58,15.751395715158559,608.2327752929102,0,0
151,32.053970727725144,608.7296870751084,0,0
119,47.99951535636566,608.7743552723239,1,0
198,115.97248823740476,608.9658034338787,0,0
70,58.50075099220173,609.0832810460727,0,0
185,49.22928271938828,609.1563579685073,0,0
8,279.66587318081946,609.2507011283913,0,0
100,22.11617146892338,609.3078216569708,0,0
159,15.043433170064546,609.3669722327779,0,0
106,23.983303569919578,609.4766493024468,0,0
186,8.044167094943546,609.5085105048278,0,0
62,21.490990176997784,609.5507157272282,0,0
6,3.5720790964156452,609.7203180080148,0,0
154,11.828134383898945,609.7494262420171,0,0
13,17.89759091319887,610.0924481418145,0,0
152,51.91642898510964,610.473126823545,0,0
146,61.013218925084054,611.0031573292586,0,0
168,7.662842015554937,611.0414547460771,1,0
95,160.13759812925383,611.1159012435431,0,0
179,23.298138820659318,611.3272670189327,0,0
33,25.534869923283544,611.390607263687,0,0
86,3.984080379163489,611.561917230076,0,0
24,10.804282787052005,611.612509423796,0,0
153,57.38734516627414,611.7013850142972,0,0
142,23.802210695114287,611.7531857611704,0,0
161,22.37210177702642,611.8981547376981,0,0
152,25.208271393826685,612.1889172979053,0,0
61,4.743596934712516,612.2042533118766,0,0
13,18.235886649886343,612.3104528301836,0,0
185,82.13221733834484,612.4045993824537,0,0
98,59.54352883066164,612.4972550026727,0,0
18,17.721889277885033,612.7466307782926,0,0
185,95.93478851646553,612.9064988455802,0,0
198,5.702481854988645,613.1821149336589,0,0
89,7.60117115789934,613.1876416808154,0,0
154,129.49242395591062,613.3448561375119,0,0
7,35.80090306287668,613.4148256331454,0,0
18,15.046007263603535,613.4368387820243,0,0
55,19.004607199664196,613.5690204053644,0,0
131,8.965365598502398,614.4560228033489,0,0
26,26.485372562108523,614.6166183460988,0,0
6,24.468545763142025,614.6284816832401,0,0
133,62.076655890064664,614.9199692146891,1,1
154,6.29807344839751,614.9403111421925,0,0
147,26.173726730094515,614.943897575192,0,0
159,11.828224327098999,614.986060612603,0,0
160,7.493400797266738,615.0258048203943,0,0
120,71.28903234518111,615.118342784107,0,0
103,175.86582702144653,615.1628095153189,1,0
171,140.13694580491938,615.2326101831776,0,0
69,38.47938963372553,615.2593449903812,1,0
19,15.400730154427603,615.5604926139839,1,0
150,18.720972460853545,615.7180414686338,0,0
55,30.132437926568933,615.8244008695691,0,0
195,13.19386894119383,615.9122565386427,0,0
82,75.09921155569705,616.0359316298004,0,0
170,2.622878832754274,616.1820494643545,0,0
8,14.943470461660015,616.293006345851,0,0
131,44.74910712766151,616.2989761253699,0,0
89,8.626512869715851,616.4338769943611,0,0
92,15.797490666155621,616.4604454668599,0,0
53,36.36633253389716,616.5710752563043,0,0
194,91.67677787788541,616.677120649146,0,0
78,5.50722968828647,616.7341275474172,0,0
170,5.113711759436968,616.8461184734208,0,0
85,7.798799504417413,616.8504127944788,0,0
9,4.31658314003696,617.1541887230993,0,0
175,4.6349320772179325,617.2131691847147,0,0
37,7.593850707191777,618.006723906621,0,0
54,68.95771897129889,618.0728292526915,0,0
172,14.701112657861287,618.2446467483821,0,0
178,20.725713058694385,618.45569977927,0,0
183,7.7255710566751725,618.6085046617659,0,0
85,37.84644586948316,618.9698168942307,0,0
151,131.07425934631274,618.9912465711883,0,0
65,8.267813758295894,619.0920409431845,1,0
148,112.70213568850434,619.2046786050748,0,0
100,28.91684748340852,619.2171236760863,0,0
10,160.3725809023608,619.5093475309084,1,1
83,29.96781080133055,619.6057597970151,0,0
93,29.68157547603466,619.7280205427061,0,0
51,128.65114246023361,619.7527403673153,0,0
74,33.7918865853824,619.8380413351156,0,0
100,34.50510110215846,620.0908862532871,0,0
9,13.177359664196784,620.0942719693188,0,0
30,46.482557582199824,620.514071598055,0,0
153,7.714896161133789,620.9844242281044,0,0
70,22.39872392444554,621.1181705422256,0,0
121,358.9860593287039,621.163305549313,0,0
113,1.641827712868402,621.3069899674765,0,0
110,25.35933726985625,621.4691017158102,0,0
82,26.3540752343427,621.7141806455169,0,0
96,15.989159438458353,621.792050294991,0,0
164,16.370496796923977,621.8510683837466,0,0
193,22.008082520013637,621.9539641899036,0,0
51,15.611326750406342,621.9709645333257,0,0
133,25.077718151262403,621.9787635655076,0,0
193,12.33436530905837,622.1336189343473,0,0
1,151.7740374051115,622.1798473107832,1,0
156,15.611163334503125,622.4042749887255,1,0
99,35.50279435556081,622.9320874472704,0,0
193,10.287853218668808,622.9730520514814,0,0
115,51.0672315571429,623.1109360479122,0,0
167,41.82389334515188,623.2946654552544,0,0
33,30.546809247078503,623.5157556176578,0,0
28,7.189809266558788,623.5622749323619,0,0
185,9.46496379431645,623.6427101887756,0,0
105,108.43739325471998,623.6941822254468,0,0
111,9.360758207553985,623.7185568595002,0,0
33,38.12621755217925,624.1262849379906,0,0
45,7.809404166332641,624.2440326167502,0,0
163,55.05778310258619,624.658697723503,0,0
60,10.110784662192291,624.6704632126986,0,0
116,7.666131438542332,624.9724519914159,0,0
63,9.851832941493845,625.0714751009289,0,0
52,11.544364586834481,625.1321724520736,0,0
33,30.10446064388664,625.2779127878775,0,0
185,21.528630622765586,625.3196346186311,0,0
188,6.7183589449194345,625.4969585785441,0,0
23,19.531977342927636,625.5372162193585,0,0
70,6.4012839837777475,625.5717055358514,0,0
112,38.22758460140482,625.5973680420981,1,0
76,45.92009858396736,625.7461467733409,0,0
144,19.610255348225603,625.8296237979561,0,0
52,26.354878574508483,625.9446075652319,1,0
11,115.83005927256079,626.0091287289761,0,0
67,17.156841367224462,626.172692909015,0,0
119,7.812633086185037,626.2968345923346,0,0
36,35.84468272415242,626.4186342171391,0,0
163,6.471100807055486,626.4686805219159,0,0
3,252.05193046175478,626.748557627131,1,1
2,16.271759134214847,626.928028788862,0,0
13,11.034314904550454,627.181819098982,0,0
61,44.6305964937617,627.5627786840855,0,1
101,9.956047612551115,627.8327018811976,0,0
102,15.641261717777612,628.3801860752804,0,0
58,49.397080646062975,628.4199830366864,0,0
51,60.6833152722073,628.5822579962091,0,0
13,50.714195578373186,628.7327541747942,0,0
132,28.116429610553844,629.2739442769532,1,0
75,15.522389082128505,629.6440313614885,0,0
23,1.9006102229842097,629.7374965269165,0,0
79,29.010591669159904,629.872671077319,0,0
187,2.055806596341798,629.8926111397176,0,0
52,2.934780676369834,629.9259843402642,0,0
178,17.087246118596077,629.9273308006761,0,0
51,26.169045547480007,630.0167895172469,0,0
37,12.793216841087625,630.0719258842603,0,0
52,93.27304399588556,630.1741026326227,0,0
64,31.883915219052753,630.212028228611,0,0
24,15.651896522725183,630.3155326518539,0,0
117,80.34339975951002,630.5225411998385,0,0
66,96.0734830946742,630.5317098935095,1,0
143,33.53396123334529,630.5371317789458,0,0
98,9.251098860907916,630.587975686112,1,0
88,11.585213294486644,630.6081072691543,0,0
94,4.726860721921341,630.9681619662124,0,0
31,19.251387194694257,631.004220540633,0,0
142,7.028396307658215,631.193216281172,1,0
20,14.453335679690555,631.5662637928199,0,0
144,26.065179453844426,631.73363593762,0,0
199,2.7629290251189644,631.7474970357999,0,0
152,5.676067954505949,631.766098622128,0,0
91,12.099352577321062,631.7730185351925,0,0
62,19.057726907502804,631.7834264814668,0,0
174,12.2571470591776,631.8970537006122,0,0
51,15.32494769266667,632.0979191433651,0,0
96,9.912660751458276,632.107362108027,0,0
154,4.714298658695889,632.1534343147472,0,0
184,11.766414243041508,632.1810763343336,0,0
184,16.22951462546401,632.3866062435778,0,0
17,14.725930161333464,632.4355734659858,0,0
179,22.461346955046757,632.4356715745647,0,0
22,30.53564135777148,632.4999518851113,0,0
116,39.714891848718935,632.8289037223593,0,0
185,10.659474962634976,632.8575881182493,0,0
130,13.024191613239317,632.882797057958,1,1
189,71.63590148796798,632.9119179402986,1,0
68,29.53115818503751,632.9497530177457,0,0
62,7.731768719854284,632.9616848903796,0,0
65,26.51485273353571,633.0426169057673,0,0
71,58.43965791577716,633.0515176079838,0,0
136,113.20230471550028,633.1848544163942,0,0
90,25.806083950359696,633.1929450866412,0,0
147,57.95521965039666,633.216136024711,0,0
83,5.991836309606282,633.4390483638269,0,0
61,19.37720254273344,633.6403192858014,0,0
38,14.367767803269613,633.8555150492269,0,0
110,28.291738937636417,633.9779829787095,0,0
179,100.60419287109472,634.1781153872014,0,0
171,25.787487515807207,634.2095021836122,0,0
50,7.864109136470548,634.4390308506764,0,0
95,5.677786295828714,634.4879152836305,0,0
141,104.14457341051792,634.5998671354803,1,0
122,33.575391821728175,634.7255039023552,0,0
13,148.04301102784734,634.7643992948615,1,1
118,14.243043490915644,634.8379847578349,0,0
7,26.255140138484936,634.9731963400278,0,0
23,7.4860410562632556,635.0959507954351,0,0
130,29.582955142897728,635.1011993487616,0,0
20,6.203600587622462,635.6227191440977,0,0
67,14.023178320795196,635.6502024956668,0,0
117,10.560354537491198,635.8513550658649,0,0
131,0.7730839428713526,636.0085949061369,0,0
89,14.199849606599589,636.0344511058963,0,0
18,8.175432131732812,636.1427013286474,0,0
159,16.274673331715793,636.1570125009673,0,0
189,20.120170120355557,636.3628099910147,0,0
177,117.67563023302364,636.4177048137477,0,0
149,27.240613339372523,636.4744431487504,0,0
80,28.053478444126895,636.8386666352407,0,0
175,32.97052020923486,636.8507909040057,0,0
97,48.02916892317804,636.9192019082019,1,0
27,31.635485640700722,637.139277492827,0,0
170,26.621336662547034,637.1784010192364,0,0
64,40.90477966979839,637.3172711763656,0,0
187,1.7742283201209414,637.3227119563682,0,0
73,162.2359218042607,637.659914544573,0,0
173,98.46782496486637,637.6773024326699,0,0
107,24.956536001009876,637.7365074922701,0,0
93,4.8890281900294825,637.8398605038241,0,0
59,67.38014786655181,637.9020814267341,0,0
167,10.03544675496832,638.0771856403709,0,0
12,34.25529038497891,638.2083018187952,0,0
93,5.568325599335335,638.3216978397204,0,0
73,186.12284244572595,638.3848018520314,0,0
108,4.748283754390172,638.5002762820548,0,0
50,21.520071769812866,638.656265202036,0,0
132,2.4056323141518736,638.6680946379979,1,0
77,19.274395321013778,638.9444866584502,0,0
37,13.127572573376924,639.130447144801,1,0
39,62.626179521729,639.1519826702295,0,0
139,13.12633566704466,639.188406513999,0,0
52,62.71643803190677,639.7227120886872,0,0
125,15.150573665609008,639.932755810632,0,0
65,15.45740075743242,639.9478677669571,0,0
77,32.96967684775336,640.2223334265605,0,0
48,29.03129617113189,640.2973325523936,0,0
69,41.356316010629676,640.8105653951436,0,0
138,26.228080281102933,640.9170414698942,0,0
106,38.91247240503099,640.9857122253297,0,0
199,8.18363207737975,641.0577611910585,0,0
154,29.630334977806886,641.3610862632212,1,0
3,100.30403539869896,641.9345589635989,0,0
75,3.7434484520746554,642.0253040821468,0,0
57,32.75343869758733,642.1595053261079,0,0
117,39.51892922241635,642.2684515442988,1,0
53,86.59017681799727,642.460484326939,0,0
193,41.51467309458368,642.5115148487282,0,0
59,22.204965658098704,642.58662178057,1,0
104,30.878902864005482,642.5887227909551,0,0
24,9.630760218628957,642.748376671625,0,0
181,13.626711231593445,642.8915966611318,0,0
182,5.2819595739613305,643.0538203704233,0,0
158,88.85710470725704,643.1644701892671,0,0
70,31.505348307243207,643.8882740261347,1,0
11,8.035647168865585,644.340875317575,1,0
142,26.347067083479768,644.5181647970925,0,0
85,64.02974301378138,644.8839009906548,0,0
198,54.20603913830118,644.9262035509068,0,0
139,7.943558803212866,644.9720377293228,0,0
107,0.8747310459953289,645.0505329426366,0,0
197,29.826166684730737,645.3252725588277,0,0
160,8.274101771839856,645.3936356746474,0,0
91,37.42457244707198,645.5569767461525,0,0
18,61.168546490157254,645.9190876487903,0,0
88,114.97796323741366,646.044240623833,0,0
112,69.15545338170992,646.7297974341968,0,0
6,115.53214798712703,646.7403205282635,0,0
25,79.76304829256902,646.8064604657488,0,0
140,87.02692678308364,647.1481624825809,0,0
150,19.281225697861608,647.2407314395077,0,0
5,5.5326868679051415,647.7124733160025,0,0
101,240.39183899638115,647.7787812213028,0,0
16,21.390629134535338,648.1338444754894,0,0
144,68.62851122924283,648.490823828815,0,0
166,11.585162319631452,648.7958254684872,0,0
173,52.66349086692474,648.8506218590012,0,0
13,626.2432129507016,649.0516475119728,1,1
119,1.74200487156159,649.1335155592099,0,0
179,452.0231545697178,649.1807072819785,1,1
125,13.323862612515596,649.246620934053,0,0
185,18.20304552473965,649.3799972535871,1,0
122,31.90008799673032,649.4073769308918,0,0
89,58.675641606654374,649.5477612544809,0,0
150,6.725169155257345,649.6583075409798,0,0
118,38.86010666971597,649.7063425894622,0,0
168,68.48857730124685,649.7927765445014,0,0
104,209.74900104848484,650.7293098161388,0,0
173,40.716278834197546,650.7807811027358,0,0
8,12.685936510624394,651.1375440659816,0,0
7,5.6307088657894155,651.244572302002,0,0
19,125.11111943122717,651.7341528242223,0,0
111,41.98623958165066,651.738784473693,0,0
141,19.648959169119827,651.9938748735304,1,0
43,3.975623955711786,652.0267074547912,0,0
31,7.915446068480561,652.0445258885912,0,0
172,37.76264130984842,652.1450629174868,1,0
150,28.61219495939199,652.4753303141173,0,0
129,2.8681534945807696,652.5454970396096,0,0
97,37.81147229709211,652.9012225959962,0,0
84,4.185237914966959,652.9697409999824,0,0
4,77.78970287260589,653.0077607346449,0,0
37,24.74332893999681,653.1821088023611,0,0
179,12.636362257968683,653.2284894111563,0,0
67,54.06323279072046,653.3389343474448,0,0
140,28.60264764227642,653.5410505476642,0,0
140,75.56004275727848,653.617477988971,1,0
61,21.7687534450659,653.651641413018,0,0
40,23.076605753205943,653.7118484293868,0,0
138,15.10082785876919,653.7205775118651,0,0
18,26.12694462096775,653.7899246727656,0,0
98,109.72210814959469,654.0027478950961,0,0
177,12.148865973777385,654.0088863899493,0,0
142,38.39607148686609,654.2047962108086,0,0
152,8.327442756181892,654.4605639959165,1,0
16,2.5428052031880424,654.5167342547644,0,0
39,24.716196077041495,654.5693311688278,1,0
55,29.090318565237972,654.6969472609948,0,0
58,17.992387118246402,655.0504443571441,0,0
38,4.499719354783372,655.0513524028762,1,0
194,27.229503545966306,655.1060332049994,0,0
32,26.214524676942677,655.1547645005721,0,0
141,8.258305068075448,655.1835166923253,0,0
117,5.18883098737815,655.2645653737433,0,0
122,15.605322973337188,655.4968846787705,0,0
42,38.58753306755264,655.6781104200314,0,0
61,30.467322986669082,655.8374902288302,0,0
121,8.324167261094297,655.8429238055339,0,0
59,23.032933545312805,655.909804438419,0,0
138,48.770538216673174,656.5475395202541,0,0
7,6.21729105844065,656.6311062514663,0,0
14,21.394959738379463,656.7386435278736,0,0
145,76.68000475365635,656.7878450942469,0,0
123,5.612901822450147,656.8833091324589,0,0
8,63.78552546677403,657.0594343420574,0,0
179,101.41159688526567,657.1439933340108,0,0
0,16.083509217000042,657.1705688504109,0,0
191,14.253341650084273,657.2974203951655,0,0
145,56.43527572018506,657.5155621261955,0,0
197,16.674316892082114,657.5891737192414,0,0
189,1.90956085983105,657.6343967247129,0,0
62,18.196065789624985,657.672235065406,0,0
151,32.14972728913318,657.7507068141523,0,0
42,42.101520380295476,657.9583844347516,0,0
94,8.325897478224498,658.0833879246967,0,0
48,15.335936735818652,658.0944455625446,0,0
97,53.35177585923787,658.1236178350451,0,0
174,18.915872389406452,658.5114559476684,0,0
87,4.354727366958356,658.6864910658951,0,0
18,69.24410462124669,658.8996506964713,0,0
64,16.21422555545093,658.9769587418739,0,0
157,59.81274570835307,658.9881011117309,0,0
104,4.975586753874697,658.999587979187,0,0
112,17.796703658267905,659.0350999367723,0,0
86,33.43943939850606,659.085794704535,0,0
58,18.409284661204573,659.1156123795948,0,0
119,6.153332455082963,659.5389034793598,0,0
126,1.8463241068107625,659.561998537316,0,0
123,25.739794073960024,659.7374644187864,0,0
199,64.50876156484081,659.7696401141347,0,0
165,50.839270605745014,659.7982155041104,0,0
15,36.48301559475679,659.8319385088126,1,0
78,14.565600883335412,659.9806993724079,1,0
76,32.778307032881806,659.9951713409286,0,0
0,84.14461673770546,660.0098048395444,0,0
36,21.82401411168025,660.0204562214518,0,0
152,134.51840695998115,660.2087418204849,0,0
70,4.4842807445097455,660.9186011684662,0,0
29,4.027280719342306,661.2199274883717,0,0
57,53.950945364165456,661.2452722010158,0,0
54,8.857433619678092,661.2650882005835,0,0
34,154.98633014680286,661.3815233297745,0,0
20,76.50387332368781,661.4385228441325,0,0
152,98.2555273083226,661.5345549472866,0,0
164,48.63951690473109,661.6150004232647,0,0
99,52.85488883380833,661.7427321373601,1,1
123,3.8215587910349744,661.7589584879557,0,0
183,89.59456585384338,661.7951272319845,0,0
168,4.483624654591214,661.8399115457162,0,0
6,97.99198481537015,661.873868156211,0,0
190,39.23678737740092,661.9657855447754,0,0
13,18.610898429219898,662.0207821272658,0,0
5,31.250884642299383,662.239739060837,0,0
80,31.9857642122452,662.6609001322595,0,0
149,16.405056515319966,662.6883405312428,0,0
16,83.57021986510108,663.2859619572256,0,0
58,80.75346412791642,663.7833509574886,0,0
52,23.468504819882476,663.8143206263106,0,0
79,11.02323825720789,664.0798739870202,0,0
197,74.13991449303094,664.120493276854,0,0
66,2.657642947121253,664.3721489941205,0,0
41,31.308593325681898,664.4623413061372,0,0
24,42.0801068740557,664.5192622849257,0,0
39,8.772731042153339,664.5542303918859,0,0
26,53.185483226959,664.5705545143818,0,0
114,19.562493551868524,664.7209453941239,0,0
84,11.638282478827431,664.7850448633833,0,0
99,52.626686535191396,665.1423933005387,1,0
166,6.782295210599946,665.3697472686351,0,0
116,47.90372830493089,665.4818762489238,0,0
31,2.7666958829490302,665.4886267749182,0,0
75,26.72780600023999,665.7258085079167,0,0
62,20.985756720738703,665.748158154093,0,0
165,11.708373073222088,666.3231847467774,0,0
61,29.654825706165404,666.6063687917645,0,0
27,18.549259528065477,666.8511813179017,1,0
147,57.667607879456575,666.9239911715326,0,0
85,35.16850679500725,667.0019765984813,0,0
19,31.58537613296031,667.1431614084257,0,0
137,26.892870211054703,667.38986104296,0,0
42,12.526338950000666,667.4032798074086,0,0
173,14.85291957087976,668.0435170199162,0,0
166,25.744366853863692,668.0504893160261,1,0
73,16.888628284920273,668.0579223333517,0,0
111,61.03532716747297,668.3318266407589,0,0
113,22.053034016419108,668.3811358299291,0,0
130,29.25254585959427,668.540257813612,0,0
13,4.939756636423477,668.8296123309785,0,0
64,51.58496592853341,668.8371138273648,0,0
34,11.232668987083919,669.1862916332549,0,0
139,7.080513389396124,669.1949472079434,1,0
103,40.351215671678794,669.5168716461353,0,0
145,53.36183120171671,669.7309886962348,0,0
189,31.642342712574987,669.7742531766953,0,0
57,18.29905106435922,670.027875031371,0,0
1,15.186334720633624,670.1120504680657,0,0
144,43.77707092537468,670.495196505213,0,0
0,62.33474919197643,670.6792364217788,0,0
13,18.761675502203552,670.7922205629869,0,0
198,159.57960118146042,670.8344256354574,0,0
172,16.48880144676431,670.8921260781481,0,0
141,4.98279787274461,670.9132668765243,0,0
167,3.591167142539311,670.9134893726272,0,0
15,3.7144277630043376,671.1193870670604,0,0
17,13.279057995087726,671.1216828272438,0,0
60,15.92646162262762,671.3798769619738,0,0
4,39.74959441610632,671.3856502868297,0,0
177,19.51907055314879,671.5771747253698,0,0
11,46.68257807762429,671.7456191874753,0,0
108,21.007779733585362,671.81417386448,0,0
170,20.358966439525776,672.03961692835,1,0
146,11.273841447323797,672.9719240645353,0,0
46,83.31165542038693,673.0251487529608,0,0
94,4.3427843748354125,673.1696281434126,0,0
109,27.148187644159584,673.5966168523101,0,0
153,16.749183959538744,673.6368862582138,0,0
85,43.89298873882942,673.6922203665905,0,0
57,19.67149431669566,673.9542146410727,0,0
159,20.259902889906748,674.1205148193593,0,0
177,15.384497978967811,674.2446585901117,0,0
97,80.9034448008043,674.5727088163281,0,0
5,20.13391859343065,674.6508006309099,0,0
100,143.97666122491427,674.6851619133851,0,0
177,26.370529548204903,674.8641388593533,0,0
197,20.52738484508207,674.8994315367249,0,0
80,17.368757392782225,675.0448710527486,1,0
30,35.312849269843724,675.0469863165218,0,0
114,11.151863646161825,675.1479114259052,0,0
166,23.23692013846185,675.7996829567384,0,0
189,20.249639969444807,676.458028785368,0,0
10,27.805885287079633,676.4722853612711,0,0
58,28.503598038235346,676.598578576416,0,0
95,30.02393449824768,676.707904243865,0,0
19,22.085134743752302,676.7874674675946,0,0
177,96.44216404495019,677.05301702749,0,0
22,30.648043176446613,677.2399186806422,0,0
133,272.05011301704593,677.6449987141335,0,0
183,21.112207096326443,677.7676634739558,0,0
137,52.400351140293054,677.7841689145777,1,0
152,9.717717751024036,678.3352372281907,0,0
52,81.51517957119597,678.6033258481065,0,0
165,9.93154508091542,678.6066695902608,1,0
83,31.686097434702592,678.790506735226,1,0
12,15.418572641302747,678.8093501719169,0,0
73,31.56370224108775,679.6419306210695,0,0
69,15.88227588314663,679.6422788578002,1,0
104,9.122529344851976,679.7628831575003,0,0
52,15.308492047421941,679.7848655955355,0,0
92,93.83896023945701,679.9030124537809,0,0
85,32.0493296856977,679.9458377935972,0,0
65,5.535323275360275,680.0262165523781,0,0
139,60.062320684247425,680.0613594138906,0,0
61,8.235761410713037,680.2597237997077,0,0
153,42.23964724087757,680.3977160839235,0,0
50,34.92368134256163,681.6865402905502,0,0
172,37.200063425021895,681.7624496163055,0,0
73,128.14842547651332,681.779684465266,0,0
8,8.77019529879536,681.8851021618286,0,0
29,36.99544422047408,682.1162724252722,0,0
161,70.78085909853024,682.1811329328984,0,0
174,10.555618721358625,682.6663328506805,0,0
42,9.528110405691818,683.0254568996584,0,0
120,15.071604265623053,683.1161317477529,1,0
114,27.791578296377075,683.4620261561967,0,0
26,4.901413956488296,683.6923948706351,0,0
90,34.86215967061406,683.7141908885714,0,0
138,4.911666326448912,683.7374794872599,0,0
193,73.20991230537314,684.0012748134296,0,0
169,33.574499255467735,684.0248135069769,0,0
19,136.06597414732798,684.0382720863513,0,0
47,39.204195165931296,684.3573142579484,0,0
87,14.809065823539596,684.4236365153472,0,0
30,9.036960272192898,684.4671929872336,0,0
114,25.50542202715088,684.4786858580297,0,0
1,19.487035757511073,684.7522950044804,0,0
22,65.76837073706591,684.8783186189584,0,0
9,7.935776316378654,684.9215622767646,0,0
59,151.54793847288008,685.1103790682034,0,0
152,71.86410763712381,685.3193630621776,0,0
35,16.386803884487023,685.4628229583218,0,0
197,121.24592216675181,685.476159096027,0,0
53,9.178574459544672,685.5845222944166,0,0
8,24.670045870798308,685.6458534362292,0,0
67,5.6042707915733665,685.6536943912546,1,0
149,127.3028962018989,686.0045876943241,0,0
21,3.8675188868042216,686.1087292507303,0,0
14,4.756719755725775,686.1214900978645,0,0
169,10.647092955171344,686.306717646227,0,0
118,75.3635453499847,686.4625790304697,1,0
68,52.18759829356896,686.5207306762828,1,0
151,22.692866595997533,686.771920764105,0,0
168,55.641326702211614,686.8560363457586,0,0
71,17.896161979236943,686.8642912323005,0,0
112,30.64375161954031,686.9579609304055,0,0
2,104.76566306135942,687.0731592676428,0,0
61,15.695611120294215,687.2579001965796,1,0
119,9.333661477832903,687.2888497484264,0,0
39,32.1486903528094,687.3875365723428,0,0
198,42.10953954304643,687.8751965310589,0,0
194,22.431085382853095,687.980065264287,0,0
51,54.783075976295926,688.1898283325226,0,0
79,16.42395375089994,688.2195846160263,0,0
37,22.81791583389296,688.240013393756,0,0
100,29.21186266903627,688.3086739249452,1,0
24,26.772119746043934,688.454938838617,0,0
78,100.81343487931723,688.5647568528609,0,0
111,29.065626323986844,688.9597922276582,0,0
122,14.82178214116752,689.0691266874554,0,0
119,34.05516471754504,689.1977874307245,0,0
44,55.08353439923838,689.4665526198037,0,0
158,43.56418821018908,689.4808746636544,0,0
138,41.21521858011943,689.5392537711047,0,0
150,4.490436245937127,689.7022795934893,0,0
93,1.6611122085398058,689.8266569956678,0,0
178,71.89915689789463,690.3298004729071,0,0
77,31.151345739367084,690.4989964889585,0,0
161,19.656785236832267,690.5328034175898,0,0
40,40.217934492020945,690.5533234100651,1,0
49,138.00776278853021,690.6027881282748,0,0
105,82.56048414260182,690.7530760669663,0,0
111,52.573940688205646,690.7680613954616,0,0
149,8.27529332005597,690.9093086828362,0,0
59,9.423524760802525,690.9704778053714,0,0
174,1.8470602453483747,691.0659597145515,0,0
65,211.6280626799053,691.103057398005,1,1
106,60.863107164428214,691.158541927967,0,0
186,66.03454711343151,691.3627232565369,0,0
107,39.46564202643639,691.5819340113874,0,0
136,17.21761765336404,692.0441214456115,0,0
181,11.424070057810594,692.1075720588334,0,0
194,8.798974705074254,692.5073338082011,0,0
99,17.057246887807885,692.5197651785047,0,0
83,7.554729160966968,692.5579929853852,0,0
39,116.27453372637441,692.6091737652306,0,0
107,5.4609810163102885,692.6503419495792,0,0
183,16.49317605785573,692.7939760446761,0,0
97,2.8973067151995435,692.8885452605127,0,0
69,27.019392834079554,693.1395735641984,0,0
21,20.0377158512681,693.6331317973353,0,0
77,14.058253293797513,693.7353821226071,0,0
47,7.90279689351135,694.0898656990538,0,0
195,20.135045128307915,694.2835070669578,0,0
105,11.652713950265625,694.3133425571014,0,0
27,17.51630411007516,694.3442459978879,0,0
13,142.22780062005404,694.498467194144,0,0
170,23.85937485764563,694.9023242813273,0,0
186,34.22194852550521,694.9067555723868,0,0
152,12.623185276057951,695.2170971480589,0,0
24,9.166582098330968,695.7337588275016,1,0
19,19.62967175504676,695.8628932956364,0,0
39,245.65448222915012,696.0510537638947,0,0
150,15.067985162189768,696.0550971692189,0,0
153,28.830613846664264,696.0700538222635,0,0
167,8.77232153788454,696.110312219208,0,0
19,1.2772737984156273,696.2019398171499,0,0
30,9.117254052989315,696.29198363781,1,0
180,217.17631330632005,696.537585862821,0,0
185,36.42991561744514,696.6374437958805,0,0
145,103.64008761309996,696.8928466680193,0,0
13,1.9025001626440374,697.3594638499841,0,0
11,6.627919781624066,697.4283408316029,0,0
138,29.875082180038785,697.5458814694732,0,0
169,25.47286736883093,697.6169881360456,1,0
126,19.877256792886296,697.6619303335495,0,0
52,11.819503281860532,697.6741437913778,1,0
151,51.40398439160696,697.7424438712256,1,0
11,12.166099154527044,697.9347998629822,0,0
165,27.325405399442435,698.251469580518,0,0
178,24.418185572278233,698.3509557958623,0,0
143,13.894562223291391,698.498288091533,0,0
54,154.30335601645652,698.5010585003533,1,1
21,105.42678662428483,698.9196588469874,0,1
175,8.320346902371142,698.9995078971375,1,0
117,13.100755670010594,699.3081477135852,0,0
93,130.79376670117324,699.378497341566,1,0
151,33.171385790855624,699.4414176403926,1,1
64,61.09608954725671,699.5348099338005,0,0
184,55.7227627981697,699.8359267452746,0,0
139,9.148009304112152,700.1727728654677,0,0
38,4.769830296592605,700.6036705325656,0,0
191,60.12911794189013,700.7443128703086,0,0
11,49.63852571952911,700.7989749835524,0,0
117,23.040394928680712,700.8110522970521,0,0
38,13.86628164761366,701.0381326848037,0,0
132,4.646226318754334,701.105592793426,0,0
82,47.81791903117661,701.2901883207061,0,0
87,65.76811293138715,701.3589256660192,0,0
134,10.184913650204962,701.4389996414278,0,0
76,69.48159692137371,701.6406426304482,0,0
199,10.571223413257474,701.8267201528394,0,0
99,118.99246929293136,701.9731457451152,0,0
32,18.01037970786779,702.2911131548796,0,0
1,13.64588885023633,702.6441064425528,0,0
40,21.012300434280586,702.8646223378242,0,0
138,13.644933296248674,702.8958890452819,0,0
107,61.94286242519299,703.1109696862057,0,0
67,48.70638545059668,703.1375928888006,0,0
96,59.62686888799983,703.4445849715145,0,0
167,24.155684627323264,703.5205827319799,0,0
114,12.725979089685248,703.8043085728303,0,0
11,19.90430405613485,704.190773092059,0,0
9,13.122170554395769,704.4265600001831,0,0
96,87.05991094278544,704.7422312018697,0,0
80,54.72243238456117,704.8629062282955,0,0
170,18.328861216143213,705.0457542635818,0,0
116,42.53827803273376,705.0551325024919,1,1
151,93.76950421796771,705.3276104094873,0,0
117,23.02738444055881,705.3569651920055,0,0
69,17.63406494858269,705.436945232918,0,0
131,94.59955005141254,705.437189603814,0,0
124,12.061893512226481,705.6091043603706,0,0
144,14.600752940774541,705.7761301986822,0,0
37,15.946526825377992,706.0609981026635,1,0
128,5.383995886710274,706.1453768940136,0,0
57,27.542640444905114,706.3062775313863,0,0
158,9.37133212518191,706.4005936465979,0,0
159,11.350686965481293,706.5088205356719,0,0
124,9.9300401425158,706.5190972751564,0,0
189,11.16662921968291,707.1875097388615,0,0
107,8.680555601248605,707.2061021809811,0,0
5,25.718592595112405,707.2061972872592,1,0
121,17.19135957853723,707.7639593348556,1,0
155,21.073327434671167,708.0334928470481,0,0
20,211.40761117674555,708.3507601667566,1,0
20,17.191908187410878,708.4041579188402,1,0
168,41.21282932785348,708.9012299111624,0,0
105,18.86188795088651,708.9173111526694,0,0
195,26.41148970429586,709.4130647300994,0,0
174,20.505603500115246,709.4624847611199,0,0
110,24.59537447314215,709.8143043184759,0,0
135,11.17281069843294,710.0361532480515,0,0
66,12.253219152413788,710.3448546639055,0,0
18,20.42832163113054,710.3455746113456,0,0
79,2.7957386750627085,710.3706606179744,0,0
118,89.66430835957965,710.4227050933413,0,0
36,174.31395597065904,710.4326249025224,1,0
44,23.81582462465258,710.5623858273658,0,0
2,39.07446471303235,710.6000984668041,0,0
146,59.208059335642574,710.7820119952696,0,0
179,5.340558632999088,710.8849178119123,0,0
165,50.81938850656099,711.3160288169457,1,0
75,13.112424365264184,711.4870256811481,0,0
118,198.4871236610359,711.6821379589896,0,0
192,16.638851789897956,711.8366798952593,0,0
118,49.80832920568963,712.1361132304256,0,0
59,16.803497842358407,712.2493792927744,0,0
67,180.67372067401567,712.3967328238163,0,0
145,12.032962788066039,712.5541176036555,0,0
89,64.39839995145734,712.6338480353601,0,0
167,37.58773808513975,712.9048421201495,0,0
172,30.093522873267357,713.1183688262321,0,0
7,25.25457685917058,713.2305088748598,0,0
144,10.308692612768091,713.2498368253165,0,0
73,1.5127719396413706,713.4234077563656,0,0
103,58.81471675053633,713.4281841615873,0,0
52,12.319223021201894,713.5201786150718,0,0
73,64.68958039783557,713.5414596187701,0,0
66,28.55116577207972,713.5968415893108,0,0
10,66.70345702375752,713.6640221589008,0,0
156,44.785862485999914,713.8065951976471,0,0
28,1.707968785140991,714.0744966619468,0,0
75,37.14746813115975,714.1646294853108,0,0
38,14.243839741229998,714.4179892655394,0,0
32,64.393402825699,714.5158867876362,0,0
74,36.27785482302716,714.5702710380099,0,0
183,36.70705746110934,714.7092920396664,0,0
188,15.298537021117546,715.0311811566978,0,0
76,8.063871755705378,715.2952970018663,0,0
101,13.02815833826476,715.7451382323236,0,0
197,3.320474646320825,715.8806452194053,0,0
46,11.130134675661274,715.930968201863,0,0
188,4.645230064161972,716.2584657062196,0,0
21,4.769584509797711,716.2726848582408,0,0
45,22.566778506804233,716.3002106197985,0,0
67,34.262413585803095,716.6945243120402,0,0
7,19.456992554499124,716.7788489245983,0,0
163,12.19723763403254,716.7998157017589,0,0
171,7.78806035918963,716.8302192561475,0,0
76,14.626091278028607,716.8822564502846,0,0
167,8.826662397840638,717.1313436738195,0,0
154,18.86237614517094,717.2116254997972,0,0
160,4.386221831618418,717.310845316176,0,0
160,40.50063197070666,717.4837869368823,0,0
114,11.3926553237654,717.6002674622524,0,0
22,29.261038885682478,717.664804663896,0,0
184,48.77520042283816,717.774785719229,1,0
121,27.87892095444012,717.8589803802045,0,0
180,44.6621679913101,717.8896879748954,0,0
191,2.5430413258810076,718.0637346335766,0,0
37,12.269829173013479,718.3065363722643,0,0
80,60.526220436283694,718.3069877674875,0,0
38,33.42250710031278,718.3263221062721,0,0
10,127.54423754408461,718.3852662476596,0,0
193,110.42985024685957,718.7245064048548,0,0
184,27.101582864135384,718.744284875013,0,0
186,15.611711677074439,719.0607546146755,0,0
176,7.702625824787608,719.1815330820117,0,0
129,12.480799638229666,719.2019151031847,0,0
104,13.353160407999473,719.3088126039983,0,0
198,11.097843471744225,719.4671292279272,0,0
110,8.017785425465036,719.5608262904593,0,0
128,30.01137833302561,719.5744262791234,0,0
42,109.5783346193179,719.6323710921018,1,0
149,51.07304016352184,719.6530393302836,0,0
163,14.549839195920743,719.7946927652828,0,0
135,55.36949706360835,719.8998107096791,0,0
99,28.40743386823667,719.9834547007398,0,0
